UBIGEO,lst_mean_2001,lst_mean_2002,lst_mean_2003,lst_mean_2004,lst_mean_2005,lst_mean_2006,lst_mean_2007,lst_mean_2008,lst_mean_2009,lst_mean_2010,lst_mean_2011,lst_mean_2012,lst_mean_2013,lst_mean_2014,lst_mean_2015,lst_mean_2016,lst_mean_2017,lst_mean_2018,lst_mean_2019,lst_mean_2020,lst_mean_2021,lst_mean_2022,lst_mean_2023,lst_mean_2024
0102,24.35678989269918,24.006100496984224,23.63568720616432,24.184490681414683,23.943554999150187,25.04375695900305,24.787140258645184,23.961086502153783,25.150990421502016,25.095436416465315,23.669310046716756,24.28240262762142,24.562247657964022,25.0194359359416,24.70653735172731,25.44709049847836,24.19799920187006,24.43311477490291,23.617904146929988,24.539412078165757,24.25546993060498,24.452954456429293,24.859188402811935,24.249204056545867
0103,20.464047091482016,20.236814533364175,20.590102483976267,20.867697294200255,21.088838485934364,20.85854899464423,21.195071137902392,20.266496091106433,21.886029278915373,21.974405274921214,20.920742389283546,21.05458965600452,21.829768466407955,21.190883152534887,21.178121094452624,22.504619507755553,21.464992260427156,21.215483394999474,20.912930570831026,20.99927561647284,20.89908831020636,21.517806162190382,20.983162516795808,20.61115955795839
0101,20.0314423367258,19.889036940519592,21.33239838044423,21.106064841928262,21.58716003153591,20.579544896745485,21.002008976616768,20.28389842588433,21.39780172644172,21.573055412178572,19.952247995212286,20.438606038274667,20.51283574041116,20.600643283842313,20.467062283676732,21.765132752274987,20.768668395900804,20.908281136503472,20.02038020651102,20.641683103311735,20.22682990941386,20.983645214062566,20.199792464715486,19.538718819765187
0104,24.98069308276725,24.755084997476988,25.004438881625095,25.062434298077264,24.689785589632532,25.12097253148368,25.468843675568397,24.58624611848314,25.71286464054768,25.784657195410702,24.964863221483636,25.217346324163344,25.63207772687488,25.89773214089168,25.237934457756197,25.90463441180405,24.811656363065374,25.411015531202366,24.699332393525307,25.69464271465329,25.38774160086405,24.995368202008702,25.579621535471908,25.247519284693883
0105,20.718294191793635,20.243112420748528,21.915587286691345,21.500360202450786,22.365521003408187,21.73634904960556,21.734922981880274,20.868677587166548,21.63192218805678,22.35273211933806,20.921524610382008,21.38262459276845,21.522509112704128,21.021122393787373,21.220344919059855,22.53765065924686,21.426393364944804,21.623947626489663,20.38548943327413,21.258150698823727,20.66873767631329,21.880071456394592,20.95523038741566,20.541932414306732
0106,19.62322644178073,19.060312029614863,19.79739047264037,19.886694492761755,19.815365731815902,19.565371101705765,19.817807533238504,19.549258696424392,20.847404734400218,20.796903161004188,19.315661415576823,19.953044759923852,20.048461026403487,20.05028232880997,19.754960062637544,20.49535748674606,20.05257335373319,19.67926238540602,19.572892622604876,20.0473601078423,19.90373263111495,20.155679466662438,19.952298729614864,19.23174555256218
0107,24.95425520458071,23.691888901369772,24.59633372698944,24.148538013372193,24.484973250884202,25.818023149554918,24.477188802449156,23.070818931276115,25.511057005853424,25.647217164806072,23.953591973508935,24.154927901654506,25.071016427542514,23.98418496858152,24.46429367945538,26.15836258583244,24.41822768513549,24.69009194955241,23.429039391901423,24.34735777694754,23.292057382635125,24.398951028296768,24.228080543007124,24.08018811716752
0202,25.936910024126686,25.333150414420917,27.203720421807997,26.504396116270936,28.009623633036746,26.089221439456214,26.112667282555797,24.973312362600883,24.903989730730277,26.70582908741946,26.58480150494891,24.572648021749966,26.537971763673433,26.535783529336122,25.749109259141253,28.28395632499772,25.203547210888907,26.01791551723817,25.620299949967105,27.26577274568087,25.22396931649029,26.38114507806878,22.781506246786602,23.147635836493823
0203,25.523086959986944,22.878223422439927,25.74866062360522,23.540438342583183,25.18794325108557,24.804204274753506,24.945097207634692,24.377151514617545,24.12588871374424,25.28243560127545,24.01329362961928,25.19555344849322,24.264886971472883,23.843681247070965,25.473313751243218,26.861323400311473,24.37600982728898,24.196112451540795,24.735711415847998,24.58584811915665,23.982094400740987,25.940406433401776,23.144731400902007,22.74577343642896
0204,15.898119248106296,14.617395641508693,15.500263273241671,14.250741017899273,17.208641320379485,16.445364877870816,16.822093986451854,15.855556048261956,15.01986196355286,17.262975982451366,15.981663879990695,16.42648897989017,15.760699655756179,15.555943930425222,16.88099376302575,17.640425269495168,16.250556090044647,15.415480295281924,16.276983754996273,16.90521454446211,14.692795190334033,16.818882150944226,15.361182857799532,14.501895446352584
0205,22.698207971813062,21.74162958475851,23.742677677877822,22.305238708713247,25.02215394586518,22.940692899740046,23.48362999052335,23.07074193900218,22.312351373921476,24.086739949846326,23.185923362380787,22.604938807415433,22.951347754280256,22.88475895417385,23.45800825613567,25.76739125041132,23.00138362945072,22.687501475783304,23.25090103236274,24.13264139665588,22.19735187148207,23.932589612565653,21.23112729775904,20.839644861021185
0206,19.401468666148887,18.862084735663704,20.288123342316496,19.27793800821569,20.662728443425145,19.759812405385848,19.656639607319864,19.107439330666868,18.94589391365235,20.10788072594323,19.612903491866597,18.71833283212941,19.813090631716012,19.188130344733953,19.049557007246516,21.490744327677863,18.98715462828155,18.939066286620463,18.941572622822342,20.17911705054541,18.191698794906383,19.108578011485974,17.553255649517187,16.98732385663884
0207,24.369583989590517,22.836937152085763,24.57604386753163,23.086860142787856,24.760281548487534,24.577370533518163,24.345963921370835,23.397518149652434,22.715221246926113,24.882648177608804,23.923831805033505,24.208386894768267,23.604879231286905,23.212688672508886,24.43850766760456,25.802315909437528,23.52988534756585,23.104572583066552,23.299062178620904,24.14866216704555,22.54434830615442,23.876772110993233,21.88751309781568,21.349428895590453
0208,38.862825735627666,37.73219667528449,37.66541531425833,37.795019714484276,37.11897833933889,38.022231983684065,37.609585476013386,37.320837727054844,37.727740367862275,37.3132057627621,38.15366093062914,38.5414997634678,37.92256205113758,38.19042442499904,39.00381389610123,38.7033326494721,37.54869204776354,38.237620086068546,37.89352947679454,38.21308696395355,38.10416464680381,36.43657082801027,36.61295610762311,35.12676058264138
0209,24.432966932707004,23.528363969627904,25.466454019292332,24.8109070408817,26.36111352389913,25.04285045193435,24.633318325071485,23.525713781527234,23.575514498795467,25.170763694161803,24.424797925801496,24.15228481835268,24.378071495631435,24.605028289904432,24.768438576906377,27.074437316375157,24.29263656549071,24.35393420768015,24.4203670978142,25.695074769117976,23.39342951181071,24.882416747799223,22.489338864225978,22.276588137606478
0201,23.649001207923455,23.26242145423221,24.760263452330506,23.90186623473098,25.278154162500304,23.858610371564414,23.919471541227633,22.781656651317014,23.169020865768662,24.29580699125006,24.295402521917136,23.036648767762923,24.285618252706847,24.06831407468661,23.684016318189496,26.072980355838006,23.077394318587437,23.712090118616487,23.37038418876632,24.778156059125266,22.836183581282615,23.841242886264315,21.17539650042681,20.990900104956577
0210,20.160673457988675,18.561985513134243,20.73751913299425,18.865807886889527,21.555889877841086,20.677630568792864,20.99195961937482,20.444202069751885,19.498743056440084,21.618379748278848,19.902399352288526,20.585828468175944,19.57280810682648,19.558584443950025,21.032218153012067,22.45970004688135,20.752567807545216,19.578062623211746,20.475087719843685,21.170077897810685,19.384425719898235,21.227677742387357,19.286461918816347,18.499378834471177
0211,37.271270566532806,35.92738560993561,36.074152805364704,36.07020374408018,35.65763589727419,36.388208546629535,35.97050449017417,35.70571679030471,35.920730030526926,35.947932750424926,36.48015410353459,36.86586352901204,36.77807459144068,36.80085046763602,37.25195311635456,37.22858725985809,36.34829263036023,37.07768633471562,36.88759147337861,36.970586373293365,36.82907054721427,35.31156807835089,35.126771373037435,33.841545856693
0212,22.747041754262835,22.03663879527807,23.889986300477926,23.191172640935374,24.40457980463259,23.135238599811757,22.84566852081013,21.94196553731557,22.121491625780706,23.24860627028,22.943957467581992,22.109235025653305,23.205667765903435,23.229732502056134,22.58419634723715,24.964009566573953,22.3438078917261,22.613793142273114,22.74912423150181,24.217041676700152,21.56151832612623,22.77004915560109,20.511100966617253,20.566518732193945
0213,24.46822359861753,22.699707625059137,24.202097292143666,22.95086215529698,24.300604650371863,24.37828136675661,24.334888709113596,23.30737313741635,23.156672091837912,24.399131097357188,23.445303340173233,23.604720475598413,23.582512739555582,22.94403159094326,24.523314155555518,26.039888453452697,23.15858367280385,22.94505474507862,23.20471073212522,24.545299486606893,22.88993323963005,24.383257602961173,22.30821344276061,21.830729222497283
0214,30.469378949930753,29.67505778909566,30.92998928132484,30.334557248603744,31.290089795839453,30.072133007751642,30.137168954148947,29.189307508783738,29.178765954062957,30.462539524615195,30.135342857273923,29.232659371852545,30.761194309170136,30.56504207803458,30.6268999502083,31.894213320833405,29.06688939780505,30.341415132676723,30.378106165364116,31.2002355400523,29.707047932812813,29.586024460194547,27.28374094896424,27.36265348067528
0215,24.594575835814673,23.7330678331845,25.40098114360024,24.584646190500816,26.283230726489972,25.16474718538214,25.044476004343956,23.344846685458133,23.720601357161176,25.16607742213795,24.43723923226577,24.54092183401773,24.30142512216964,24.60918214037302,24.972573338527177,26.96861716252627,24.514480797229126,24.671156746876694,25.015983970685443,25.850380517048272,23.524935134102893,24.99315660062689,23.146813989182462,22.268102942522646
0216,23.816362981086662,22.283877953039852,23.221974152260596,22.499591801389116,24.065778388897844,24.0697896850426,23.86720614236573,22.3381301860217,22.67385890144667,23.694057556371188,23.560809219685115,23.345254404817073,23.102577396571156,22.841018781112545,23.60864803042347,25.62503324014721,22.990520680766217,22.941708243945346,23.08186774411434,23.947435141016427,22.710798375268237,23.95614049411255,22.21170145216035,21.45239274523691
0217,24.310337806039623,23.42830198539053,25.623129030046503,24.456302949053352,26.277524487743413,24.30906638603323,24.288177313682784,24.05049963738152,24.02771547372167,25.139332109504252,24.78923438820175,23.296927681244192,24.78030218512809,24.51148396164189,24.450866530545433,27.144508974939694,24.003342998483625,24.28165463582689,24.218851216133228,25.565413913277926,23.54759486485244,25.16866103355142,22.009177285578307,21.57396340150292
0218,34.33786596646746,33.26054223613524,33.93332291905214,33.95364634657609,33.822979443624014,33.74849821160907,33.49150567241874,32.82982553365214,33.290494102245944,33.540944476004235,33.77277752289956,33.50265481211944,33.80987194349927,33.96693900175492,34.00721508271715,34.280091652505654,32.2508810678151,33.32227759004277,33.10868018846538,33.74482219267494,33.08580088421361,32.38477613509846,31.072624676773156,30.854637848515505
0219,24.04602891476596,21.915684396036262,23.713967471620993,23.117007602615903,24.602799510958604,24.107837889523655,24.043096105872923,22.3226569536728,22.28398293612606,23.879952382983436,23.173777144678603,23.181425465764153,23.14950945538756,22.520314248668992,23.549235139537487,25.743645847059273,22.62258397612924,22.97751565681385,22.88195848346839,23.84083129270189,22.24056602719605,23.759597892404866,21.910683091865504,20.830308557134146
0220,21.686744108064484,20.957138211497202,22.652040569362793,21.557694151417646,23.215518658399546,22.124883959052575,21.97858064832815,20.95802969375583,20.97664579583409,22.47572718429921,21.896557247731252,20.975362145931754,22.052693004874513,21.751153033466167,21.462299012108083,23.92779219591106,21.239818350526168,21.555888194028185,21.312503765997114,22.90240264921002,20.581801529718508,21.70477268206475,19.22377898886061,19.10451596498051
0301,21.28853017636927,19.509697679475156,21.781507790930366,20.23576467606672,22.532298729515198,21.94087200393147,21.32353732372509,21.98836171073026,22.335818878133814,22.857035416525715,20.925864191273433,20.69305664599704,20.6065781379361,20.750430277584282,21.25641685520937,22.827677472343442,20.84160167652443,19.973189922387522,21.044531609921332,22.19369846744571,20.771431901389825,22.44445821734337,20.297526617641356,18.226781950111405
0302,22.95790351082137,21.620085487627886,23.831333958660448,22.565946305518043,25.182322960533714,23.48776224040094,23.286155593744557,24.06769187611532,23.84389686522561,24.879321991489057,23.164741036212337,22.6542483966517,22.455979069961952,22.52075263013772,23.280580725507264,25.662767103103317,22.403221062642615,22.0614896221262,22.35598161817018,23.95038408480999,22.962853795093704,24.495760143871717,21.522943538308848,19.67083090427733
0303,21.30237644860402,18.980740331030646,22.565985223120908,19.98926344763944,23.320547589798142,21.77930952748179,21.404027198907862,22.496930017516796,22.162946410876664,23.451893362616826,22.246469657985312,21.477291345387474,21.540895297706093,20.95397590776267,22.300204395581655,24.373353491143934,21.371640850457272,20.406719154333025,21.00814850284005,22.635244684070077,21.985611184625427,24.188740948602987,21.081760781603663,18.846578314825027
0304,22.866084944167845,20.755499667932384,23.45738415160906,22.31080808229317,24.675388819132966,22.955139360820606,22.78257129755437,24.329303640283104,23.694350126575227,24.694324350505433,23.24713694013736,22.633253955737395,22.700940583485465,22.62033425697881,23.56042960586453,25.886071571420242,22.37005389013404,22.216430217096786,22.071252086773587,23.609486172772726,22.99942060576485,24.81180474234805,21.743843952772146,19.795714575976156
0306,23.026020294191653,21.551183144605673,23.596423221481906,22.170210124532026,24.32594239304669,22.673271192372397,22.493724376959143,22.682274125760944,23.353637374732166,23.86750685765415,22.599436086305566,21.736064512456075,22.0315331091967,22.10166784210353,22.387216384586875,24.69146667489354,21.92559256309628,21.28031480377145,21.93272001138687,23.677068281382645,22.252367507441424,23.11933449488458,21.41768836168337,19.17080181786741
0305,24.10338542218423,21.340170858775075,25.002027654065138,22.033933368486768,24.15429752812852,23.86077636675003,24.006461872896242,24.91182246128309,24.721136936993638,24.93841862462986,24.1090968557411,23.846921135174945,24.027246517786132,23.432847809403548,24.259939170588428,25.18990365152926,23.327791164016745,22.272769393803244,24.006482889227,25.022949873989692,23.5200938870707,25.413205638938134,23.07941651148032,20.468082746487593
0307,22.746216431657086,20.621554699396818,23.59327464671642,21.10138366238731,24.206395522920484,23.214250232826974,22.827820692165613,23.348050571341137,23.625730578793704,24.18381821766392,22.99764520341442,22.629049757935828,22.40916808243337,22.375034427970945,23.656088278274375,24.679394594260906,22.28304315067801,21.06602656477327,22.395864001180694,23.97950436563513,22.450716084830002,24.754458659941115,21.958683873008525,19.674110020145303
0401,35.073987698191644,34.61296254967455,35.7289102921393,35.442431210620136,35.36889743553412,34.176857085046805,34.59155250890546,35.10994897320065,35.35677299293827,35.90211434713436,34.45957683188388,33.77241530061964,35.13242211797917,36.017332160267785,34.863179907189675,36.62394787012137,33.49023088556634,34.88041107912173,35.04685637113289,34.00788361658948,34.27422681769973,33.36505185308543,32.43836082347781,30.887409995113007
0402,40.40519657590862,39.31497130229935,39.73121462815691,39.00503371935914,38.652831025025904,39.04343340794256,38.81709028580666,38.87506829521427,38.96885253333329,39.31654229135155,39.429898036450076,39.72604040792314,39.935699420028456,39.75100239377128,39.55472884594729,39.866678609217225,39.45368070533478,39.82523580761315,39.445589127879195,39.53444622549668,39.252630090091884,38.316745138276524,38.23432472777748,36.624044111289585
0403,37.62374921247769,37.10761131523755,37.55100012997785,36.914847854000975,36.783731705720434,36.894827781740965,36.75306867897785,36.72678177141753,36.81940692656838,37.25993072583513,37.125309500272664,36.94105517240319,37.201557890159954,37.78313172915632,37.5037038941547,38.11696220193332,36.68116034533326,37.37184480824587,37.1959381148782,36.781639732960606,37.143348258148094,36.07716083466608,35.69699794596026,34.531903243179976
0404,28.981300543589306,28.204832356489902,29.76279674813648,29.30831525069029,30.138559281578054,28.76347250162954,28.671228610627615,30.104766340669034,29.710781427709776,30.48979700733844,29.347716123702025,28.201806955163686,29.423704809148735,29.56424263481144,29.351923533954196,31.271126827061323,28.433346160296818,29.363738542762007,29.251965460400363,28.944567458275554,28.917347936385543,28.87372072376644,27.710251409720733,25.98288097893942
0405,28.199699964105424,26.878972963568305,28.708989141704077,28.136141101694292,29.35448009833324,27.536107541490413,27.655857698765118,29.870820446539483,28.79499689709558,29.43936018854892,28.256448919019938,26.801660494468297,28.44410111660278,28.9225391677099,28.309971112168768,30.742462605088868,27.65073662499093,27.941596888859706,28.2043924290866,27.801393466416595,27.59232625174421,28.075878064561927,26.698860838838723,24.54486137117536
0406,29.96389124098412,29.314547247537334,31.122787762523355,30.450262995757083,31.004305276140126,30.00573839565009,30.054949134865982,30.6349699469663,30.44091592825084,31.522367354040835,30.411990075999082,29.282011523028736,30.50955811633713,30.83062330614997,30.737223338878337,32.04377745579357,29.266189462194337,30.28636880633654,30.3309113453662,29.766514508452556,29.87280981890356,29.71087851354762,28.47785769968385,27.285438116513113
0407,41.47796135192372,40.35428125356281,40.685810186610674,40.178505522626,39.888418414906496,40.29997245591564,39.96200210430492,40.411404957016764,40.41323699209002,40.681613907865106,40.646441399932385,41.040936498814574,41.31255075069774,41.01579857897892,41.008991801352636,41.37671679644024,40.78646072647531,41.299880351032286,40.9282505099987,40.84061000559481,40.574711514310515,39.63408221009036,39.536314567741215,37.827338504141764
0408,22.705331495893486,21.46191582666983,24.367216180008704,23.377977582909093,25.085345966112275,23.306494946975054,23.37369473295168,24.716661281113524,23.931961893172264,25.502715384143723,24.114147409605447,22.669617653354905,23.788894179772573,23.553841947967115,23.850275811470745,26.522351923937823,22.76905294381581,23.183713496725296,23.442905000633075,23.88598493575067,23.05024640722198,23.846704181909452,22.325593328157154,20.622004915787187
0502,22.715185317250544,20.658711011011775,23.59681522513086,22.961960117616904,24.656526134165915,23.051757401616886,22.272873034969834,24.39458428796559,23.729294552282166,24.56959618074201,23.435093609263166,23.023119467541434,22.740499811768476,21.737855785090847,23.15872911907933,25.828528981971917,22.550468146532147,21.608810919646672,21.98274031501938,24.273958641890246,22.56847887546981,24.226042755933427,21.629736796956557,19.69107112353341
0501,25.081925890786653,23.060178793654373,25.74337613660473,25.044090615760545,27.06171798363314,25.374407529910798,24.992838678331637,25.97181142074855,25.511049367599483,26.268419047478854,24.61659880617929,23.74452500511633,24.047441223081616,23.48882788106166,24.63894096105837,27.11736044476419,23.85350653394422,22.799636084030954,23.901285620555566,25.958725283523282,24.018187757850132,25.078181155088114,23.463435600664702,20.917081480254797
0503,24.562166498508788,22.729121042030442,25.24454288562798,24.531159033247032,26.40628566755544,24.48990111465971,23.80116796746462,26.22871666848415,25.16955316907343,26.15252027916828,25.063335782622193,24.582963012993776,24.271228259336382,23.991921329851536,25.012053049662043,28.087288821405433,24.80345901570495,24.31556188431409,23.70993149442414,25.481754769176447,24.332626381820116,25.918467548721082,22.884422615290905,20.999876730984663
0504,19.330488400013724,18.629878465298336,19.82567061234563,19.013064146325327,21.085752539858756,20.269532660657532,20.418002431870818,20.040844167137582,19.465985984718646,21.31499130662693,19.28661796875684,19.819255484246437,19.281084766891286,19.975505975707883,20.0360650116292,20.97614146327192,19.46451697985943,19.437544932019673,20.1593288020401,20.94985542421077,19.95366834056613,20.081552084490017,19.744385239725293,18.939944440865382
0505,20.531298301087787,19.236380135312537,20.771137552382932,20.04363186348166,21.980304196150836,21.153302334841857,20.980001979578848,20.75396828823279,20.405027124392678,21.819081424599535,20.257659486366848,20.375754373247393,20.20674856751579,20.62236921758566,20.620412565177112,22.087697612978193,20.210160070095714,19.842186367806498,20.926482171607265,21.79255674555562,20.628940591079438,21.0717452854907,20.420713969998964,19.156707271772788
0506,29.071434223628355,28.286749586669888,29.85953305916864,29.237199843977425,30.191738929904066,28.258299733298685,28.923266578102602,29.06908546110965,28.82379625836596,30.33288009858048,28.790361937255508,28.12820796736701,29.06538142855391,29.577030225853374,29.37235681859499,31.426659720404214,27.751808425519194,28.886048538041173,28.560325266710198,28.72442113303548,28.38639757319148,28.711766414750386,26.68559298366072,25.560250760221606
0507,26.642346604305025,25.784114335525594,27.612816642923207,26.89014770244631,28.0263209337121,26.390077949531708,26.658723599400705,27.6833095205171,27.126159070413376,28.573179988397357,27.116213848825673,26.128609986352334,27.284164970588613,27.42560216871477,27.493025809286994,29.309746116195473,25.87517359421906,26.74647615444722,26.64888099345524,26.804525347869497,26.26751869342038,26.83156529480497,24.770452177958603,23.489003587166856
0508,25.234512429711508,24.12762269034845,26.15137485603661,25.794265300163367,26.986948899458408,25.666557208033836,25.251301900105755,26.71366914031763,25.75446018189378,27.53937561316663,26.261110764177502,24.770318062044872,25.595162223134196,26.029970653224762,26.087065492305832,28.531739617718024,24.36404599359784,25.422487269694916,25.267105517734294,25.28813009590969,24.774536402844937,25.569097479646512,23.770776199228,22.284166186704606
0509,25.350781571582093,23.424977174239515,26.187910112369448,25.457616236113523,26.83764692939095,25.101761183289835,25.156656740926064,26.730330675278765,25.868780163878093,26.855621507895126,25.55251920762219,25.02367347325058,24.88701955688628,25.12407933564896,26.04167739740713,28.659539167156353,25.269890812151957,24.49119881594834,24.636023871813308,26.41709587828934,25.397602110470256,26.70823551187175,23.46966293126504,22.17499562148907
0510,24.296654427064,22.42521587018884,25.125286343368863,24.44923152113437,26.074631053028686,24.454887080441033,23.816011088011575,26.291832959691437,25.23927480932214,26.2753747187242,24.805594154335278,24.700698951216808,24.467691299908907,23.815434111177392,25.149221932806043,28.17158871124259,24.79243749601944,23.50599539462748,23.891018543078104,25.73713410033071,24.72642937382733,25.972234050555862,23.21999182388888,21.498658301180836
0511,24.971707841615846,23.06565508184419,25.576046162194118,24.61879795930348,26.583536682398837,24.53371554354106,24.645338526705046,26.020341894669194,25.576810194504624,25.61332162532394,24.826259884850767,23.710967040105075,24.234042194578223,23.891646445322113,24.792393683919038,27.836393234451567,24.207559522012644,23.254362974636376,23.89106465771477,26.210206831895377,24.56303880179141,25.160207062376955,22.91448925102805,20.600488515469575
0602,26.633717280449478,24.920239696065458,25.956837783072753,25.516352123917148,26.25312836146748,25.666352995986315,25.227704891146345,24.07231570936878,24.826431143640434,25.879297979910827,24.757769140888126,25.027377133736067,25.083068001507502,25.02236135020784,25.667030458293695,27.897872618947538,25.29712364967038,25.32741219955313,25.354415330919142,26.304236879831848,24.051281744690932,25.380720409954012,24.06066528934859,23.512733714212942
0601,24.711326128771894,23.24139280525687,24.52444720786937,24.099016095637428,25.247988977890973,24.337610463732872,23.48569907426431,22.42901650260517,23.09188717890582,24.19798653552506,23.273724789546108,23.420262750482376,23.036189082858012,23.654757537745876,23.255320117574602,25.827899187269875,23.699970583545266,23.571094274337682,22.980322321599573,24.320721816142154,22.04902241049911,23.429424151392066,21.775178863373746,21.638298718538397
0603,24.374413376894033,22.323548488290918,24.273601625840534,23.461773559734354,24.588790146396054,24.24510609698006,24.364226322357517,22.34226489380416,23.08670350440568,24.445717424579552,22.376652686623963,23.944373739133965,23.286951580369767,23.508924265640893,24.049650679995413,25.814774541951927,23.63057947117071,24.128746990093568,22.796659388265407,23.779372050800237,22.552199396571048,23.759570624180128,22.717989223750653,22.277592920967454
0604,24.219189303577412,23.620050444529475,24.891649429609327,24.726041725639245,25.520478860405532,24.69365276095188,24.746584530440224,23.058273529180315,23.68133774226437,24.580765147862323,23.664628358598197,23.74680703143758,23.760888078528385,24.169352961220287,23.983722047433027,25.348853328120427,23.577434418291755,24.045230673719683,23.185066958635893,24.415287795595997,22.449053539596385,23.687234364245885,22.560402381320436,22.73449785496698
0605,31.540295776313634,31.772222653660844,33.02592404584709,33.00293418922727,33.23316433344261,31.374361343130964,31.629528307217036,30.11059222894574,31.39355744848262,31.54133129375323,32.50274569642651,31.11114172993112,31.929026085701658,32.96009485484082,32.047484066304165,32.90596096315504,30.000039615163573,32.21110860137072,31.331556295487545,33.27898235560452,31.203830939568913,31.73724670537675,28.606795923206228,29.900419176066773
0606,24.55593306115935,24.92353709964999,25.421660522646384,25.86085839371933,26.03501849363673,26.709847866469026,25.487433767010412,24.106647211229493,25.090069415203978,26.470784336207192,25.20978780127129,24.428030320468423,25.840672141937254,24.247220092214015,24.84969072248741,26.57835216337967,25.33400775014106,24.54038335798884,23.605256531950747,25.7891292183601,22.829776382901823,24.58422708859478,24.087679295542863,24.47305981034063
0607,22.597557699596724,20.60132105141534,22.451091909243452,21.82233016601297,23.20168762799471,22.94684748641994,22.731739351649217,20.955349353743603,21.05780901396208,22.617184295912324,20.94113141633687,22.30158562621455,21.104184660953887,21.942520809577672,21.425609658203715,24.054819247662362,21.331561518856322,21.7046948074835,20.69674301969628,21.738664607725898,20.199121204802474,21.547356374255024,20.362899502284098,20.052283817360944
0608,26.21243846598408,25.08445515755855,26.032992759409655,26.469668445202224,26.135820433144136,27.025862759068634,25.839535434191685,24.607829037904704,26.26174079108617,27.102593419058074,25.36394927974432,25.074523567431616,26.11864246646982,25.41740235677828,25.452073446888242,27.460270678315652,25.625716050080293,25.035825724936835,24.64042759534068,26.364432825004926,24.402572010369003,25.471112772711177,25.305858338158732,25.51092932270372
0609,23.591486796118154,23.48823815888638,23.54640583733592,23.593619273770752,23.32200813002026,25.45240350168779,23.402648790984276,22.0480394413415,23.489201034931252,24.838745320647284,22.938779038384247,22.53841511243071,23.323217090847592,23.405726211344312,23.123765435050228,25.30278213604866,23.037766963522184,22.472007043255662,22.18676539661397,23.288277499172025,22.136773947463702,23.582228563312047,23.295076492628098,23.221779609285445
0610,26.165509219413487,23.883590787811467,25.458936704586066,24.91804282096849,25.45892573123633,24.91831869794287,24.945967203236812,23.544051601060517,24.156361558078036,25.231599506460636,23.8486697498547,24.667277059028176,24.492814601379276,24.610900075073467,25.44596227778793,27.334938297818418,25.073002233403763,24.88728415003825,24.569845891953314,25.485826855861973,23.888172361109355,25.201338999344927,23.554608316313676,23.151960923481614
0611,26.350712301153514,25.75299665361971,26.982087343231726,27.111338020064316,28.04327243053524,26.55914715369125,26.713560356671817,24.72394214314915,25.561776122059097,26.206122844338687,26.930555535205386,25.90941308539473,25.919303979049033,27.02445074212988,26.554481804343208,27.554593072299,24.96677355803663,26.465077954131434,25.728745759726106,27.061974464290262,25.032278061690516,25.673754768193046,23.861177960010426,24.40787475440774
0612,26.17808696115864,25.63292779763004,26.522453285886602,26.148057519616767,27.19899463855281,26.083274101125074,25.291932147119592,24.137070504333494,24.77626787209951,25.697299077629804,25.483851341633308,24.94311742665983,24.622369075700213,25.812205888000754,25.325820264188884,27.102725086511057,24.896846360635905,25.495226057642757,24.92286549580286,26.34775879993158,23.95158670603004,24.643073942973654,23.113836973508885,23.43540911427368
0613,26.185607750586236,26.481615830868183,27.180754220328136,26.454927334209493,27.795592935156833,26.767773861182814,26.88874733726854,24.643364860853012,25.965878061040627,26.622804347435867,26.09787622809242,25.547972783273387,26.173248399877565,26.3467644100492,25.901184370787448,27.473690008333545,25.484500882931354,26.31311188103045,25.490585843596918,26.60609573190994,24.125975025472982,25.092371296131166,24.121364958915812,24.41865100585036
0802,23.585068097083177,20.868133434875055,24.134699018037157,21.29467321331116,23.911706333132404,22.751447712893334,23.0743440381355,23.727796123664575,24.08259622384958,24.854746721606613,22.834557875713823,23.16378214833811,22.672193376867266,22.316727066542807,22.900560507446933,24.379494802918234,22.6751256763435,21.017409762889375,23.023664814897437,23.934558566422893,22.338223769892625,23.430357246187626,21.4585523093203,19.35908346564273
0803,21.187098022859512,18.720004051479272,21.912419722130917,19.667221051730756,21.86335774558215,21.26261657812397,20.895974518314198,21.710346906068608,21.81971165559949,21.82944586500876,20.598174343505274,20.512275576714412,20.65410658517533,20.532878208922966,20.793583284633765,21.828951368080443,20.3894208405268,19.59942450408081,21.163733627736974,21.975007656550666,20.070201914600535,21.690088594060306,19.595149535244865,18.206499520703417
0804,18.755653178195853,17.805793442624466,19.30947528187773,17.89355138800623,20.303840835251922,19.281351290080384,19.188308909601393,19.13944017384278,19.471369337690987,20.17190654330675,18.623318558784742,19.463446114679275,18.941787138595483,18.714689814422265,18.909666914032396,20.022552033458172,18.57635298172711,18.639738574054988,19.542774328754025,20.0728002424998,19.301711465433897,19.43899850060865,19.089817848893663,18.0338055513625
0805,25.115326325349603,21.59789950521485,25.103951063568,22.280359169472273,24.33538352503659,23.864680644087837,23.88032231615477,26.338397681992046,25.331346479388493,26.238566607574917,24.499831596428994,24.613080245118635,24.681924206779694,23.56877386537329,23.827522488593683,25.509426983697438,24.302468280802163,22.37512211423467,23.874461468564455,24.28625994108677,24.22876213714158,25.763886545989795,23.353151552572847,20.979175243628795
0806,20.783283060503763,17.931420784257924,22.181445229245195,19.18771805668659,22.442936647557758,21.30289533919698,21.37272851889324,23.04166228341693,22.631889236558404,23.435593593987676,21.029191253594906,21.57089366363916,21.218298289668862,20.87612465252998,21.29868673153381,22.398098656379506,21.465746034453744,19.539199207263188,22.266006971179337,22.26008816491058,21.813826697940737,23.36348638421459,20.336211523202685,18.890023533137466
0807,24.93197504139973,22.167520770063533,25.608932537935612,22.633906168460516,25.445014525443998,24.24912552795793,24.546911229034862,25.807916487661636,25.164472032560866,26.013404869492167,24.804071354619143,24.72459615616931,25.108554503207642,24.001103415683,24.771810527758447,26.16583220280111,23.997843156216444,23.202479902325177,23.924030541090836,25.05213938419991,24.533555211239857,26.20962744121055,23.503089840859182,20.87963815959028
0801,24.29111844320792,21.679309320189937,25.082239896994018,22.210276717205428,24.477871549438788,23.57435341975445,23.374390704124508,24.74376348673411,25.145249476640654,24.992217348168847,23.15382354120514,23.96158150052667,23.266991252956725,22.485978203555316,23.07101121750609,24.305969898847426,22.577330427719197,22.033297932777536,23.44426767786637,24.998216736969525,22.757344360325206,24.43858612890734,22.445085347054945,20.405445180951904
0808,26.505582334682792,23.277681262844734,25.83052184823528,24.669182945576175,26.520259710885032,25.26933798639964,25.066045177182502,28.244383068498152,26.71705025198567,27.459461049837493,26.03159784844079,25.30715142790505,26.079180442571047,25.373666972128614,25.64021711064025,27.45616220511896,25.511987561372543,24.32330307648138,24.791853434665562,25.59527611174661,25.134516827777972,26.95521950091989,24.811798721077345,21.9999483307159
0809,20.705516840149322,20.187771129246794,20.458974659210483,20.24117818387789,20.514461890623146,20.432593043426348,20.546337218853605,20.43901451293427,20.58923828419041,21.2194591637074,20.65044696974829,20.678914385027884,20.546171240441524,21.113573168084393,20.97773676377045,21.216706805351315,20.82252913504094,20.798486378604146,21.063635171653903,21.596877672000296,20.885734260280426,20.53954900395331,20.77084348303474,20.364254523369468
0810,24.442615538502306,21.503032788067127,24.94261039630058,22.139537658027766,24.31906955701608,23.727712599719606,23.569091294957193,24.622884559240738,24.89793259266867,25.12714916446493,23.908166295076253,24.008239666972038,23.79410962324316,23.427556819244618,23.52053377658618,24.800690578220355,23.392215466498218,21.780669405072675,23.53142488431618,24.507243196374684,23.088027466639943,24.289816183756756,22.318370976596704,20.207857547560028
0811,19.27549484620185,19.11797399903278,20.085702212395482,19.254158191998233,20.697770772412333,20.17562671612174,20.28317088418229,19.674698872764807,20.353500662592264,20.940724064406577,19.724383995583253,20.429957910850053,20.012031656584654,19.953109964070133,19.772974552808765,21.197329522798633,19.733775558412376,19.393758180328316,20.419295256383005,20.750894169416032,20.371807895815113,20.085975824376852,20.106004662072134,19.471403443259668
0812,19.297896168349624,18.457713069170836,20.108271938303535,18.88486560902782,20.680152454312548,19.86178823909536,20.297099797490773,20.202571669221204,20.473492521514792,21.520892300372086,19.686357464773927,20.624207282598462,19.66815436506436,19.864043033402698,20.299125892591967,21.333137798343976,19.776012394961192,19.100518985902216,20.759648558646923,21.307732340572738,20.397374769653297,20.647730129906954,20.046055172876834,18.955291705672007
0813,18.913037029793788,17.142950533343107,19.726027644793533,17.767313750648658,20.352733679638998,19.24448830480441,19.114080335614524,19.82059265751135,20.150495531655363,20.0348339823286,18.349942298845765,19.08258502321117,18.60843146645087,18.731440491995645,19.202120989113048,20.26029877673589,18.8982665763746,18.032761731781132,19.593714348047524,20.19817038456138,19.15206860398709,20.0755385047107,18.713705151703923,17.650191629907464
0902,25.317439943834756,24.172530880795293,26.32172225105627,25.38150024355784,27.998767565240392,26.008332309764803,26.27860649471479,27.094422526845918,26.473383672619896,27.938734551637015,25.595992793657686,24.963604651563635,24.800995881322276,24.257808108744033,25.76461091594059,27.6784377426933,25.05678456602722,23.920555305844918,24.772384668053146,27.05782138142409,25.06243802434869,26.06417071366319,24.775524322080404,22.343017451706427
0903,23.3889495001297,21.30460128754956,24.456208958570116,23.813209614054408,26.4292330578172,24.943835966736515,23.996860479698416,25.797740766019547,24.699352973289347,26.303456080766082,24.369078588232856,23.627626101950803,23.190658178485045,22.491910282931816,24.2070863291613,26.51888294238127,23.5361856372388,22.20996406885559,23.96702787401224,25.945006235105755,23.62957175897043,26.120282068841203,23.823093812296733,21.582798205606743
0904,24.695190365373836,23.534346912857274,25.388448984694985,24.677094707811076,26.585262506470084,24.633731016403292,24.579967398891633,25.291937052482183,24.858054153599692,26.125252039607247,25.11965108220436,24.115740909097223,25.32207175552169,24.563902167527345,25.377779993699363,27.662763799243024,24.33977971610536,24.60798687704607,24.96396786981139,25.711091798722084,24.08659575367022,25.6958277152317,22.962407070235894,21.500044407418496
0905,22.82947242049508,21.754248018804912,24.471852950722326,22.170003418365873,25.683896872177073,23.54755579922306,24.047313026065915,24.128572225747845,23.191007121410696,25.46892909604897,22.468462672749347,22.54360623096051,21.873802808038207,22.320358253997966,22.991835482565296,24.411166050917117,22.444418083673444,21.319493795567503,22.995865358425792,24.587661582651002,22.65955410266455,23.48598864190129,22.28189660506398,20.060541509014197
0901,21.65276250328267,19.853572596327307,22.954024278278087,21.731098115565185,24.808779849575952,23.171694432306566,22.749795384670797,24.25312189376025,22.915573377631265,24.40556487468441,22.43565342536055,21.972761359577262,21.469775400325133,20.56170308462041,22.553731078567026,24.86542423137065,21.829147262025,20.952960712798852,22.337417805092286,24.157248680221585,21.75026339791192,24.847056431481462,21.68373203500985,19.902270166941562
0906,26.034104734668517,25.720775827385737,27.202126634355526,26.782417819930856,27.761922050352375,25.728649840447936,26.181727447265224,26.594761957591462,26.06013015880425,27.754621456747305,26.306214388422816,25.632479235438613,26.776940662665552,26.550319192468272,27.013235579880536,29.16272201709006,25.84047965601653,26.216549512034902,26.067020616944106,26.519906470571904,25.71308717042896,26.636776573265546,24.225998118845972,22.62556024428462
0907,21.11669601078688,20.016380603086752,22.687144582067678,20.58559090944264,23.765210047834646,21.913975039734478,22.246592912329625,22.16629624051725,21.440436646204958,23.301771464632363,20.833964516625315,21.15435421181796,20.628534421743726,20.763748008502432,21.681245660383336,22.99615411607775,21.032242560044708,20.318633776093428,21.946751142560274,22.59840129423606,21.260387903255044,21.714987448794215,20.704783741844867,19.037764998446512
1002,22.719453089766596,20.579324136523148,23.04916365406634,20.692720135823574,23.744085562515767,22.70391199632675,22.82167221730626,22.846383852996155,22.27884820775838,23.943740661984755,21.826231926186587,22.29747834295226,22.323288095469387,21.969554121601433,22.977900845735707,24.919896498730438,22.626500677016537,21.730712157202362,22.703371542720472,23.09262864784917,22.266560426480073,23.15485056365311,21.57649018672164,20.64881882163779
1003,19.94131803996596,17.903433980195416,20.150535590812225,18.783871525107962,21.371728104427913,20.333047739171008,20.709714443977184,20.457248727718877,18.45702826771416,21.946699842540763,19.46456218177956,20.356126419498715,19.4535436315557,19.636583539040277,20.99232753213381,21.902960414996024,20.181259604451498,19.744465199907548,20.46714880833,20.88356856215911,19.697935553892695,20.847389016365714,19.353051113643108,18.564529021759466
1004,18.35359244963864,17.328000039356198,18.54387615324444,17.88491189116673,19.09775851346267,18.219366594776726,18.833905009348396,18.264875022192463,17.995902652110484,19.181995290438664,18.097978298303037,18.829209649051528,18.668916629300703,18.430177245260527,18.84150087245155,20.114145250854648,18.675866296742182,18.454381910913817,19.096586022387537,19.31941898876522,18.666180068377468,19.275585340860175,18.62274294087175,18.177867602084003
1005,18.524570423472802,17.234977217072604,18.440840587970705,17.839581879613316,19.169072063195234,18.628555256303937,19.22497967534757,18.363921554272675,17.54422460534131,19.646564055533183,18.054704750666854,19.08452791143708,18.346598261651746,18.28401903358456,19.076723919161804,19.90075317085689,18.875546251612544,18.513442588465438,19.175985399852152,19.34124495719108,18.63030881534982,19.01720947235949,18.60996102336647,18.08965033799013
1001,21.0851668648996,19.41169454758045,20.93523411153317,19.788988651426333,21.61629618213404,21.015788466739426,21.220247396950416,20.81379216085417,20.283876148131707,22.106360419165092,20.194456316712103,21.068223360138116,20.673926359941895,20.91043839634884,21.505113271489712,22.598854037431686,20.974152023425468,20.472000123871172,21.277515252922868,21.580357743683418,21.071115949670972,21.235920353345854,20.661639651270935,20.213666048873876
1010,18.793983911037934,17.48159331630534,19.901839926211,18.54167070667016,21.82443368683327,19.956095926889024,20.662347322616775,20.57040661142198,18.95155191247252,22.155001638012482,19.914262534331122,19.918273392978012,18.758743479875015,18.688131582893043,20.048071514051376,22.181493147739655,20.035554970397538,18.60040592164271,20.535851809190124,20.739200122385544,19.072423086523468,21.073233825499116,18.916169522328456,18.530770209277215
1006,22.918446876039816,22.457807793747264,22.58695009299241,22.005771363518164,22.529172437225967,22.137547961092483,22.617793406774116,21.75150624393147,22.524903708863675,23.03485405845186,22.41596497885743,23.0082026277779,22.9907888434805,22.79222441058749,23.208677001012457,22.840756828884345,22.61103728766055,22.92054852421696,22.685712888281913,23.294670805316873,22.986741260735478,22.482797794310287,22.687709837380638,22.87130569180998
1007,19.257871678099807,18.686982115073462,19.248580828311997,18.577686472766654,19.566532875833186,19.147951469237775,19.497538417064806,18.883528731676666,18.95593486258087,20.010704916731413,19.286338957224572,19.87521414343504,19.718509399001245,19.68860016843887,19.698790301184115,20.515054466171346,19.32018088043939,19.83384086738305,19.885065789008724,20.324230721840095,19.67466991692126,19.789033475263953,19.68984723976129,19.540740908494577
1008,18.910942117389663,17.464075000675482,18.430664822362086,17.6683321895989,19.62863843119371,18.860053614979517,19.283626081884368,18.68549087995669,18.30843717632594,20.196983270509236,18.32562027178224,19.28717672225822,19.01542724226664,19.419092403033694,19.43410918887873,20.21161117574624,18.750056492166003,18.702100423227893,19.5541754850219,20.232855554490467,19.23743636254972,19.18079347113358,19.275991003235678,18.72732435949922
1009,26.311461771623385,25.934858779685744,26.048615001635568,25.521151214869704,25.541226834197854,25.761824621774437,25.562640181254086,26.18373959252785,26.367017824616617,26.294522750878095,26.145401723949462,26.555448778023326,26.438107358772665,26.938876944985612,27.256142567922463,26.77764968220127,26.595166812843225,26.74192219530686,26.6982268241832,26.948652189430497,26.85657626971651,26.32187896107211,26.76026182632253,26.081163437529238
1011,20.981773175104685,18.50135152833748,21.60042525295611,19.87354619239849,22.65054871456561,21.34123859541933,21.389756344449953,21.318473121555886,19.92000833396119,22.82992479246412,20.07903637017979,21.082968331599414,20.517707548481795,20.501555899195345,21.975720853329836,23.060663259121473,21.273803118350123,20.553098040095875,21.4757047526328,21.588321004976457,20.326813158194206,21.897688202011764,19.214416746103606,18.99810955450286
1102,35.05779350548183,34.667632097400336,34.93553206643914,34.443201133327186,34.55311784631756,33.941686454873235,34.06396304949152,33.653307833769176,34.00917207146222,34.652492773371335,34.419451266797076,33.951481394125224,34.80777533957403,34.77798284891173,34.226639999379614,35.69740428553769,33.18086273326577,34.69071700667981,34.421209618763655,34.47929779823776,34.082891814174786,33.20384811785827,32.327933311145095,31.09113737205491
1101,42.27879341965246,41.283377808142454,41.263677342859175,40.72760456716056,40.265017219218976,41.000393222420676,40.55600310182789,40.59045491608351,40.8013954410831,40.59358349836352,40.792129294092724,41.09405936738563,41.21699261925823,41.1288685525276,41.43259017102466,42.14504748723984,40.52730941519963,41.4008924689488,40.79588129524145,40.867250946656675,40.848246308235446,39.59106644645237,39.85706562547958,37.7138619854479
1103,42.00473834924362,40.55896337824544,40.80027897173364,40.25088190670903,40.142793870401086,40.655104313190385,40.16843980305161,40.449496286773105,40.50997546300441,40.48054495646402,40.73521650544809,40.90511274185946,40.72876869958186,40.897766974889706,40.951872862321444,41.65631397123503,40.44504535873711,41.1011579711264,40.74944611160579,40.7882180558556,40.59763410123595,39.227740986028834,39.29401425467552,37.55914773359357
1104,38.18363731169793,37.936975807628556,38.176629251203906,37.76620262733482,37.77784519483807,36.9971262049615,37.47918519163653,36.618784607319746,37.0779399608218,38.08740089793442,37.07652012395031,37.03793108325694,37.840320840500105,38.151407472347074,38.080236910120895,39.19203453381827,35.967514466428256,37.790265186342914,37.81937216924346,37.43820400284183,37.40705226292948,36.48132222275094,35.19971155372162,34.49461607728084
1105,38.82666193534583,38.24868451124176,38.16759428242109,37.843300970543176,37.567876582856755,37.829016572914995,37.52685778755721,37.64858043452244,37.75679145266924,37.663967551438844,37.794687639292164,37.795371717853854,38.14364821251573,38.473709065796676,38.441893973311956,39.05489526276949,37.60869431067191,38.6205944365897,38.097658357800775,37.867151167101106,37.58841329117025,36.42222959755073,37.11867664150669,35.2591863488712
1203,21.881474505593157,20.593778120008555,21.235090150083916,20.600814711641323,21.128412797275303,20.949205647534043,21.417542990296862,20.826536379683304,21.146769559429938,21.963602485844373,21.097603304078266,21.460857652381367,21.395518553294266,21.588219040650955,21.686574109050795,21.660395879909903,21.341494733327977,21.246654753304004,21.519335284835567,22.32138207612473,21.745394931935497,21.072989539257467,21.0894557104595,21.13906730939811
1209,21.695182718532163,20.758718272807204,23.611512209695096,22.76938218333329,25.589885179609176,24.5320878629439,23.825893662294817,25.867025157640448,24.2299135664358,25.63446687358898,23.928475498388,22.72582652450151,22.86211585700604,21.40213206944678,23.136676240859234,25.588580416993825,22.41853639455221,22.20147501984866,23.934818468757275,24.58720682352465,22.82857604122971,25.26097564367685,22.53626897890603,20.438152062172826
1202,19.081851887746858,17.056983222135166,19.362201404725354,18.707342506794912,21.86279352790648,20.124582372077306,20.459514838087685,20.590660764738946,19.84461928121742,21.646369386324466,18.858861559288627,19.453377295955228,19.00992071588461,18.908379553928512,19.558087383164136,21.180198886124785,19.31893051840965,18.474889433711034,20.282518015041475,20.820006223626457,19.420776099077646,20.09962588220951,19.106244713849055,18.001238327548556
1201,20.001376840360983,18.589420114131713,21.068740811594115,19.84561358811746,22.677384765642945,21.227478122187343,21.26300703038583,21.928389026145297,21.059281912877186,22.447155045468886,20.305292690919103,20.070831003013655,20.045145819979222,19.504247665318797,20.735095011759775,22.245812637771756,20.198741401072464,19.593865586960913,21.14440695771423,22.033685184024286,20.28107903830757,21.469669807844145,19.7137053040042,18.450670595553845
1204,20.02630116074135,18.847707827185825,21.428974556015515,19.812534443545914,22.30893064101992,20.989485644720823,21.166452019649746,21.66501654808259,20.8832358807595,22.45047555844585,20.299359750299164,20.262406409349552,20.630196163095427,19.930251808890144,21.130481504673103,22.70150031648322,20.475028566143052,19.78650647738393,21.53927059904074,21.78553246857444,20.708938333437562,21.741522663512303,19.639568012019815,18.676037374898307
1205,19.658323778432663,18.10856482392779,20.35146540022604,19.893419548068927,21.62937091568151,20.513326787333575,20.636684403029115,21.159713246662378,20.253919666219456,22.217838580693943,19.85238088394178,20.047438298782094,19.612770670306254,19.63798306868585,20.7881190508415,21.98779240194778,20.241941219076747,19.363312614812845,21.149210628251737,20.948714042538786,19.852557032451642,21.03490741211681,19.648365419316963,18.734090458268707
1206,21.405859042085208,20.603823803145215,21.111858335890073,20.733841822686376,21.124810533764816,20.92807790246191,21.05397250827871,20.817857407383745,21.170512798001564,21.91060427959083,21.084761449755625,21.31808606699095,21.450593904736692,21.762204207234547,21.880913266718302,21.848039731604107,21.454770626174,21.48413068307558,21.651831341720694,22.38726847745748,21.70567729832902,21.203880810058003,21.425869967640526,21.241133101828265
1207,21.476552473888166,19.44086487562087,22.532503927672067,21.411250851963025,23.508049954205436,21.938643879658848,22.124190087775357,22.472909401176455,21.774234126813674,23.885788627863825,20.92867699944128,21.485430937193172,21.444590836093802,21.37633246828053,22.383316975009244,23.969719348201924,21.923407750920266,20.70840302210349,22.60127628414446,22.783602742652054,21.813202089856215,22.50497310647958,20.90219109931988,20.172394054543755
1208,20.393020493951123,19.103746276769602,21.74345126688227,20.665579475871585,23.058726730833715,21.30890418937468,21.833802422125075,23.17962919334556,21.63357720020105,22.996829312699624,20.715347683262813,20.839786091046292,20.62780089713413,19.750681253808974,21.5493391681179,23.72489734786651,20.633424122232107,19.330124560823673,21.87543370615263,21.792819636986756,20.73663119780861,23.050135606555166,20.37763169665294,18.922599909036165
1302,36.10410161779884,34.77866088857501,34.78962174588731,36.175640599014905,35.41094275081129,35.42243428025957,34.934995455775734,34.76851003858333,34.9056246975549,34.3150590858422,35.47527715463121,35.67349769229278,35.028113823819176,35.42629796704443,35.78796066917904,35.894320009004865,34.14055633395827,35.09203301104267,34.72993074167204,35.06986699216658,35.099514449587296,33.42515805614005,33.42057323524391,32.779095018533496
1303,22.764959199252175,21.067048543191607,23.34352647816,22.558639928634623,23.12158893329287,22.714126915660767,23.607873968935568,21.644455579053353,22.174281177300383,22.983023970295882,21.724594425932178,22.128332352802325,22.627197671814123,22.461942416683154,22.407055856462936,24.959105173589062,22.948533218324393,23.267431770181794,22.307990156424054,23.38657576283179,22.445287477105957,23.199255423821448,21.99114564584047,21.479937941445975
1304,37.406561371606756,36.338601343972876,36.31209634852248,37.31133574780086,36.95354052294649,37.36704436261797,35.99039117501924,36.96574826019937,37.56749479468749,35.616348134536665,36.91679657039798,36.89762489805917,35.966748992876916,37.27875230037268,37.29164022748903,37.46221046193312,34.940981465930165,36.05990487191879,35.599660761827046,36.62007567449303,36.50389453056891,34.66236296996859,34.43356793880419,33.296440417442376
1311,29.707358549950047,29.73871175257038,30.92747122924785,30.559942124424676,31.072891083497716,29.517250230717234,29.075369051429664,28.288101415082636,29.472814976683615,29.701791271740316,29.7780497172765,29.315183100943134,29.837955271086706,30.16307687136738,29.572346716749212,30.889687309625337,28.814247636801372,29.838932743394246,29.40265996429307,30.915182947907198,28.746913152023073,29.527130331153938,27.141381892291506,27.643184891353815
1305,27.144623538427044,27.17055972545569,29.1281745491947,28.804738872799916,29.668515456609587,27.93760531593163,27.378799181366862,26.821792164890027,27.34097872667917,28.763466177438506,28.417320789598197,27.648196343200674,28.12133465656272,28.324632175276616,27.562404477941715,29.917982182873857,27.113664802110705,28.121607222049274,28.009543654259357,29.57111882337031,26.676503874135527,27.91527692514232,25.01415198440203,25.456076378236773
1306,26.716570902886343,26.371250311037564,27.78805639432375,27.27568012142047,28.52480445721521,27.075486715183676,26.164359338331256,24.974760695669065,26.25688333350796,26.46106011229431,26.859504085013985,25.951352068591678,26.66761346824793,26.70592130512911,26.36839690604956,28.207058029019105,25.70112005965685,26.65456771965178,26.021749118079676,27.840402813394068,24.95614300957101,25.95293677480804,23.961516578469922,24.230531219356266
1307,38.5227012387693,37.0915663974151,36.701268204138735,37.351835301044616,36.6425950877544,37.59450313584052,36.65667119095808,38.19296663311992,38.35497739758676,36.27399417016312,37.56009222594492,37.83583010332885,36.69392402214307,37.7692628509534,38.3199351114834,38.010241175989265,37.16459302601231,37.68345054380236,37.118427859781065,37.31582180528747,37.69120450273097,35.32658098101285,36.36244779210897,34.87139267284698
1308,20.215128098618305,19.149062666327744,20.95920403965668,20.315138253379825,21.29488697230906,20.837205312306917,21.109015290819695,19.986890173152524,19.730121340851294,21.04871685994914,19.736675164804485,20.55358709760988,20.46009404828706,20.332736542670265,20.531148305767715,22.563005548005318,20.34556393490767,20.747161154028355,20.565107272080066,21.1370990116609,20.376776895524813,20.78670717642473,20.295129630324425,19.458016651384842
1309,25.56606801456167,23.838329198248164,24.532343656665976,24.11227348736372,25.176410116142918,24.72097391808597,24.60075417656345,22.80659164987962,23.600153964796547,24.552401571080217,23.69786920651124,24.065662986376573,23.658390666671377,23.815665162625656,24.49253156312755,26.505613190975684,24.168340135036992,24.012782844359815,24.181308163190483,24.76536103101595,22.701272971827198,24.12422811296198,22.614976293003107,21.99975458569562
1310,25.52444386335243,25.148913675285147,26.687295851816224,26.327992871480458,27.70870959413098,26.392023284889106,26.153144382096052,24.768835626794242,25.03606633818932,26.40074848882677,26.124752174850126,25.63021142779131,25.884219462206158,26.011067381666958,25.751552918334003,28.384510588703016,25.471458621135184,26.106943058982942,25.980297948189083,27.003220758568652,24.453232063959415,26.278511870189387,23.789671458996253,23.525401736361104
1301,35.67288278836202,34.319553535113926,34.49544821842774,34.875269942058665,34.70053263048611,34.641871085015346,34.57671432898884,34.334770558726134,34.84856288312563,34.465340391353315,35.3451507049507,35.380105396391684,34.90587632277185,35.15947472354312,35.25669469009196,35.29548196648132,33.16428469983187,34.63478027861345,34.16513579037108,34.721884541697584,34.90460703157872,33.53760796926512,32.4093780280629,32.36851867970325
1312,36.75131670701065,35.36065234569316,35.55306515755069,35.740213883857024,35.71464826007206,35.972693268625946,35.527255056797834,35.53573304267262,35.74019032800004,35.42642366979391,36.168657932418064,36.57441658578899,35.98608114731544,36.051467659933124,36.416041726402455,36.32530215263091,34.38139246660232,35.556807479269025,35.234796129047055,35.69104270992823,35.84189053362379,34.18256691280338,33.64945322173833,32.953504775647545
1401,35.901081134840986,34.49399696688107,35.286095091903476,36.733830574198905,36.118730809160056,36.31582052929859,35.79383664750835,35.41732408175423,36.09165716552668,34.496367407344344,36.35341134782623,35.24923872686083,35.36549506898713,36.67580518466133,36.781357300166675,36.17790582201006,33.60474983220225,35.40612080717368,34.81680101396703,36.05525344615851,35.57725166492973,34.56252353116932,33.400373997070076,32.64755560771933
1402,28.900072207044484,27.991484436252424,28.89279012261807,30.68347141183897,30.21395734149571,30.05914677955408,29.564894506510317,28.854969941779856,29.13483575007471,29.023290900467078,29.752564304910912,28.35280791311843,29.08993500280878,29.83664134107815,29.618939176168876,30.42479017761411,28.24473481494762,28.27518347212306,28.07464524147119,29.57316457334327,28.285280979465156,28.339837627730404,27.06738716833495,26.340226184639892
1403,38.679315598362436,36.24455102377668,37.763412499757855,39.35900441286034,38.04373628117462,38.79046415684347,38.59047925324792,37.78868150100449,38.531572423512515,37.49296088052073,39.861862483979124,37.40648359583544,39.09171005594712,39.96227252633676,39.50284299546401,38.8467748121187,34.564924092888596,37.10618191365567,36.66915192517571,38.40892799279381,38.62540362972862,37.13238530186984,34.42443760031554,34.594897845330294
1502,38.01994012487559,35.77028551878342,35.727694725950634,36.17376265526863,36.02324860560176,36.44837443046767,35.8254043732703,36.46545416149686,36.21352160391118,35.695989382362825,36.56181582593567,36.87060541003841,36.382022506605935,36.710397587578576,37.047350286469964,36.98434256117648,36.947204962382706,37.070631383927086,37.01638874027421,36.60856936074467,36.82613505342132,34.944636246233664,35.31908691874291,34.376419564250874
1503,23.813074811622897,23.404547592177604,24.48748261661496,23.382239800249728,25.745909818420127,23.637152329078464,23.737111163958335,24.010116671911863,23.635121282611113,24.41961082505904,24.001587390646343,22.793423784355046,24.206505043992742,23.964930921284324,24.416483051651856,26.359713251512723,23.40533402711264,23.97233410360202,24.134716706564227,25.164537826721425,22.74533691523293,24.112809052653436,21.836618337339203,21.23047520211467
1504,28.66933444878355,27.897401283624234,29.445998914777896,28.51997131561233,29.780293317230775,28.36009243322224,28.22957346315834,27.723768055620422,27.726015606166605,28.98099229042936,28.341709190853383,27.72161093627311,28.853009499856167,28.4271198094352,28.563177318916313,30.157515567274437,27.231653118099565,28.184985891540308,28.320361779388804,29.16127863435735,27.663738939002933,28.247222951368364,25.230361171174216,25.297513632879454
1505,37.48262946946437,36.536809299699875,36.260579645690754,36.106528156871654,35.98117394862096,36.187619672140926,35.945363140194594,36.09477686403484,36.125112441970586,35.99179357047716,36.40104425716481,36.523950055843635,36.895277691800544,36.80145325129527,36.45305447976579,37.154209342349006,35.86122896851851,36.766213712154475,36.5794825496871,36.663431686726405,36.489367019980705,35.33313967928325,35.17164763855057,33.74972694439608
1506,30.85274249229944,29.328999115576476,30.59499483866206,30.037097767859738,30.730048233908168,29.908479943733546,29.894188521350042,29.83129936646621,29.688950150164445,30.251750510442214,30.199565510279204,29.663715831192498,30.331709800447623,30.22887237739451,30.31714328956061,31.590718630000392,29.483783794266426,30.06410099885304,30.22152990003643,30.618485045765777,29.558191399025834,29.440741216811343,27.546416092494052,27.349694150353983
1507,27.040451072440845,26.628140736921555,27.80858697573023,26.75146274127981,28.293640637559626,26.556735116702278,26.833251953760282,26.643136668646868,26.522889566208125,27.583421606017804,26.749407595526012,26.113414953657095,27.58829379343668,27.144478955500457,27.19507805011332,28.99094823869767,25.74175446777845,26.619029017986843,27.014511099418023,27.73512755464133,26.051360364461317,26.863296620544485,23.91974316852435,23.455270935221435
1508,33.92824257629721,32.40829280229445,33.039391656559516,32.53051284996674,33.137828897452245,32.70768240279483,32.60676790256498,32.64189095983291,32.55113433696097,32.81597937373565,33.07946534589726,32.73420051507209,33.15639363224863,33.21679716275577,33.30523006926876,34.039433595943535,32.24068055916459,33.06661252029788,33.190893536163635,33.35430423866656,32.437534409075326,31.92937886204468,30.60180408899868,30.28623010391238
1509,22.91557250799854,21.685879623803192,23.619599513683006,22.36876730797436,24.54652126644866,22.564401216352035,22.789935805658796,23.31992781403779,22.610516025634862,23.5342874853415,22.648106006780306,21.71435633834974,23.103390216021705,22.82782124459626,23.249353884471645,25.379946991871506,22.535399188047798,22.75284732789964,22.99078732886924,23.847905589103437,21.75740267906276,23.347014860803114,20.825425816015507,20.372415859274486
1510,24.14879522260111,23.31469998599352,25.032527406212193,24.188446297017347,25.85864835465396,23.88440254823307,24.270844792122475,24.823034121847325,24.31197350483064,25.32703463656726,24.28299991964838,23.471505624703685,24.8547912775852,24.2355162941732,24.887212849807405,26.902915055452624,23.652920224856842,23.928199640756905,24.431552508686927,25.419742168435477,23.38276925927614,24.92906661527168,22.162324723053153,21.26851145670569
1602,27.604320275759573,28.040128066165337,27.33463691802392,27.228366831372345,27.441147599059075,27.318130477653526,27.65748753762146,27.34777972815484,28.018823426627506,27.965629039267323,27.524012742091106,27.975092348431605,27.880645181449275,28.395920295716046,28.708625760836565,28.622391946521624,27.820413026801226,28.082245047320388,28.01257063182128,28.317213868310795,28.324883371469717,27.93170633551316,28.07340042611921,27.468239103469433
1607,27.261404647698747,27.4742491804312,27.351450645064762,26.874588691853248,27.153762288233985,26.852624572090733,27.472165842193817,27.170386664509635,27.77414720561154,27.779733194903372,27.290035543240393,27.53571281913007,28.05077275392338,28.207723917397875,28.166752052802753,28.163128069322536,27.392548800061675,27.74084720597183,27.832066697256796,27.947319590157793,28.028414137617755,27.582404881689477,27.764642712842182,27.444762737690354
1603,27.762910289533046,28.2236917493278,27.63383024552076,27.682910973292202,27.87885119582538,27.465977998655593,28.01295190433939,27.43899574865108,28.222424784138184,28.442809477673137,27.885189185204695,28.042399684072663,28.418358929814875,28.508256784303533,29.00335025950242,28.88502855353672,28.215685926322504,28.3218311486493,28.47068998572163,28.79229049006103,28.388168917771466,28.201143198868557,28.1951706334289,27.95813116976053
1604,27.355526816997017,27.70968272156281,27.562319863221994,27.059258698897548,27.78651029393677,27.257269331323975,27.83763981538404,28.130812590106284,27.911244013951602,27.756799344251746,27.685355562190004,28.283596961473872,27.60500602799215,27.997967106377228,28.498843179072303,27.965191726355883,27.872732557632624,27.996053524016464,28.082003879900885,28.781230802985274,28.27775906571948,27.99419029109999,28.047099913971685,27.743509655567173
1601,28.027637967331067,27.949738908332847,27.598902303466716,27.731261994056958,28.02663219316362,27.516860846576623,28.07478237850304,28.067486683672893,28.19271535296634,28.57122851541216,27.820707990341596,28.252985857261017,28.148410542199244,28.467082442321626,28.846599362310563,28.773915303996763,28.079636571031422,28.165181221171615,28.529720884151317,28.707302462760033,28.47689758534697,28.134283208226638,28.46056107211702,28.039576931111153
1608,27.707432859793435,28.08527784236332,27.74552644459327,28.04134571890306,27.995837327884303,27.550781024833817,28.00350809357225,28.213485733903923,27.96527059925663,28.599796848202633,27.74750372635677,28.458240014623982,28.07456844487803,28.369014588249374,28.584741829852607,28.692167791158177,28.11991942881795,28.41138068641104,28.416567338118483,28.76790201760878,28.512647580697475,28.244267133176347,28.255998632608737,28.075125528076924
1605,27.72513877035551,27.537684070205614,27.09617841710492,26.797021958676382,27.417255809309285,27.202898390659023,27.502041816464033,27.251268115777815,27.691223406321246,27.63528444244759,27.82755743332724,27.712749882337643,27.664855320447273,27.77255262023418,28.178020514766185,27.942910675405276,27.73035406564722,27.79062196648299,28.0373951336791,28.286937113220745,27.67598388706709,27.83934872402548,28.095156714286897,27.550907010158305
1606,27.12998955019002,27.195154352748883,26.63385826766617,26.289875247205725,26.71350326173481,26.637323618673047,26.67538730239411,26.652677043898127,26.771960617546682,26.931878192973663,26.659678541300597,27.097788606303887,27.097900879732183,27.232864586830658,27.895042053560807,27.465788311401443,26.91445227440919,26.891370320115175,27.031306749801374,27.100062383655082,27.164851926007692,26.815458758450717,27.442531414741747,26.82785858003474
1702,25.10864353995771,24.71795711343459,24.701160684267897,24.71444526206791,24.163030257133347,24.43662694434981,24.62533633161745,24.759764564724744,24.787963060418654,25.110820813316742,24.913149071130626,24.650579696982987,25.060111854064306,25.49080719970997,25.90086981702107,25.00004473682426,25.105076643012374,24.894574775058356,25.399969388146797,25.879480697908924,25.442528563471114,24.639020196659413,25.671319099936653,25.067882986718807
1703,26.477051443915798,26.170726533317556,26.017708313248185,25.829723572846017,25.891204222211687,25.762233667507648,26.008992746897803,26.126536479844134,26.442605491786885,26.46834796306983,26.52106470790885,26.46129183420543,26.68875184127137,26.739304867987034,27.618351774464053,26.62236078507062,26.405995272245363,26.049027733469217,26.762638424697293,27.11206505819401,26.829877083510066,26.118352957890487,27.251641248772895,26.63910345615404
1701,26.392936944931225,26.211743219254476,26.002426996186845,25.937579974161626,25.452369832141613,25.740271455115007,25.594281539234316,26.09918912644447,25.991750117841093,26.18846526506097,26.342257566595183,26.358427108332812,26.629038867955696,26.71298203158184,27.38356171568744,26.613368915632897,26.618880759654147,25.797388911151963,26.688778728027426,27.16150223710079,26.691100367771913,26.081881067484396,27.07715104879665,26.36307557880411
1802,29.19881907980121,28.652723032362857,30.146306994946606,29.874520376120255,30.184128414217792,28.331105446236556,29.487003903585933,30.579741729622057,30.196066521366866,30.54332745286864,29.41804360404701,28.23144283498828,29.607335448764537,30.985663796138166,29.69795497446044,32.0410313675397,29.01855548356555,29.58819239568455,29.72698188788745,28.897882356563915,28.860058782624407,28.390954129652354,27.596673817151146,25.88689876979231
1801,33.854748744268484,33.18413489552874,34.339787914399516,33.83695666151164,33.88889389759704,33.167964851342596,33.66374124276157,34.07758304397886,34.113676215593266,34.47189302894618,33.52845512588702,33.05633603268307,34.10842895617239,34.728347641300104,34.19974181140825,35.69436290822437,33.550812759576495,34.14387249516148,34.256295780335314,33.54331682495833,33.540356311869246,32.72013882622276,31.985507866190108,30.550670467787803
1902,20.907603167690723,18.84141220964661,21.92107297684967,19.91845585870821,23.531881874454808,21.890682102311683,21.997764293857873,22.04480404379773,21.041407696860244,23.47406132324571,21.389301584797643,21.268456426711346,20.45370160831004,20.30530629586956,21.9789249538063,23.683833095291163,21.40581246887134,19.83289362156799,22.311122168362658,21.770186990285413,20.703286200632668,22.620366723774787,20.809175768988354,19.851388660132038
1903,23.38358746998945,22.80171154305454,23.11271594362759,22.852053052429955,22.667137167527528,22.710769027493278,22.985602267871045,22.879188723749607,22.998819307016273,23.535596143716113,23.27984678430221,23.363058117986103,23.319754665748363,23.567918514924113,23.922721414220607,23.53980019569601,23.3676771780031,23.48535555484862,23.41315172656955,24.161758992281573,23.51556071680691,23.215486950097556,22.981700265185065,23.139265463799138
1901,19.28362834282599,17.24764788946442,20.190675354037477,18.64593961119549,21.621625310254366,20.41736702697533,20.371899569036792,20.57485786047036,19.34780576600675,22.032308359495115,19.608524475798422,19.863846914400934,19.22849714665486,19.153026540420388,20.555647020488852,21.959624917474216,20.102491909908824,18.984815158035186,20.920742817274046,20.70114012528154,19.47498339176092,21.048222105627758,19.67206776648267,18.693057812511665
2002,28.113246038835793,27.447514511485107,29.30523484724872,29.427601627336923,29.284513868734322,28.14722134149819,28.090809096007067,27.22398243186572,27.81265211439637,27.819036585569336,27.829191413506063,27.500926970577282,28.85244485435553,29.301402844940856,29.0027889826105,28.780616406888484,27.65472186888396,28.91114314146225,27.903141305290845,28.77126198541636,27.792997508503213,28.131573428889254,27.22869690608484,26.781353983481832
2003,25.156321444692303,24.341824457681764,26.786404987228824,26.66466251335007,26.120507291581873,25.933671502891105,25.504488863135197,24.486286651615387,25.158941638133953,25.77402337555002,24.600537035359597,24.058810743874506,25.453407499893782,25.655882511864867,25.18738381263564,26.319145322152245,25.171193565173844,24.780017185044798,24.178263211996406,25.583749582788602,23.844640081670136,25.229186934374955,23.629880940057948,23.683573515395732
2004,31.811716023602965,30.03922835421633,33.521959389655954,34.242445119290515,33.35379732162945,31.938087997438743,34.22276472856714,31.040488704555038,31.442232023346442,31.347062677224024,33.79271615719198,29.712935938726524,33.41743050104783,35.197655712032955,33.13795831876489,32.522573764942834,29.68705332407508,31.86155115202196,30.62089152476042,33.297499062179526,32.724547012917405,33.113654004632494,30.136326066877157,28.929234316894767
2005,40.13574814080789,38.84273790350108,39.35481136511571,39.706526321840734,38.773547822713155,40.29817939155391,39.39858110959549,40.598681560930565,39.99736788866216,37.782688466586514,39.930465798557954,40.179095849992315,39.05681363616394,39.387137901836,40.33211336415207,39.37606831303608,37.41733881453387,39.18253465377666,39.4000282186629,39.01338894284984,39.97895790870137,37.48207916824269,36.60968131676826,35.572206560527725
2001,38.39835362616743,36.01265932982352,38.32876603410928,39.91660897552792,39.05398650331832,39.39495423892088,39.8354102149819,38.30828288879094,38.77936480169061,37.40727122962012,41.052145503927584,37.75039777164722,39.81796483378209,41.64644661387448,41.01252300132066,39.18619742976051,36.419747866893204,38.96217294777569,38.42521865578934,39.61267840655406,40.49058258269947,38.83338987547663,35.43163424010517,34.50526187251652
2008,42.71744586121631,40.01522066681839,41.35457167086657,42.278788899072495,41.05760943024351,41.92428082820751,41.82463009360434,42.338604884928685,41.83060252772625,40.41246380360576,42.3909100144799,42.17953314800044,41.92866653744471,42.624543531786394,43.09543102628068,41.426138618350016,39.146625927646326,41.577523439356696,41.19999315341637,41.6340341769674,42.69812170563476,39.99658307618745,39.03687644568221,38.358093648678256
2006,35.508512451111976,34.73855033929656,37.73173988939847,38.260812982759255,37.40996666624685,36.13605082880033,37.73026319743851,35.46698891997839,35.957231206805325,35.58923108991081,38.69529315089116,35.54274024470407,37.551739950385816,39.38395139595626,38.09779168622999,36.60268442735878,34.03115075990791,37.700549895045974,36.89029970199366,38.36122336469433,37.0444332148703,36.93141750398862,33.87486583054476,33.43195381277365
2007,38.04033953639031,37.00478180117749,39.171370156989994,39.37158372243368,39.43650012108212,39.53018589481161,39.691493493901014,38.536765949401435,39.416889504238306,38.788589254835784,40.5360292056109,39.75853236684731,39.95647411906966,40.531503747520645,40.854548269800496,39.61823389248884,36.59847613868146,39.09776246211002,39.703476845867854,40.39180093986344,39.72503003023956,39.11056118292585,35.373860374663785,35.89240271589734
2102,25.70662341574718,23.24398999536258,25.102736938718902,24.64793046358949,26.100900333926862,25.356352252948508,24.619214877529203,27.524230729973738,26.717528396819873,27.270469066656748,25.83374943937942,25.556709823328973,25.36979589788839,24.97924485885372,25.444125897324728,26.818955084473497,25.60123531691715,24.199170514478038,24.67872831493917,26.48271659973269,25.231873505780555,26.174744569362176,26.726829591343954,22.627315902890288
2103,20.786934265690995,19.87009631732143,21.15629177342433,20.854899564782805,22.234974298142774,21.277543290106834,21.666985510559687,21.581780117533665,22.078896429966093,22.923436087255233,21.685123734587293,22.089451713276766,20.83658851281098,21.099067392083658,21.79060290604146,22.748032854459584,21.825225933980246,20.37857855313778,22.137245775190994,22.783853721480984,22.048934570178112,22.44446963855237,21.991322611914512,20.994530438185294
2104,27.322269832443602,24.735456797659367,26.883404651343824,26.19425546452365,27.484926674728822,25.456509366862456,26.144962980133993,28.23883256002574,26.98828618848112,27.82794691626785,26.920896462428196,25.72886202525713,26.28976575293833,26.788122306814753,26.76528086180199,29.697652823669493,26.797912439017313,25.531772890345934,25.357968495935356,26.70595196356316,25.778323032547778,25.906399723506535,26.390276563009166,23.270185050523445
2105,26.789833664703867,24.64589421997391,26.513827723548463,25.920874503430877,27.186289246843646,25.14557844767572,26.03197850216178,28.055660752010716,26.679399108827923,27.655823488290004,26.907998646609748,25.389371216425857,26.370492369225556,27.1189066419269,26.306157325020145,29.808094740926848,27.268606124307684,25.974002412609657,26.020376091135134,26.4990439179614,25.504030515009493,25.825668718805012,25.123670758001857,22.727164521426342
2106,24.090329171301487,22.007442273056654,23.891285969219158,24.34310014584499,25.465227324990735,24.8515652053668,23.945006330127736,27.13957247279454,27.04294328446735,26.982766288539803,25.506142153052213,24.803037054127174,24.90452144676014,24.022108350136723,24.36442490282106,26.923525079869034,25.45806567794171,23.898555069819082,24.3651311863696,26.443476161672372,25.14129098354148,25.642722769023983,25.914132747926505,22.53766760746309
2107,25.216840413100147,21.700924967139546,24.974314893101784,24.500096272511797,25.458581426527207,24.02399955496437,23.439676703372474,27.29084378447895,25.532672291596406,26.407935787147707,25.171787263187394,24.115545533663127,25.211894755022662,24.107199776481668,25.00034274689821,27.594259418930505,25.042363886115474,24.11344609176437,24.02656589076391,24.88518497747945,23.686596636968858,25.79109143158613,24.671417183052053,21.64532965401614
2108,24.607541711739714,21.010450137901575,24.148159594230535,23.1871524193073,24.67610819614717,23.933952435601707,23.34853983098359,26.461944961634675,25.262700857666054,25.817769140341177,24.286296090543914,24.049012950828708,23.75916083224305,23.3364990577185,24.253895498486358,25.61069274853877,24.5325313865124,23.045306044296495,23.976924384118735,24.65270981730951,24.147379447231597,25.644558899452498,24.446623280676953,21.731101252182878
2109,23.055965045445852,20.205092176964985,22.25240512102204,23.0145336742718,23.843163908139534,23.311381626211848,21.975845994101142,25.27658518728277,25.254544417892717,24.96348104823096,23.817391525655754,22.94022695912625,23.118215272557897,21.948019110394622,22.489193700541414,25.005504192746645,23.011338234809624,22.326366423452168,22.32143054379062,24.550415826690656,22.896873198568585,23.938716887274662,24.68875206290157,20.968583191388532
2101,26.465931976179494,24.124256058649156,26.212222610962172,26.19919226483577,27.175412873610547,25.10826238538688,25.429967121040107,28.153079356428215,26.733052716726615,27.652399204576447,26.763895579031033,25.40724891845889,26.396354424669877,26.384092853253197,26.373440064490776,29.424745957867174,26.501478880364548,25.75857341279762,25.497918667893703,26.304736215548676,25.318972319300062,26.24686486465296,25.53767575877026,22.74966925436512
2110,21.18489898079152,19.646364068087756,21.984700386496485,21.480681245297426,23.699893646795093,22.832957090604957,22.26059277051291,24.155252969737763,23.933373473403577,24.472360944521075,22.66361026468434,23.05038302058302,22.228565745066415,21.405240055481848,21.145299332194043,23.781150421852942,22.702833620125222,20.725335688460188,22.58028307163442,23.766211927303857,22.706121960238516,24.087301060209654,23.543087073995338,20.439458376245582
2111,27.861386729329148,25.810409507885062,27.354093972006613,27.6963432126209,28.201281197398583,26.96878245362301,26.80898726430017,29.429390342120044,28.245437104989055,29.163464911869408,28.09281472480858,26.24698739953865,27.662579764443223,27.938045718358516,27.935066500177385,30.534215934020313,27.516897305189705,27.106374388326437,26.789942026383024,27.411386887612295,26.22787619153363,27.26390848220171,26.737944893837263,23.813699940175816
2112,22.201641533830518,21.64391192908064,22.186490568054932,22.25221367545602,22.267711620154316,21.837531494159023,22.29655315793975,21.850786794930638,22.288881371072854,22.90695465997476,22.434082986760643,22.514086859168202,22.518275655916085,22.609589467552404,23.072321532062126,23.009372232111104,22.69798871471157,21.454342835530444,22.800459769057063,23.541479268087645,22.435166955860584,22.315934374419665,22.819396550136815,22.2254425027467
2113,20.840072417710466,18.956761092929938,20.87610669361375,20.152879360418805,20.8073743325539,19.975038822578338,19.94112411289685,21.848014551928213,21.36717617238944,22.030487924793032,20.975620876210034,20.38239800500512,20.241720285647933,20.472773620241842,20.737560099353924,22.60185945343565,20.415938627143785,19.568077966586102,19.95925765576488,21.830392709951326,20.84791524884686,21.017176600301802,21.060202855912305,18.966283188002233
2202,25.179426879107993,25.238483647039054,24.649655829988745,24.7253834191841,25.2041996268017,24.64316326108825,24.834761045497054,24.417530992957058,25.467746307181358,25.68247897330584,24.747434327767955,25.50123452740214,25.527208645747407,25.12544211216385,26.034957528689404,26.053819517138663,25.053619908329992,25.36263497478106,24.793586837215727,25.655185865987953,25.15549267979579,25.167436702587896,25.44972973587863,25.265654501321592
2203,25.62276617178119,25.76517468168797,25.6903528284142,25.811421942914862,26.364660122397044,25.806950527679167,26.652346230055446,26.090291638346404,26.80856277243804,27.29899085801317,25.898950042836805,26.96704211751208,26.856821355895857,26.22080721453,27.873337846819535,27.539791964042653,26.214270797011828,26.76658454370225,25.55767373862119,26.964166108751986,26.56902120228731,26.32085709674475,26.87806037983337,26.628602632981888
2204,24.189736036781973,24.077138184760837,23.776144143435463,23.819163127472,24.250193687164533,23.91489316253091,24.326595667390027,24.045980323324233,25.309648597151963,24.926699469755476,23.906030119975465,24.893398019545938,24.71010359909514,24.528520512775458,25.53058178538526,25.292242373541246,24.270572572705564,24.6339216468968,23.928464430401064,24.96182138346512,24.655848239034675,24.262514938808458,24.882433446124296,24.445637982993517
2205,26.2334158293139,26.6296404546547,26.430721909359395,25.894573697053282,26.286400532559654,26.536655834515003,26.63069934041898,26.516021868483826,26.648830909759845,27.26948108199723,26.223334691722865,26.849747675225544,26.66340004762938,26.802770861857397,27.49916216532708,27.275829477463713,26.64526365843433,27.137513951265547,26.513758519145654,26.889801803951737,26.957395438973897,26.54818078350444,27.006550711913878,26.336257456878155
2206,20.39313295196863,19.88425273858721,20.417199241463443,20.161560945760414,20.59370541100509,20.206381413120475,20.626322590880847,20.17662584916822,21.05190906359727,21.03405161401179,20.13451366786637,20.658692248810684,20.74457305973348,20.549879667306488,20.93771924160282,21.401108749802553,20.359435478505763,20.992693919906568,20.44104205543764,21.026247597524367,20.9211265446313,20.613498138736293,20.836130490214412,20.372160753341728
2201,24.053534233188422,23.843932677295694,24.110923108631198,23.71018244491367,24.160088725794537,23.824755885631642,24.438189760743356,24.088244807389504,24.905382902636276,25.146840446595505,24.27187028876039,24.79219060626999,25.18205281311797,24.836865190568002,25.508535949660853,25.690359037768747,24.755125381475462,25.110291674918223,24.53552154293201,25.04738016271686,24.97651604253838,24.767874009985427,25.217923129023742,24.235139657039813
2207,27.16639711548921,28.3783400777984,26.76589007190434,27.850820525998877,27.5771494797622,27.771208799508674,27.803060447025235,27.05569483288291,27.760853972305522,28.602116156821882,27.269612472707305,27.901211961026874,28.04038674548183,27.19468436373423,28.880471797380853,28.698315740757536,27.742400807171418,28.069030521628914,26.877569485147607,28.01618484245035,27.46427103462767,27.583403759026293,28.257519825628044,28.369598971210813
2208,21.922609399799676,22.012626944214798,21.882483864359074,21.73894317628729,22.17642717236938,21.867305999694842,22.279078450719126,21.939575521512058,23.024477338935593,23.204710483951537,22.146372091189804,22.858340526437416,22.89440281215589,22.774149636546735,23.168248337876605,23.722017468091302,22.445465580378908,22.80808858661374,22.559650771002325,22.79640970181071,22.69177153437845,22.65308114804729,22.915464725939987,22.257672381501212
2209,26.674617486394546,27.35164131063155,26.681686260105174,26.564460941458304,26.74324295737853,26.73186790401582,26.93872557705542,26.50992721671197,26.90561098151197,27.29381426518551,26.596570077195363,27.19294484085104,27.17314291816673,27.47638838558342,27.9744594842604,27.866385235803378,27.164693407147666,27.42688819230407,27.189691409607494,27.359773289121023,27.562365324351862,26.927754294852203,27.446642794121306,26.988332440236626
2210,22.167475378499947,21.75836897112575,21.897348739919096,21.124117288861175,22.0441960111813,21.51188774802408,21.8694084292031,21.358976167823542,22.17470345490869,22.420416305275964,21.73629386132273,22.379952700113083,22.27330673422247,22.205618577611265,22.51355265292371,22.72932480094609,22.126921949070553,22.44065882133321,22.15803025889311,22.575424602976433,22.2913244620986,22.026766649203804,22.1940792933778,21.88804861202921
2302,26.44183222308529,25.816316224755198,27.874790944985726,27.343988651528143,27.437782368591556,26.239673777369692,27.364125209135626,28.152502120622724,27.61202663664157,28.68967231287097,27.12558985253703,25.640959270636195,26.919153316597544,28.892907277766078,27.09462202992817,30.09845658824878,27.219242044406933,26.970235692019298,27.83716405237867,26.67267777307509,26.451149986270458,26.40139575204756,25.541213843889953,24.100262203006547
2303,39.078639210132785,38.307180838530805,38.689169789118985,38.44386947438235,37.85990172633259,38.152933313716865,37.6811325892251,37.85210170468372,38.386872084277734,38.32540253965953,38.09531428156182,38.19236273953327,38.62336666348609,38.53857852804824,38.323066645705204,39.10340092314574,37.84451387396118,39.095406178851285,38.676266703219305,38.15027089902737,38.27120288502857,37.22291100240504,36.866973419647294,35.4756695574331
2301,37.88762936991323,36.89459005540183,37.51939485962884,37.352072392207326,36.84034079106806,36.748359518194476,37.024320298872404,36.99912698303064,37.463705957909475,37.48707652704809,37.10456463975728,36.90063482658456,37.52134800121594,37.8121926603777,37.40284238100236,38.258895480807155,37.23935452263994,37.88503203529567,37.465106077501694,37.13364945990467,37.01153327824607,36.1590379181438,36.137443763317584,34.36661445536956
2304,28.32102530889943,28.025748356899108,29.434715739643792,29.057960333645273,28.715605521078903,27.788305599665502,28.966207125817036,29.13245543626868,28.995681602493036,29.957241375466126,28.260610953294364,27.177943256549717,28.505881332121877,30.107944185411043,28.88565786559819,31.203510119678548,28.435829401958216,28.602720483382544,29.04335165887772,28.37733318866676,28.197804456776247,27.196849330086067,27.13458990902216,25.192006035411502
2402,35.35455457361584,33.47959429726117,37.857850131963495,38.44014244649456,38.38931208016757,35.87830925119405,38.055717147974214,35.007262653179616,36.43001318053858,36.495677834407736,38.86488909517628,35.04719859603765,38.48808436120993,40.61333365007409,37.604862141087736,36.675641001458494,33.18260197671983,38.045413050042,36.50671429295201,39.20010668240973,38.821315794590014,38.95074300667556,33.61157891779724,34.560323989491344
2401,30.01860069946396,28.704156515343087,32.133501081135854,32.30737745866364,32.46986239750026,30.489224318994903,31.79403496551012,29.124054354498437,30.934835075876773,28.96311962495563,31.84637962640203,29.309914924488233,31.750105831585905,33.31224969381949,30.088480572648486,30.587810090538056,28.494592271790463,31.903395057155034,29.77997961112586,31.99545029365541,31.542135181221514,32.02165295713001,29.609593871213054,29.28818919690969
2403,29.479454602579086,28.197038295043463,32.86202558078567,31.782839841016287,31.61545268179965,29.949656695426107,30.856430623569956,29.368268586950542,31.169343419102137,28.451229792304172,31.9259338790088,29.2232098762551,30.811158932186604,31.582475264864172,29.92544254668478,31.039953973040127,28.226962627891332,32.50561611019961,29.964903786229353,30.72837342911635,30.87522312020334,30.908306331190442,29.41200489393563,28.734148100938498
2502,26.392643143205273,26.045881472831805,25.86013935224683,25.47880335815189,25.57288675392169,25.697864892028523,25.594657650322013,26.044167690192502,26.27994489804901,26.32545131749707,26.254218240762157,25.930011893347103,26.300109272468763,26.565720923565667,26.946157666270533,26.328515464062278,26.177141491399823,26.317746857512823,26.416729061948743,26.73431081265608,26.169966050129666,26.023934090059612,26.663496894088034,25.708412592569495
2501,27.624844039255965,27.53150633645458,26.99905010707973,26.368619274033524,26.977874003029445,27.076994364399333,26.948828190586774,27.2186207468168,27.418768637733674,27.36920216498857,27.13775972907005,27.373622483140018,27.573201608654195,27.650116037714657,28.076067044595714,27.63132870315121,27.487427925611556,27.31386556628663,27.81201598532792,27.856886973040464,27.62637862782624,27.302603251473418,28.00066571328226,27.101495606705104
2503,26.754064096652648,26.420653789641147,26.15066657329873,25.60002467902146,26.039630601094267,25.945500794322495,25.85647207298139,26.21643764495431,26.587243963161903,26.377767775204937,26.267973403644863,26.696609717819204,26.553852944693343,27.022101623024227,27.397464358183317,26.91417214157844,26.587765180260156,26.706708338166997,26.696569511513786,27.034105835209242,27.083650044480557,26.349736442441085,27.12094197906845,26.25685477021399
2504,26.404062671231397,26.12029571468666,25.991808496467527,25.856393820928577,25.799378474669197,25.748988949573803,25.9887483939567,26.41058542515347,26.748485686011133,26.856121239977867,26.38923634269127,26.14097300076274,26.546832365397844,26.587677440614655,27.43000791526253,26.66781220198661,26.444682889569712,26.191010106540134,26.535673825673094,27.01951337069486,26.420168777847273,26.140944831328394,26.987815934170357,25.995114230420484
