ubigeo,v6gl02_mean_2001_mean_2001,v6gl02_mean_2002_mean_2002,v6gl02_mean_2003_mean_2003,v6gl02_mean_2004_mean_2004,v6gl02_mean_2005_mean_2005,v6gl02_mean_2006_mean_2006,v6gl02_mean_2007_mean_2007,v6gl02_mean_2008_mean_2008,v6gl02_mean_2009_mean_2009,v6gl02_mean_2010_mean_2010,v6gl02_mean_2011_mean_2011,v6gl02_mean_2012_mean_2012,v6gl02_mean_2013_mean_2013,v6gl02_mean_2014_mean_2014,v6gl02_mean_2015_mean_2015,v6gl02_mean_2016_mean_2016,v6gl02_mean_2017_mean_2017,v6gl02_mean_2018_mean_2018,v6gl02_mean_2019_mean_2019,v6gl02_mean_2020_mean_2020,v6gl02_mean_2021_mean_2021,v6gl02_mean_2022_mean_2022
0102,20.38194260852899,17.099248781689088,17.917782157157912,17.074161560320718,17.887090783265652,19.856720072309237,16.567896935130168,19.321972648406142,18.106203632927304,20.99768317012598,15.280075660869725,12.864058303104885,12.947493127706707,17.22655153497937,11.344346110985839,15.225696460128802,18.62967150968002,14.94568537606685,13.705161259816832,17.28976140294496,13.922437823151789,21.352718330765896
0103,20.05896340925141,16.866455490306272,18.25179823879468,18.337490574788237,20.036607450684585,18.93853362064577,17.362995960954894,20.42538570212779,16.63533590473024,23.533062443221358,17.99129903215473,15.386612983746717,14.196636790946378,16.995316479839175,13.54604215709503,15.391588354178067,15.63788029298944,15.210221656971733,15.556578572523796,16.586803288109557,15.523601501674975,21.069325942777645
0101,18.698025437738018,17.367701800735247,18.506355193258354,20.495901367910864,20.45103333046329,18.10581138084042,18.101318142824425,17.970223537878823,17.10431036462656,22.073899386060972,17.286422734078734,17.473790441661798,15.273436344517584,16.44289974394798,13.26697781797702,14.642984346686585,14.375218904456581,14.479735950062423,16.717382830715145,16.997571169736254,16.138348272763263,19.944029795922845
0104,18.349296784403602,16.124275305806265,15.145081300173988,15.588488476833888,16.789574108447674,17.990574531429456,15.635269120556991,20.90651908814208,16.779550200293894,19.941360726248366,13.15888246165056,14.49076135836957,12.349562276156837,20.20440211012142,9.362189085693176,15.332363111881447,18.576013634743177,17.311520022928296,14.866690894422977,15.813180844672711,11.872708559489066,20.098639190376783
0105,18.3576965314791,16.929464566919524,17.86862293213525,18.36330012694724,20.022599800410994,18.104111891835885,17.206285429561163,18.282952319286284,16.774067077912562,22.19333081764067,17.761777182450025,16.460435404695634,15.537503670338731,16.373407073680376,13.894421904156745,15.101232314332488,14.594049747969308,14.76721520609222,15.659777710544809,16.810651867674864,16.064952827642106,19.434450945461972
0106,20.31304969655245,16.993309578347777,19.196751898954535,20.156054685000004,20.887534096687688,18.796535194149914,18.331639307502975,20.4109401592587,16.771151242296607,23.143647236555655,18.374826220245478,16.640427460372678,14.408797678068774,17.019054992252254,14.336979531837411,18.007291412206456,15.663726665832119,14.911544549437606,15.576802657031058,16.545683823646538,16.46485228380425,21.85830716197088
0107,21.494271384610403,18.213250912175756,18.472511489877714,18.267103169408998,19.591681611463333,19.06112957979472,17.60504242105687,21.60162263614812,18.61694931416995,23.187614993786482,19.09213903735069,14.91614055156111,15.329061196414342,17.3962341368273,14.06452050405987,15.592292050396248,16.209605158733037,15.350081607307748,14.237293634665326,18.34076116440144,14.96374013086732,21.155916383000875
0202,18.026775394412255,17.6009622477799,16.921381385034795,19.26924657478607,19.119913241160003,17.732876138206866,13.73000045200046,18.08448402898775,16.089250572808353,17.018215459370786,14.239312365415286,18.95480650346056,14.518165691293401,16.246845665252465,15.441086758126458,13.718260846035086,16.004553388691633,13.642709347841551,17.078838524029408,16.30897546260477,14.255983451459048,19.51951063965722
0203,19.574905488633334,17.622294405269795,17.466082434973277,19.7171035338914,20.53814065736629,19.180119517914424,17.54814169161143,16.283239926826244,18.899768453394525,19.372864193769733,17.073414364516413,20.96521523115217,16.929382412170632,17.08207105771111,12.701093554712333,15.874593219101753,16.191630384158916,15.370071274893624,19.41840414112774,18.2822357939984,16.69619730454457,18.83134666705002
0204,21.030470846273868,19.27444273425687,19.1804912248644,20.86146409688005,21.599059045201688,20.698977678505248,16.86244255587091,17.532068147605013,18.976022144874992,19.680986089543556,16.30490220158557,23.357670474550076,17.61562112522306,18.65288147754416,14.645184229175777,14.829453823009976,17.85353013098353,15.968825687719704,19.323132020924984,19.013905121660322,15.687990280889696,19.007231522330297
0205,19.744732943864967,18.547570553192724,18.189654602759923,20.136854480474423,21.303224234703258,20.173223234139957,15.525582470037998,18.716803851800087,18.769150018692017,18.734318229785334,16.34727202409353,22.673468604454627,16.058558140504054,18.132665941042777,16.78417538740696,15.605899106844877,18.40881976408836,15.517894062323448,19.06918253103892,18.593671075197367,15.947264121128963,19.715629778764185
0206,19.834668225255506,18.504467032813086,18.216952722060856,19.934171063559397,20.6715297534548,19.081515279309503,16.41790838546941,17.796045763739222,17.693257943750016,18.84606011395384,16.499247525125888,21.621386831029884,17.250158785599204,17.788528422416725,15.792476055070097,14.840347092727136,16.611156941634682,15.579789202788781,17.8812904898169,18.147930374286446,15.261698974177168,19.809618280438954
0207,19.312177227582303,17.637002856753835,17.769407145281946,19.86618202831304,20.328340524416358,18.933599189531094,17.605950008739125,16.53574239497648,18.58084920655971,19.294728584050386,17.70963877196596,21.160732231917425,17.25323588272621,16.859018198748743,13.2064900682264,15.338309850064938,15.909325106390591,15.289777111483966,19.419172841553404,18.31038960991982,16.172740664228,19.249095788196335
0208,18.75315597827618,22.462190322037582,19.79476529592996,19.599430929749875,16.595166219354986,20.20504366989974,18.56456380026681,18.225423778492015,21.028916627234157,20.329047490214254,19.812888133709247,16.871386275658242,18.52207349693382,19.36773988912394,18.616735268477555,23.5154205598936,20.287665571694845,19.303642667833266,19.167428940154693,17.654073050362722,19.979487002446103,25.248371946313878
0209,18.160940995366555,17.2206990709455,16.75749758472593,18.262751401878717,18.80662462185687,17.67262703884305,16.01261004875964,15.977569766870634,15.71193359592768,18.262277813408318,14.566556674288952,17.4484447972981,14.759002358894648,15.015421146482932,14.427466417860797,15.079416159569748,15.532481050866796,13.96321719274746,15.555137424957096,16.395182346734476,14.717353012618117,18.617210639743355
0201,18.52660633491264,17.944329327484944,17.522755986331042,19.991124079076478,19.670035555181347,18.55505500339218,14.95493022553335,17.739482916858936,17.073087943687423,18.153479610292717,15.270645558240641,20.01570949949434,15.442189839673393,16.995667321232865,15.818951615485856,14.633327011661386,16.655810003687023,14.377902321490764,17.583875909073807,17.65588735271288,14.77666224240782,19.910828095135674
0210,20.814769328984998,19.29903760077575,19.19013755346258,20.91054700106393,21.97628425792089,20.74572390089571,17.507597965277355,17.32064017266131,19.521575376631493,19.71887430818628,17.174322486478626,23.375935182663603,17.591038762989584,18.346991941231447,14.186561459501371,15.973344274289369,17.782992204883985,15.993020079531124,20.310414147983092,19.744001829705272,16.302910924598045,19.133326011791564
0211,21.97054076564922,25.809828374488387,23.681682780366053,20.794761487077775,18.700011723033647,23.99462494300382,23.324593199091304,22.01288943219106,25.880732753799293,23.11421387309062,22.261915006416693,20.00248946813446,18.813057061702917,21.620171495477916,19.77720170447043,24.174031412731935,21.203943448444154,21.17483370575355,19.117694683371077,18.29189127594134,21.00804914812849,29.44253128228463
0212,17.866405653693835,16.83567200829001,16.406289036237595,18.35563682148919,18.781482892254598,17.565368662316814,14.919500427827856,15.986962276865974,15.476900921408127,17.586191034420903,14.577532905794696,17.94010534473494,14.835057052911496,15.41189500979089,14.910083738339493,14.587434731277765,15.44829195641744,13.886443510865854,15.69112804761899,16.271639045183434,14.337526877409493,18.683695817668973
0213,18.9639484296822,17.318740279250747,17.204713889992867,19.261099966766068,19.933783071820738,18.5062020520504,17.266148541319808,16.659176069489973,17.883032587845904,19.613542833677627,17.617269711384456,19.899539013245374,16.921278159039314,16.79449619722819,13.057428337987437,15.147449886782685,15.306523712551577,15.432727633855398,18.646580349315297,17.54857861688373,16.45161437858882,19.15861721375257
0214,18.657882897166797,19.54422312145621,17.890841572529453,19.153444780664806,18.492105142097415,21.78387462154784,17.33523404716265,21.292959194372195,20.94788279590537,19.92280464858174,17.291111274210348,17.28808968560406,13.333507073925707,18.842173564924803,20.427196026593833,19.386477422689385,20.208095673287268,14.44656467189262,17.951808896643723,16.74129724328626,20.522659309212276,23.838483107717412
0215,17.97587404200445,16.810463191114838,16.405576871248446,18.44479681592469,18.278206303060948,17.529825560083026,15.674532792695993,14.717139256512814,15.546756572161591,18.069080152470153,14.385161762246758,17.174478395499797,14.610375353704036,14.883148197043294,14.146515133414276,14.512138153952945,15.391480543946138,13.752221521463214,15.571859955154485,16.154001513637247,14.199314063093848,18.137384528413826
0216,19.116467139421605,17.309356789568287,17.11573486410694,19.442254720828235,19.505995824739532,18.550572653353473,17.047418382776765,15.891121426702062,17.53667255087848,19.308032240186417,16.931928381775364,19.714676603094325,16.81682710317306,16.579915552428275,12.935305651132163,14.400685895573009,15.478221495946249,15.069305411664955,18.581735550067126,17.356995497947132,16.002776442152083,18.96435934124571
0217,20.111778327660172,18.68746992465814,17.926930372271737,19.867641218029004,20.41785858935581,19.283176967953345,14.4421191367022,18.90837823418191,17.37243701890591,17.886948835291847,15.50446143545476,21.884412809726555,16.012468509788725,17.399962287647316,16.3745469936438,13.845744065022254,17.220546156513482,14.874932837824087,17.801741259760384,17.06227798183469,14.660975909529965,19.6574306545364
0218,14.81270556795633,17.717199304672885,15.741820384128337,17.193450610803332,15.270260684319734,17.73467482468873,14.406637880617279,14.874002716692553,16.20651891872602,17.045053931521505,15.877044827556322,14.280862568608464,14.977714123442574,16.374406431616855,15.816633278509642,19.228280224228673,17.218927769742585,14.244084260014729,15.86233658588905,16.34647208206123,15.568498488039168,20.119613099794492
0219,19.00080023944255,17.25640220615908,16.860784753185474,19.12222866040022,19.190238840054715,18.312554779000372,16.52429248113377,15.630495860794266,16.66338701516533,19.11785422372916,16.0992531485155,18.82545746362774,16.262751746848583,16.066828350048812,13.244340347441893,14.262703216149534,15.001779530747099,14.844303565722422,17.4833924693446,16.74674887909166,15.5692633829791,18.93934599798513
0220,18.067278677417384,17.19624354203076,17.027255971410757,18.963038422145452,19.32590770511683,17.925004554284282,15.137538471529561,16.730582422524954,16.00413624212539,17.816461872145577,14.935541415843796,18.94216270810348,15.155170802846332,16.23495427324625,14.840579239853666,14.444326991559473,15.919210458431076,14.207247256533492,16.935639237378698,17.330302734878405,14.492164374796177,18.91472864011166
0301,16.881095421414415,16.744852525605495,17.075447714249314,17.194248414184695,19.518964788458444,16.19611307518339,17.37589962107311,16.425247304303443,15.002072173455458,18.745779706788596,17.560012888404053,15.48008206117951,13.968987676034075,14.2508822764151,15.570376294483415,16.149678624633154,16.23794228192586,16.037696209688942,15.896001763013576,16.44540798736634,15.68454082376264,17.23037152689666
0302,17.080412550880233,16.997797867217376,17.07561260619476,17.418662054017094,19.385031180505553,16.806258174721773,17.234210045228636,16.083969461608433,15.355536377886759,18.27305682056177,17.79363908425839,16.35487936135423,14.53881922581582,14.292811314048814,16.126763286519846,15.810605188706896,16.18606221843856,16.099392951757856,16.57613793834031,16.45919808905263,14.946389509278852,16.9060595666817
0303,14.814580706250926,14.517830773699025,14.872544796178953,15.166397486234967,15.77387811111592,13.77432743934655,13.254198452857995,13.000600315542782,12.638652921977796,14.733280303234656,13.587583783979387,14.828566753458313,12.203376482145705,12.221123121987924,13.522450353191363,12.066243636128334,12.77860770712696,12.237887173466639,12.658783115469634,13.189166170598552,10.59395902858061,13.972677744874275
0304,15.443294516123364,15.311459864070843,15.594241110807712,15.89963840825184,16.952198998665473,14.75681202299441,14.60911543053484,13.996024855938078,13.366306025909024,15.651130747297676,14.792567876864844,15.289805246174538,12.84492477660385,12.71875722034645,14.643031871070104,12.797742760106233,13.725857634963138,13.572261176833477,14.087194229201863,13.933376877010591,11.748354264915944,14.802734857621209
0306,17.245797512305042,17.42303057609209,17.819682992683315,18.393489412384945,21.46629721420683,17.764760766032524,19.899632519099914,17.50108338921135,16.534292941229502,19.320276062300287,19.79890538717471,16.56788281691968,15.258039893420548,15.117186836794502,16.81502891140579,17.846977064288367,17.120409468743844,16.923371115028264,17.788783332252628,17.31202302488493,16.558119018898946,18.321078474504233
0305,15.944573948659547,15.832496668507414,16.00915866908504,16.304559280596127,17.655464746966594,14.990469977623079,15.99714874785121,15.263611999590223,13.856899047406708,17.86835728803786,15.60660996160856,14.887862220406532,13.020910366642767,13.366640310461928,14.436538569084028,14.56176919980747,14.855648084021196,14.38082486318379,14.524860462037529,15.365884835400232,14.029236789520194,16.404853159698046
0307,15.820286916747103,15.525075851640826,15.598922603796838,15.79621112369015,17.058701390844348,14.516614200026636,15.172381030685683,14.692079695259652,13.573550744530856,17.11425543457661,15.167161811359827,14.644377946406323,12.793316978898325,13.128561866663635,14.322378013192154,13.893697939044316,14.401750611990522,14.055901437941904,13.874183896334936,14.886612449309615,13.219070195704418,15.936597497557162
0401,12.08618946544785,16.68300418300071,15.082215370465585,20.102438245600066,14.694789706277694,14.664764376215528,17.505218040582207,17.3077879624788,15.409938274939615,17.561325026406866,16.056975698684408,14.238974719870637,13.19258762465197,16.64564957468384,15.321668711900339,15.112791460493876,15.164509126986491,11.79659282185014,14.225051762199143,14.075753919863203,13.124621055510945,17.134900055272983
0402,14.381192386939924,18.34559459443153,16.73964234585465,17.930890070441603,13.910016375224432,18.800604309924868,21.029285161324186,18.50178430915266,20.203555615059706,18.143204451858683,16.650551092800455,13.88565258859426,13.525498410219909,17.805523039787538,15.432199343714943,17.011137360008142,15.149640904936424,14.274803448366958,15.436149986408198,13.655805185418581,15.56032310215064,21.629834988390733
0403,10.884445420828182,14.210799459478393,14.215630619770549,15.145279922475074,12.816732866018402,13.34638809924698,14.710435827594551,14.139954514687371,14.766035706954156,14.876802114918787,12.24198520079871,9.759994693702074,9.484843689156005,12.990739191792485,12.469477094263102,11.567987641325798,12.752267787898994,10.541944334463127,12.84989236051019,11.008631848874172,10.594017728115924,15.755925203120311
0404,13.882280843994547,14.596773738412004,14.060192188878426,16.281139294432712,13.995887934050945,13.746445551542607,14.2469943850505,14.375024564104688,13.57831363204103,14.877289234446804,13.836744982091123,13.396606233583853,11.264918478172707,14.131043667636922,13.9935110672936,13.325742198021688,13.301527648445294,11.355527642454076,12.563768495115847,12.114986816548413,12.116854486929686,14.593533140135934
0405,13.793634035136295,15.07208093865841,14.422218655042725,16.14242611678979,14.172498518946288,13.584021397827957,13.93604231411345,14.176513441787298,13.096483123725763,14.404612005453984,13.897863853779578,14.302686309922603,11.969194638263547,13.581901340483267,13.960892978503015,12.45536575578293,13.122856258965795,11.752011855291233,12.803699014712228,12.871767793204278,11.006760907752769,14.593724561925562
0406,11.577206091934375,13.252134728915289,13.43666030973409,16.022925245384396,13.353004927463328,12.419066863739802,13.353961926976138,13.498610363621687,12.74670462620166,14.33512899647068,12.056861669881908,11.922264368190012,10.050632227081183,12.773447608279778,12.843764551709068,11.544831283037182,12.662932923914099,10.161585448276348,12.152147333656421,11.145422244687751,10.513747782493601,13.768410987302923
0407,18.412863399035718,23.309136161685238,20.06420244174291,24.164402222435093,15.74924061575947,22.0077405132028,25.884834186450856,23.46337422561249,24.08348226150703,23.320919735515936,22.705668118540313,18.472410166090096,18.400162430166453,25.053779386680983,20.920477403920305,23.18594829257957,18.468353822920278,18.530004609647264,18.80228003370043,15.844109159249525,19.31237436257876,26.173182487487793
0408,13.234011381140334,13.63593907616249,13.711184810321381,14.596235740323541,14.55759205739304,12.592535691770554,12.282482183244927,12.237950227249392,11.667627189508476,12.836194796734546,11.93893311017383,13.362077748846078,10.80100921535823,11.4280818532578,12.18779081633219,10.659761206042846,11.56543878742644,10.595918653448042,11.145942005985534,11.152529019882953,9.256069398349904,12.474863865240657
0502,19.08673170918207,17.86232538538783,17.86926575378776,18.535346323296253,19.591529394290237,17.170991039072565,16.89319499554222,15.981609041688282,16.12220935455127,17.47482645040897,16.96686720262851,18.64000742412555,15.387951108918246,15.3107991193122,15.380423727004988,14.656524059230515,16.413291847184222,14.982806892761426,17.217966395737395,17.25998734460951,13.999762231792177,17.4896526316314
0501,19.051238657921317,18.309919021573904,18.349094519152104,19.005856312478933,20.441910057868856,18.167703798436744,19.264279856456547,17.130794649049054,17.269876847742736,19.567697508754378,18.932890578830648,18.580913235509176,16.08813941760326,15.938190489929179,16.217754107134862,17.277246923271438,17.034899180642576,16.091589893568845,19.07586250467876,18.055207298809464,15.9540816257632,17.93160554179995
0503,17.873657699531137,16.46740711420722,16.64149324999074,17.245241997397557,17.716618211601567,15.359099208825059,14.736606131659613,14.24249405028328,14.409438483088525,15.297667530604771,15.104252042215338,17.470727172394067,14.117710036827773,13.6740122164368,14.575983012836867,12.19317375835708,14.731160907644444,13.386678474668473,14.88390718456719,15.035393968881543,11.600322282040981,16.44621745114604
0504,18.308118657104004,18.258631841774175,16.150553270378833,18.40660464139461,20.9204237349783,18.286666698421374,17.918613146776263,17.438264919120627,17.645712229404246,21.566675609985147,18.440318559720893,18.003199575609663,17.481942150006752,17.02017495777916,15.32714979310979,19.26994217343019,17.57608560867644,16.650673576012572,19.59521844321254,18.833355442654206,17.465327293380252,20.47675069779934
0505,18.146356710099496,17.737036758124546,17.001576723080674,18.094566481486314,20.998166418075563,18.148514417901424,18.309084973177075,17.731762792261854,17.255801677251878,20.91407718477656,19.145155135150205,17.05469860397809,17.42731942294333,16.573831964330086,16.20920894157265,19.05517275141314,17.746528848991574,17.241496622844895,18.978716146324484,18.46185358553701,17.938551651923014,19.189100502339585
0506,13.19354767154237,13.76103186099947,13.693473382441624,16.2566154638399,14.806734347752013,12.943932218700565,13.698275820664637,13.584298697606577,13.238538858111621,14.884769935249425,12.392162240526833,13.309919245042742,11.067790835848692,12.062470215931329,13.563936669435074,11.366545610232798,13.318311761531334,10.667604064961175,13.199350672640676,12.112142487413124,10.246692830650368,14.38059611027909
0507,12.11580150605548,12.99485104574339,12.74489681008606,14.595124348035803,14.087264277415455,12.597508334122315,12.367908933902442,12.212668917901798,12.091189229279163,12.988392721836846,11.06315761295773,12.714916731677931,10.582097387045728,10.9088095528321,12.178493318250627,10.017671521954286,11.563068806363404,9.887257442419118,11.926681825504899,10.94915644381964,9.075703582643426,12.751576161543014
0508,12.382596129256113,13.093446469272674,13.034706379388243,14.126468288767093,14.207690448240053,12.217574321086976,12.263752547530506,11.954179567301393,11.357390961695014,12.45685574239558,11.021076819744758,12.568648396351717,10.495050242030569,10.750213487786885,11.954470116268464,10.14574412495312,11.244843281452086,10.128769643808246,11.209466044961063,10.619363571846948,9.068453369040094,12.259899893844304
0509,16.60978601120354,16.532161052656868,16.705231134194676,17.093452145511332,18.21890360243777,16.1139536128199,16.026800658107472,14.923078649121463,14.675653860790598,16.7251886691385,16.39958805039375,16.57810417561889,14.161845601285826,13.681447571095534,15.774899337486618,13.937836314369022,15.099219781954638,14.71761662161764,15.605587289688435,15.110490039641753,12.923279406108621,16.021073321612658
0510,18.196631753681512,17.021857485655392,17.143994964195404,17.65787185769997,18.716722175143413,16.288009949235725,16.276243440152268,15.181319740750142,15.370850537365373,16.796093111690833,16.4681031123955,17.661703547210358,14.915249237161598,14.412901005523883,15.183599412678094,14.079001220383129,15.707873572208497,14.55726739744477,16.098552317756166,15.970057267279552,13.400763549552059,17.05898187565751
0511,17.739769182578872,17.838245200948375,17.844381750746926,18.331053308165256,20.02620635934339,17.149260691524162,18.931827242979605,16.890135089217907,16.400303808956373,18.673618301216138,19.099755574734896,16.690387712020485,15.044715207926865,14.977244438060909,16.733225422782834,16.85383616598542,16.641341863336514,16.341891254639503,17.734026757781308,17.005184780393794,15.599697183709738,17.735281554356952
0602,15.25280003247152,14.861092031301231,14.77864142629067,15.945573427526897,16.98735187656043,15.103872702365074,15.062783765713064,14.470403474998156,14.734332174544752,17.30760036283409,14.79529566852593,14.752348880693358,13.822484399377469,13.808138573429003,12.89180737956569,13.265173551960492,12.841050503311115,12.751792202963886,14.256243442997079,14.420218347505823,13.50991224617647,16.69014003006892
0601,15.18152773160778,15.435992071051482,15.243213795322538,15.989910795890571,16.628713681221328,15.207757730487202,15.020205550741343,14.499444373124094,14.867669034331469,17.037798809055346,13.771554082622087,15.771441461252136,13.592737627620078,13.659154885901549,12.760091809073858,12.845656857907194,12.9969785471285,12.348446165633353,14.483946260657245,15.129109914222209,13.457795747834222,15.941126895581435
0603,17.17018498775638,16.337613756104787,16.605027635591654,17.308051344125605,18.532322504156117,16.99194453559737,15.998941847488126,16.155997404713133,16.55851156664688,19.58345650400228,16.126991577119583,16.861123261401225,14.938568194587003,14.897646848805554,13.307773924451011,14.219764112524475,14.054506157241683,13.74125798423063,15.60721838456239,15.698140834716012,15.023570457853817,18.13957897401253
0604,16.11885375411721,15.442794397355135,15.969785005941649,16.249646454876153,17.85112614936768,16.722423409734812,15.11905489441959,16.043782744818678,16.165008431449255,19.48653783450235,16.1197396787243,14.92084104531912,14.134453487043213,14.924191246204185,13.418827590458234,14.463941233930987,14.715443423032635,13.678083900923706,14.86386614839341,16.145431540492726,15.043094113287882,16.891930344620437
0605,13.54734822783253,13.474337731962867,14.433979398055042,15.510108371890134,14.601007925349174,15.054381854471258,12.356696817457532,12.458506125397534,14.50277402818346,16.364613912660154,14.460979939650574,12.485833856870801,11.526153469543091,13.710834234223949,13.192355554795665,14.278031001102438,14.813954570139055,11.81006684840726,12.57677658227422,14.544586892894133,12.613484602180316,15.134366113676442
0606,18.968036690134134,16.689756691906055,16.853030852770374,17.54056714751646,18.504890761038745,18.073594004062596,15.6055462315752,18.403290445111654,17.499477971520133,21.154193348250367,18.37728899312137,14.770965615007874,14.773078612780141,16.447189390248266,14.538104064515464,15.63399447643111,15.268886214758963,14.488145843906747,15.426460569597817,17.80343751547176,15.456536549535292,18.679024494027075
0607,16.343001185496448,16.87234157999457,16.79087256664593,16.837636449174855,17.80994410238578,16.413467152593118,15.676433461138824,15.460958464019544,16.312520725000415,18.5043711169841,14.727568058282962,17.98195207629456,15.119002011921303,14.982897322484169,13.299160485303672,12.65967784420369,13.242244672414937,13.282702110876665,16.42436317472674,16.361546671360507,14.43155932726728,16.681967911852396
0608,19.01483959930104,16.49607840500414,16.695120302414065,17.029269633838695,18.312559550462968,18.437484877689513,15.104041685866267,18.88701273100025,17.135678131940633,20.699198052921318,17.67944258705148,14.03405184375267,13.64309908905238,16.316336049367003,13.627815411920336,14.784543137399538,15.48423945815337,13.99631586506794,14.684991291936884,17.998614645432514,15.079694138519097,18.841649716089407
0609,18.499657420977126,16.217854871880846,16.006792987628227,15.750762559451811,18.341311235304826,20.05512839518534,14.470165979152812,19.643521130109797,16.959199812131477,21.177854931061834,17.977886578365013,13.642241753591282,13.21785992063982,15.766146817209322,12.800174363295435,14.473214192733733,15.498640279892927,14.256531147276219,14.134494274693433,16.05062317401729,15.543157259027907,19.121881782834947
0610,15.98882192579414,15.606545531811129,15.58434644984006,16.678545104834505,17.94305425255153,15.868633778328576,15.71008991510926,15.281866009749411,15.42848696087633,18.46754900053023,15.404522205995583,15.401691902727656,14.078924765035982,14.400134048012795,12.853597948356443,13.72799873773099,13.109060871329177,13.26908610163584,14.783631535993946,14.997642808314893,14.112286006290304,17.06638142639789
0611,14.146118997591818,14.762739117890362,15.555247842049113,15.169444310983272,15.971284311270601,15.843638846413869,13.665858353325861,13.758107447362208,15.317045008556061,16.65099704209452,14.138007783066346,14.262901227552812,12.82525238324559,13.955586836139673,13.52626697459438,13.92631340513424,14.473208838392464,12.889702064837541,13.881069684140911,14.976624748209021,13.551760718062683,15.69879329822127
0612,14.076791532810361,14.247258369295979,14.700865342177654,14.856087151610959,16.350052628992547,14.627475750050156,14.731240160155512,14.348178405415975,14.360869473921209,16.791872857200413,13.625349867379917,14.528328918618378,13.056083490481189,13.327180966149644,12.635573361215274,13.29475612294638,13.33813505662532,12.101951283630648,13.957231023160352,15.000091666541431,13.327383629144858,15.55061740241382
0613,14.578230162705117,13.22083703270041,14.11111271630626,15.04974613519736,16.78680111335694,15.557460123459556,13.403499277358272,14.605636379404212,14.84169707473612,17.76749242357668,15.059840390728633,13.614671311794465,12.352573885020371,13.315875311248494,12.603909126699786,13.770721275340591,14.166108755731893,12.225533623616302,14.03890716797513,14.495935080458814,13.709523273872316,16.053849807469724
0802,16.62298092498943,16.78380039350303,16.635330940803833,17.78555098307248,18.831072261330906,16.122464981038128,17.452782214008007,16.194337428960583,14.515079517753756,19.859099524361746,16.29586080270474,15.978571597794842,13.730256538514036,14.170306883872387,15.16448476465637,16.02413779093807,15.889461442556085,14.88196531658398,16.183885882671614,17.0478087301285,15.34794150003173,17.097438724161346
0803,16.898817441301915,16.906646127328735,16.70430883440883,17.88832682995336,19.724378880534083,16.646342344107815,18.338924484820826,17.026558578381547,15.311386776655851,19.60218212198183,17.401716970075572,15.561827488748445,13.893170205474634,14.59167739057443,15.82478044312103,16.96052314074867,16.601713282861258,15.823294405574917,16.76100754590984,17.54544338014826,16.346174984741996,17.41802965003607
0804,17.092659369161574,16.590068644453577,16.88337954639715,18.753601275190796,20.728551794041348,17.39631327720685,18.46019248208084,17.14789777313922,15.779245445553192,20.681667399002333,18.25251883382851,16.89036521857741,15.331997871668325,15.780134410103836,15.770566200536523,17.687082600997666,18.085963061973874,15.356891406862076,17.92280617837852,18.49920677465234,17.078494277242886,19.037191260063043
0805,16.207522038350774,16.49656353334329,16.290831988647987,16.922372526098584,17.776575514484627,15.393064369373148,16.06738869463183,16.21495441225144,14.590283644706766,18.297167605158815,15.67971511368316,16.225712008136473,13.296876927416385,13.760002852284355,14.740039665353521,14.738050178954728,14.81373730189261,14.26631352138656,15.14702956429057,15.58016699504077,13.787500760932678,16.69965343621289
0806,16.715513602452717,16.273426773875297,16.44555118537654,17.268527534895544,18.192248374065546,15.826664609381247,15.74514352211845,15.039191786616868,14.183710680063367,17.899404279927218,14.563034448052464,16.678582795436917,12.801324530807083,13.868607146528474,14.1403060454686,14.331779816188623,14.817948737348123,13.310872378239646,14.82680138849929,16.093104154014636,13.56473736188193,15.715802701458896
0807,15.4445985838507,15.556279112041718,15.61660874838709,16.03164497243947,16.949708585214747,14.701518137523868,14.829847422206058,14.577557618709113,13.576507926542739,16.696420217693575,14.831872497622587,15.531019518159864,12.833532660271892,12.921400176490009,14.235647829736601,13.425644935010641,13.960120006109772,13.506562911119843,13.924364959204853,14.420976764291442,12.417748577085924,15.547984806711387
0801,16.976455727693075,16.735437681964626,16.80801237231103,18.004633377645618,19.123857815466195,16.88609066544292,18.45493656051493,16.20592096810029,15.211143429479867,19.92502782946435,16.97964142950896,16.053090063433782,14.173388757438303,14.513135205919497,15.296836915417252,16.950692467377564,16.454672679722865,15.129558094416824,17.09284862268751,17.36157882547824,16.072971702290474,16.917128336541005
0808,15.360667019111954,15.980315347735802,15.634380355287202,16.037433720706552,16.70525549934197,14.306439017414071,14.968134564777666,15.17367258509598,13.92387005107286,16.22057869038884,15.11374505536485,15.786254214096287,12.660081402820943,13.197963953063592,14.280503633884539,13.456456397061483,13.859020784363885,13.228592676472559,13.773431897095284,14.036182115155613,12.17354178769183,15.67385262031824
0809,17.099674256405716,17.48978762775561,16.602228754717032,19.484242827554063,20.60751447873464,17.520584820388873,19.253109393758805,18.762421001131163,17.327927797025197,22.347039225146684,18.126355473708855,16.597066911304545,16.51750636032536,18.158555978528547,16.121141503328616,18.60397849988873,19.16482846243605,18.031362203320953,17.50285810338074,19.501097529205236,16.8778584001274,22.38718497386109
0810,16.622773532410758,16.61697886977582,16.74669992298237,17.725599920512824,19.174862011925516,16.15742841449491,17.659346445446044,16.243852181028966,14.710445855384084,19.99128020544533,16.771286037948382,15.58849310619881,13.743422074398094,14.144930210881128,15.407431213818091,16.316528405331862,16.146001242522495,15.369514842332169,16.13706745083576,16.920080943795046,15.68875420269648,17.415438907096657
0811,17.266295738918227,17.008441476280282,16.692073756994493,19.401988299300832,20.025269395264242,18.07199414867452,18.91708624023406,17.4988902719367,15.852672387914462,21.48244598536176,17.717754395786354,16.30280423226102,15.536255077893472,18.108771790541166,15.509871212369767,18.241478160731063,17.692566065308387,14.966473549115685,17.266469181376213,18.362281624155095,15.709169804977872,19.61803703071045
0812,17.35017256109457,17.39685645695867,16.551511675502983,19.14534253496543,18.97084110181452,17.96782254739887,18.504213726951765,16.82661412625015,14.960237982279239,20.908792758533874,16.227282773994556,16.654368753953932,14.565473006356621,17.635186239820623,15.150067880214706,17.24610806235032,16.363336245649602,14.538505095257182,16.50473468585674,18.173258300913556,14.755860066772428,18.728036923648187
0813,17.398966361441392,16.9769683071792,16.98820271699325,17.957575236623907,19.736195043665198,17.151198839302143,18.137434667846595,16.448880672783915,15.307082415778856,19.808826062167572,17.25469782403455,16.26358441339023,14.248666784366794,14.753988909013852,15.564062247529698,16.53624421205909,16.78133538248129,15.131540345849459,17.226907067335087,17.801741716530998,16.3841346947385,17.56876748837299
0902,20.256712866087216,19.272871770085516,18.709421584670608,20.545233214094832,21.62730626286687,18.864234695434572,21.08630057051375,17.53825500591381,18.586877006324563,21.831285722062393,20.295777381690773,19.66963782233161,17.398902631192595,17.581394513104414,15.891486646291371,19.37456799275166,17.94693174207533,17.083556991783347,20.93515921927787,19.405965772061734,17.794205293397646,19.369767823090424
0903,20.480946614570225,19.041812609643053,19.06223496112627,19.95535857505405,21.09327936369119,19.15944908771318,18.91586865936358,16.834443300778105,17.873102071113195,20.269035176149348,18.028095399718925,20.58099074216233,17.088606092118724,17.04982468270764,15.629432892062,16.97737001881157,17.761633404997205,16.046333591716806,19.457619577584808,18.686738143999552,15.840833500242725,18.36582103414634
0904,16.72758827272262,17.274552844210074,16.97620179689996,19.453947247418007,18.202221030010456,16.623285506338554,16.345577829486057,16.500707589876626,15.684056628834117,17.077266402593533,14.735346223710911,19.35080184970333,13.699913325929195,15.946796245531482,15.65563498680789,13.902098264474452,16.803551360666678,13.837867795138095,16.875906652787208,16.66653500583752,13.094625124299819,17.997005680718885
0905,19.540193870095273,18.75199077694768,17.5364287702203,19.978093933307907,21.603432029040892,18.579169817429474,20.659624700720236,17.459567939068744,18.163793424666423,21.47769006093343,19.687386180630963,19.393608835008408,16.72117284597647,17.0357681064068,15.104361079423187,18.929082539939564,17.364806106434532,16.630032139235666,20.860703039722853,19.398431763720158,18.035827994148924,19.684935278758086
0901,21.037695250588445,18.870908845823305,19.44075565956341,20.866758903397958,21.763590022651666,19.869433658025287,18.150922477756716,16.43986639235563,18.020110201676534,20.820440402362777,17.083198448950274,22.624605172014554,17.377834769631704,17.91116428102506,15.27960778328211,16.20077493943068,18.62102549455641,16.153865665339424,19.5820262025264,19.971707823619717,15.794227485547642,19.075201512746748
0906,16.684059851497537,16.541567542872784,15.943588113703633,18.688197469851485,16.491694894088564,15.156507042010244,15.482378001702232,15.717137102997379,14.651411463191371,16.14674587963942,14.352364211043355,16.95952917211439,12.888306006694677,14.070585374951676,14.770112340007241,12.869497658205571,15.623013597181776,12.598037953312582,15.446253807390141,14.78027251643624,12.164572506668065,17.713107108627145
0907,20.17646985591675,18.850184696600543,16.4761699403874,20.819250245953707,23.49158908982854,19.45856921423748,20.512381488453464,17.032845759046047,18.323024783341904,23.000070124838118,20.11898531325296,20.330119485507954,17.824537946966917,17.65162145050717,15.168463410622765,20.201142766342322,18.132702270602643,17.02258184867062,20.9655123722204,19.89771416696016,18.911688370830245,21.825119119030585
1002,19.688399134126527,19.848873376998462,19.608790067783495,20.85669646053156,22.002522218432787,20.025355819234743,20.086030542584233,18.883882955905353,20.49867326679242,21.714996925797063,19.60051003670951,23.60469156081462,19.05276754972048,18.651174826460732,15.79400316346734,18.984475451666,17.32099590593641,17.329625709694362,22.491977852320474,21.708073513174636,18.40827472177979,20.199667948252394
1003,20.764563722298316,19.52297553812255,19.124310455882874,20.877976674275473,22.247451510840285,21.031108832630064,18.055001969168643,17.65298136760174,19.781849085846662,20.59337953224768,17.77303310004408,23.23945278888873,17.59592043724391,18.24046522980144,13.554870159528855,17.24532111772475,17.79813350417571,16.348162547858777,21.548731778411764,20.742561721292113,17.413031467853106,19.648590349083992
1004,19.901821133674627,17.463631046427324,17.713139040079525,19.872676396887933,21.33029608130105,19.42143568429818,17.940420340595704,17.699801876764752,18.53535890887222,20.68325547169603,17.850113812713712,20.06271363088683,16.21564585001974,17.037375879651716,13.288672241125818,17.5511578807954,16.944737995503864,15.524375128172036,19.18813373366315,18.927359536753915,16.86437981953288,20.007733642389965
1005,20.24606266245128,17.909052613642668,18.26268605530809,19.621285457556745,20.950711091510403,19.94656634323202,17.605407017475066,17.62466008318267,19.25962944610393,20.823470321853314,17.960605549185892,20.52620729233276,17.11538948700299,17.550042477541613,13.28420769092817,18.401850051010435,18.538650954965927,15.43918359894736,19.60453769367456,19.327857313974253,17.338939528481873,20.200628167732336
1001,19.181228111629498,17.717401404750014,17.91639159159108,19.123077167645057,21.735753262062637,18.701297186024565,18.33506845629261,19.86339530939587,19.194451914718687,22.051343811010018,19.390431036469963,21.128516473461154,17.614938877887088,17.94386493734185,14.422122104818646,19.96776342365782,18.098409646425452,15.985831871587846,20.25604016986409,20.13084570200217,18.11222480824202,20.152985757684263
1010,20.841995561612627,19.993353103264756,20.097629480664455,21.040878871177796,23.11359593971161,21.40803496588411,17.499011738499934,18.699936261229137,20.385345220937744,20.1957916392675,17.14739707950745,25.823956463278673,18.553717703975494,19.41414602957104,16.062282789887952,17.056669125132924,19.064877852758762,17.329545965804698,22.053143074285593,21.054858989785007,16.869730623079597,19.420027734336912
1006,21.59438852731445,17.209036225697425,18.108399369217267,18.515533432498053,19.05459645363793,20.20936717652847,17.456902503190044,19.511504913600557,19.567999328552656,23.666718508231515,18.344775620377344,17.023713743191184,15.835978951994345,20.01059206637699,13.364792472478715,22.625955864580646,22.081944062637913,15.639700967311471,18.119647785426157,19.456174277443175,19.502372262336028,23.575270375684692
1007,19.536065271619645,16.287315020565075,17.141369992721053,19.122130316307974,19.35171779838414,18.994704731453208,17.130313824720698,17.459065107539864,17.80434686094884,21.133825891520964,16.90023376080136,18.24492180511271,15.549149312217484,17.38927451043526,13.045568441901365,18.083762802804006,17.8623065275826,15.250908136753276,18.17524926471633,18.216945152275006,15.894589387898302,20.79254846642262
1008,19.706540381355126,18.012819854751186,18.07323286216857,19.160201398632193,22.158741816341472,19.10969764557182,17.815223015349083,19.77967509152401,18.72848356810919,23.15304205070181,19.081778667144132,21.286437199588566,17.563509474633307,18.026480072699982,14.986303482687113,20.93189133548458,19.183872990854294,16.07651480247896,21.39909673936566,21.002205176076423,19.563298363764538,21.012266310729288
1009,15.80483460357357,19.676439462862227,16.064580547568195,19.82889750691251,16.877721926101493,20.33484227245776,21.27162582853606,20.20531120373865,19.201719906474953,23.55415312197767,14.724844952052676,18.607656806000403,14.85366556301871,19.58394998469486,16.146935893898416,16.40428391983562,16.946638373077892,18.421659185157562,18.18598155414357,20.50969201716071,14.227497851354292,24.127311312749967
1011,21.1787865450094,20.36773480949821,20.079216173716954,21.449987634197697,22.747615164452856,21.727859911027846,18.52510976791382,18.03553790312547,20.36823896785359,20.94811621079078,18.185154831016458,24.19254171193301,18.317402237064236,18.76635673019912,14.003327367069957,17.711707890688718,18.187425581963506,16.767104685961545,22.261561668836155,21.49220950786884,17.62332030705043,20.008406235621525
1102,16.97135809087442,21.159705463570496,19.613082213946893,23.9309240394223,18.870228609267762,18.1707978662739,22.70858074486808,23.51890186096359,21.1337523874531,19.745575176413183,21.230492765699676,17.39550531651202,15.27753239827102,21.543528222563012,19.590233992351685,20.913291327125872,19.792328770038726,16.482821978206616,18.630377415893744,17.10247597790976,17.092485239282325,24.561315070629284
1101,18.67061327690961,20.306626093070037,21.053168425183806,20.062994882342267,17.66222688848855,18.17574989844541,19.459254108980055,21.010678705499796,18.650940803719347,17.438842853317496,17.86631080288379,15.640620952869048,15.035298993597266,21.126310178490936,18.371527888857926,16.94147394353249,18.369516904725405,17.189777423123843,14.694748034487006,11.161936084632991,14.933043811164918,22.955383573154933
1103,16.750467117751565,18.67824073285525,19.822873410080952,15.660597952340227,14.84717509749769,17.434869241686897,16.38257352432948,16.701564063312507,16.327551241069948,16.44337630396016,15.063779864027158,12.577828687488033,12.542275725611606,18.023184668197324,16.72266683712708,14.954806584854081,15.709095495432495,16.278026967648945,13.026288139721276,11.504137887875652,13.219045921260966,19.068390530751163
1104,16.280744974550448,17.083408419238893,18.18710625406943,18.927195060409996,14.8634869213167,16.11131371322431,18.636863005004432,18.186834653741435,18.390992619489367,18.22711114350118,16.06366102475869,14.418520987818116,13.256839884739174,17.473596171328897,17.929478024181567,17.288364535099582,16.60439135055793,13.395196031190848,14.082836380914637,11.633596838304872,13.968602244791231,19.05910364263936
1105,16.41913380943325,19.42694973957665,17.935364373830186,20.53875088848328,17.068520204294444,15.248831438379735,18.308401828706113,22.10686120582145,18.935791738470616,17.969075714716592,17.76759386592709,14.016104691675542,14.015346265309022,19.640622300894467,16.664903000064907,17.36328812763509,19.101300233057376,15.564088404690635,14.55930327164398,11.904604483036275,15.134018564296527,22.955700028358294
1203,20.389732146441617,20.068630644650383,17.026839464973,19.407305803553943,20.80711901476039,19.44225941846715,17.277542202179443,19.6082041757757,19.541335088964452,25.424741335782137,18.988326946605337,17.423499874992167,20.317571805454193,20.729935707459475,16.300507359836192,24.361986749414456,20.43805065991407,17.17402281592874,19.159596727136623,20.694043743521135,17.621584524062865,24.57086830179959
1209,20.97411247938614,19.014630973236137,20.42856490838507,21.788036142194414,22.586155642705467,20.730034039222307,19.509643735869147,17.86930405084745,18.866852855847085,22.954121130118097,18.060771663777775,25.103301822418583,18.783714775388518,18.927163799397892,17.011582442104096,18.25575888836322,20.15475518715814,18.121967231671427,21.26652098443224,21.370067423489427,17.424701380194367,20.01928152898021
1202,23.027017096846116,20.732203768709404,19.811824765114295,22.304557857911675,23.34505714813056,21.780227369649946,20.433971599916095,16.83762380294088,19.642416847700122,23.629771111012563,18.685047325903657,24.383458764962967,18.565327920155333,19.037331911999615,15.63925175135107,18.218787755080722,19.355394448984047,17.89532212012082,23.47871429853469,22.174357301973863,19.344211999070428,21.66735080208899
1201,21.071734014865573,19.753786831510773,18.8858909722019,21.887479713053253,23.568698872315338,20.427741678063498,20.213877479459107,17.294510525524153,18.478679251370338,23.187313090063796,19.040286841102247,22.716414098414827,18.004944211837593,18.47748700860807,15.885715803277815,18.98306223137125,19.090108220332365,17.623061720504616,21.541381061029167,21.315207265535225,18.59295676955911,21.497584066495847
1204,21.310368492072083,19.863061740662097,20.252717124042523,21.82473618530849,23.284506570829635,21.673047812841876,20.309965254932088,18.51283041080625,19.533992703960365,23.71673699372608,19.119650200883065,24.95486004562536,19.432381209134235,19.264807839918806,17.22525370710333,19.091703543637806,19.79436192366687,18.445376686952283,22.863982282416195,21.886515491281223,18.867840762301736,20.85264933172328
1205,19.963628318127856,18.751684810071584,19.34842778094801,20.54394893837741,22.760005017169508,20.776939628401912,18.279774867291433,18.200730670791074,19.687966700634323,21.171905864577695,17.641744782168225,24.318614404364283,18.14401618620478,18.727431442076902,15.63019155211238,18.59025360858105,19.22134581110085,17.42586053710386,22.834566279491746,21.41493880796624,18.14931255325256,20.1377160367238
1206,18.04701942111212,18.42258529461759,15.454647439440555,19.416976500916203,20.32024400732085,17.743275601088307,18.36888880370659,18.312989066176723,17.90480883942666,23.604363784913016,16.6752935649948,16.777445523790433,16.746663617611723,19.982713905626447,15.903718101750197,20.879899978836047,20.03631268766478,17.361696643361235,18.15912110307649,20.347666324474254,15.810299050837706,24.262475920397907
1207,20.60584067372788,19.495667291337227,19.792970019073884,21.07017557778524,22.24426622237675,21.196205748956388,19.54490675397576,18.036172653588398,19.95775114488762,22.545577177764677,18.333999602462693,24.46555330149048,18.537178869343553,18.920548940247766,16.055164313663425,18.317275123838257,18.877790416163624,17.566327412923176,23.57045777531959,21.958251876233007,18.863355767597856,20.26695585090663
1208,19.241611927772322,17.269331367471686,19.18091398498871,19.828294026769665,22.18445381259,19.962569835195843,16.108637915221664,17.09202177108072,18.74894423766838,18.891904844050558,15.56028267074648,24.942152892247847,17.165506309656198,18.589496671317203,16.939284319923537,15.815132815375453,18.980830703378544,17.380565251346468,20.30195077006722,20.539760750687925,15.75506885455104,18.409433258350482
1302,14.790726925693663,17.246376207498955,17.368781304583937,14.89068500461327,15.681916421505916,17.813414591270202,14.387819506758351,15.266069300161243,16.38969773438017,16.66421960590025,16.25413429166862,15.145025296759021,14.687014132210539,15.868551077546373,15.937548673669273,16.85724068981106,15.957499729666557,15.356534726561351,14.713988937047466,14.497807454613866,14.706967877892676,18.408342599958573
1303,18.509679701914013,16.71723986936963,17.191218092917296,19.47248738034786,20.09177992885638,17.73350187926419,17.23769500538827,16.317893891736023,16.40770115516865,19.838207354870086,16.608229512849345,16.730647830127158,14.638085183250313,15.306919952577374,13.28068309396746,14.529607086445633,14.324061948672847,14.268274629542297,16.420330126255305,16.546935753013848,15.266563374278455,19.23431183200119
1304,13.836161653269892,18.419551354283872,17.46290740635084,14.343786092011825,16.629323070360268,18.118666929162067,14.206659594826077,15.315066329292629,16.15920058043107,17.01367138489433,15.686082208052925,15.156947635153065,14.297269436380137,15.00316519032354,15.767030609794285,16.69712037045023,16.379940296670664,16.092421296990437,15.465374594149383,13.74059120344079,14.549937603991964,19.60589825671652
1311,13.564399020919383,13.034705377946507,13.436689284515976,15.599026869834168,15.466788058910028,14.023283127599354,13.337832804493008,12.450480250433774,13.240375148794039,16.61428811417996,13.062032034767503,12.241789814087676,11.859435994210045,13.325682610296626,13.098371796083116,14.836178591993988,14.290569840698481,11.796426347975244,12.494192286453426,14.6430117549792,12.620230261559229,14.959979055823059
1305,13.327427650718997,13.597416900881539,13.366488749768855,15.039174193856102,15.183741800868608,13.40603364103031,13.105640187739041,12.860027390348943,12.338716233622781,14.454210368770795,11.515676862574438,13.196905125826195,10.601554907021605,11.45817610045756,12.473715101826437,12.13372161639026,12.31282364775871,10.65340991075898,12.881708702951107,13.418992229334856,11.739237527427433,14.819421426305231
1306,13.004173303543663,13.030875766197154,12.764445293877241,14.909159539412352,14.532143869500796,13.489333264536862,12.65793842220398,12.521322810111656,12.591647644665926,14.609261012100234,12.065098780376424,12.556070875594756,10.68353812609809,11.76500948247259,12.472544465353579,12.528508685164217,12.823031124074681,10.785926793196474,12.353494095412959,13.117825876853422,11.661466622329698,14.91302285024916
1307,12.863362203130569,16.234200241314063,15.743674012117607,13.485891860798134,14.667715617710448,16.439963420089967,13.695080437259298,15.478507296983587,14.737642566291932,15.424275758228063,14.447491075143832,13.389693571544504,13.287367488062658,12.896564237973344,13.919084709317612,14.612680043645323,14.727931666672763,13.976900493949385,13.759563765073718,12.613602066722454,13.328998752484807,18.700970092698373
1308,19.922688750400134,17.45262841190798,17.249753047013773,20.466950939439904,20.616404305344048,18.95849572926417,17.910540202905562,16.320519412500133,17.08091445062207,20.627669018110435,17.321865831750102,18.26992860181502,15.90593252592292,16.246632986750942,13.45579708904669,15.453256880420039,15.786990947637515,15.25305537595458,18.509609473831002,17.817223590871823,16.382276028141252,20.254575113465393
1309,16.511157987975462,15.928832949424276,15.63126041928307,17.126941763720257,17.515030971189745,16.166332429578276,15.850138922222332,14.628461767168416,15.477177021168576,18.031596745524993,15.115341167060697,16.173667251324357,14.557986465536532,14.385483739088897,13.17830420933327,13.712289237365479,13.60873363856651,13.719524103052477,15.694473950850481,15.22505397269992,14.326198472934706,17.504700700775917
1310,16.193082210861633,15.866199645283066,15.61498681719058,16.70714793552862,16.873169313234705,15.78640956878662,15.096106047942259,14.578046492460732,14.57647532846326,16.75931565614504,13.206328062253577,15.700106786923987,13.64373217787698,13.744191054941338,13.59998348057827,13.758635710243867,13.966371536254883,12.982935942890489,14.520919188383584,14.839550102447795,13.651690095919315,16.65094354433434
1301,16.406671463437505,17.507319382258824,18.14815781703816,16.65484538362587,16.497632520673513,18.19065106223485,16.132517147386032,15.755445671296092,17.23343464065054,17.656241445359015,17.725487805056492,15.276376512375135,15.311938350460794,17.05095388114251,16.887502178432435,18.341975719507687,17.14807167686145,16.228733386178117,15.409315464869392,16.21182114791012,15.601418445295371,19.665514773271216
1312,16.773519310250045,18.40247125711956,17.496635582310834,16.68144911897953,15.678062878435119,17.99290387614831,16.43849356517619,15.118821377237625,17.527349045676363,17.510410770341228,17.284532172435007,15.280051540442642,15.780354576485998,16.58488527655862,15.600887388800443,19.301052904560756,16.623937181037476,16.103512493327674,15.775098116741008,15.98479588389806,15.79184669991266,20.628870854778214
1401,14.948878662337117,18.645663612707338,17.258484069197927,14.393274941800245,16.85065866954291,17.497234567386002,13.326526949583595,15.419732311875073,16.0468520255587,17.120868351779766,15.985281555118846,15.668284502456437,14.475972787942458,15.580046659725815,16.922928137992745,17.201515804119964,16.613207815654242,15.975005638350302,16.281428849803866,13.731399450729143,14.679234987230442,18.96648769976488
1402,15.146079275611077,17.463840743232467,16.86525641681271,15.488324669308668,17.41777683901877,17.168863345940707,13.823793240654483,15.65011304488827,15.820139385204099,17.861904226271754,16.216084804607252,15.34564063702763,14.052201803957315,14.873652056104465,15.280203873529446,16.080604909494163,15.82393936321196,15.502480258531728,15.484361628063409,14.556102274039905,14.84221163893168,18.300123455852987
1403,13.020591385516436,19.349682998153302,16.574437834021886,12.894309103385957,16.645559917655785,13.772922451134415,12.510275299429663,14.922184914886534,16.139650595162703,16.944059499576436,16.107533419135866,14.866292694164672,13.755131674302254,15.09160985463083,14.390663386045366,14.178157743406107,16.37149692591995,16.0477565996604,12.396760735106218,11.161566724913863,12.235709492916282,20.20850015023341
1502,26.033027895589385,29.904712053128552,25.849001967597765,21.11969782227398,20.805471835287573,28.286904597488537,27.21688984931374,25.405446500530847,29.816882078517068,26.04332322414739,26.951202463347904,23.482371000460315,23.201351363652034,25.821988237694292,24.259779965156092,28.42148642924746,24.79644223248924,23.516398915639872,21.655504286460985,20.098836660385132,26.523837642642196,33.19801621478298
1503,18.80980051360624,17.2689983379169,16.83672164402033,19.0644062412207,20.80290290225068,19.374054709393263,14.398808258389113,17.96705651939462,17.53136045435934,17.34342740247634,15.609849489844486,22.734803703478093,15.01984898009744,17.27144806600648,18.13093553895563,14.999538125404367,17.875800571466648,15.453009687901169,18.61339541593979,17.926666874716823,14.865979920833484,20.415523284072176
1504,17.670393775491153,19.537623945542,18.043891843489984,23.017003432277164,20.154603320147064,19.38618541286341,18.369246481199166,20.714403715650654,19.905044051327646,20.39366159912074,18.06266566543843,19.045171596324707,15.492032006262633,19.4488115976151,20.752909940281818,19.50768020326291,20.353193362278923,14.705330555551742,20.344938409094716,22.108387760087556,17.528723834982657,23.075881173728934
1505,20.71292197139167,23.436927836185333,22.499981083487533,26.26053750076598,20.62483058675074,22.248608898260873,25.734714667354478,27.056330159220696,24.712455305632734,23.22154474406312,24.642930002723798,19.101468633221586,18.741198675158174,25.17692462395502,21.453531657799083,25.350240606621508,22.269697296022578,19.24066175472224,21.158604813931948,20.32640971490964,20.84891860190355,28.101086430175673
1506,21.049535407284232,21.19054124640952,20.290053038323776,22.718916795850287,22.012861373339682,22.200549236039564,19.93552509827058,22.62938095311437,22.255717188144178,21.86389666761726,19.77162093670593,21.76324331614674,18.06827272186134,21.665412943248548,21.838388350242443,22.55144956972702,21.788504750532354,17.523050609019684,21.02421833593798,20.56345322273957,20.11535116473931,25.395748159154152
1507,16.201906563224593,18.334115522194907,17.228212299313636,20.941017885857228,18.95984887627407,17.46091117276363,17.5806278951089,18.988210592885707,17.862911144809157,18.75487249018218,16.275703918164105,19.281977386208315,14.302515978671702,18.01918254739119,17.959848555220358,16.611475147293916,18.726415167969975,14.523807686411274,19.389642177202315,20.35666075385262,15.46884816387769,20.86272880477639
1508,20.136051779136356,22.480775238561137,20.99610230167376,20.960827301101357,19.398476409757073,22.790900081959325,20.40545606370913,22.536615455230546,23.602378213824696,21.272262429251125,19.892427291164697,20.2639983833575,17.02712511052157,20.854035839707937,20.761638141555338,21.70661998962731,21.510890581626715,17.832313028880915,20.04412144632074,19.188305133485475,20.05738808531704,26.98507099426803
1509,19.293711897792683,18.27108968021135,17.861262189003302,19.416940915451335,21.441662318913338,19.108663681785497,15.364591141721554,18.676687894316668,17.764268832488412,17.98941297718919,15.06340160999227,23.178847732665755,15.883324380248325,17.840587862632958,17.495968876524515,15.817479626430737,17.683118867899523,15.98915001634209,19.176321140815123,18.340342143039997,15.476894918688439,19.332614333278134
1510,15.83523718124641,17.148710611571392,16.95697792711306,19.453789267406858,18.93464980306332,17.1622440489685,16.608377755123456,17.256808515096786,16.311795810161527,17.589627912817637,14.451118693969551,20.287535104225938,13.469455155322786,16.923658506138118,16.421003474793267,14.863745657443658,17.431417471626954,14.526609547614369,18.08923716057004,17.99130029575946,14.050297231407958,18.843697823843275
1602,17.01931248433482,16.740917546571517,17.183777499089775,19.541867490713663,17.311222880173364,19.36534485090687,20.679797276228207,19.891884215414848,15.821539774617701,20.015702149493965,14.145505952279468,18.125688929682813,17.161009036745572,15.56409753777809,13.169824714319338,13.587484266477182,15.512265502488766,17.988987937650233,17.133120638005593,18.47234747045694,15.47764994102967,21.586197945459457
1607,14.268283897903645,15.142531777923931,12.93002621377129,15.363457961053765,14.547477938685812,19.38163643904302,16.90743147236336,20.977937251011358,14.419959756804285,17.183024496995472,11.014289084247286,15.09264801737972,15.205953810061176,16.530765022246797,10.003891080293593,11.390681370044563,13.412606240018711,16.86464613323265,14.114994540736538,16.232873180129374,13.141543398704686,19.911755003637296
1603,18.682458643996075,15.911740384547674,16.147810835019474,16.879712052912083,14.753894955890399,19.102232555656386,17.68499320526259,17.700709762736622,15.114146386950447,20.507153309862954,13.765352245792899,16.887435393368843,16.49000614011301,12.453363208891195,13.079621782694854,15.9753051479539,16.955161655310935,18.146067052182207,19.547079878341858,18.504130930257375,14.984807666321215,20.43607516735679
1604,22.45380973663728,18.426981581507277,21.43474304417967,22.310233453200393,20.015486440745317,19.353193264412393,20.512791519818443,19.83247516568566,19.74317974975511,24.594122246038573,18.878564121076494,19.300922022759202,18.14124063616313,16.627187660624546,18.44703586578775,20.727861771400168,21.46525500121158,19.626151042185196,22.93890648927135,21.796199788285783,18.62723318311317,22.93147406777687
1601,19.852984398897256,15.341571962139353,17.196712225878635,18.433330214237206,15.317825772191878,16.81360411929114,17.014568649895434,17.806956599917534,15.89616065791211,22.095084277855047,14.73383815761625,17.016769211659245,15.747785539580127,12.94593609617388,14.609626825061595,18.319375282240024,18.555840854425682,18.241491032053613,21.950522536981055,19.748345900480185,15.3888064827714,19.68442444080519
1608,20.586071379112287,16.137630231596216,18.360208886570366,19.53646473694014,16.750773378609182,17.94235141660268,18.308081862927263,18.926379176836367,17.5674701969413,22.609694501562576,16.3596699333004,17.96844027752997,17.24940076232099,14.506832656935124,15.874009791867193,19.236451306592844,19.623991177158132,18.890559243579503,22.76483939327758,21.013809274139454,16.064225274145922,20.812406152756168
1605,21.069921504593076,18.64318790485801,20.351287201859133,21.379676571487906,19.879206321850578,19.485672961580114,20.977497214034386,19.20122640329534,18.203933784299828,22.73658312422169,17.579095772239793,19.203257629645186,17.82553269219819,15.314967767187925,16.419305692108527,17.77231310570579,19.64836737496967,19.061404174904403,20.76654662268351,19.613244119555056,17.45447811926186,22.510939820286733
1606,18.271322974073772,17.37132546634651,18.36797766853237,20.425834532358653,18.776089013659227,20.9199526138681,21.184748265697944,19.751787516286324,16.976644998130844,21.89746396145356,15.457331729073427,18.630738959252664,16.31469856399236,16.865366609129627,15.223798097987624,15.903305706558145,17.984769183230988,18.670984905417484,18.079825275396463,19.401454333909392,14.51255136475214,21.002068011390183
1702,15.615072417906275,18.30608382069147,16.431794931318144,20.757856526496948,18.753705869998907,19.483284838982208,21.301619409612922,19.82756122861306,16.846869768156072,22.674387434763936,15.405292903391503,16.286430993433953,13.877068687529519,18.29700361450284,15.78438160607624,15.665565682655652,17.29135173204631,17.32725852459386,15.868859377031134,19.645713554809152,14.139707411370669,23.968881150242556
1703,17.689917144920233,17.577257060509126,16.96841950348908,21.40928139465509,20.82911574011512,19.980966213128742,21.750672970744347,19.577383317154563,15.128816279480688,23.903342242625882,13.998375069990242,15.95027193777281,14.683152864067008,14.562549141289995,16.311830975645357,15.173938534814392,20.175627725015726,17.646216207890394,17.924043394249978,20.399685063045755,15.25338806999292,21.80628740082351
1701,15.929972596327346,18.516081698963202,17.189616434535374,21.381134634772998,18.928585578502005,21.269074488295413,21.850317997993887,20.69636986703507,15.889624176059078,23.355728537757972,13.734673341233746,16.076922449557813,14.143077336172988,14.984334302421608,15.69047108239204,14.378717468014964,17.095126426742674,16.846832921463722,16.48933803507188,20.253017980998383,14.839211675627762,24.060232713410215
1802,12.475833027123453,16.011145622328826,15.964288390238819,18.382609367866706,16.087853273775707,14.999015268842083,16.859064273162836,17.142126006643508,14.773592190207529,16.966271121807438,15.202708675106043,16.299646747159816,13.2689555806305,14.848420809062326,15.249824279843365,13.302648317261959,14.670024735728727,12.099978196759437,14.26432472534603,13.529605905001345,11.998545845852622,15.302476091155027
1801,13.672045426528976,19.43373008634943,17.73550546674219,22.620223861153395,16.794594199398386,17.3933006303306,20.200785593543046,20.17898776682701,18.543441873668087,20.46429574544478,19.141270924778055,16.6962482305741,14.526522996236826,21.177088540452182,18.260616858361175,17.0461538375851,16.88285240185195,13.8502597783591,16.046206901306167,14.927168330325166,15.043010375776344,19.646844866196755
1902,20.4768534139868,19.848980633030603,20.187145182927868,21.1513593685007,22.908063256952463,21.297155033686664,17.97835653969298,18.73323428622981,20.43020171692216,20.808562029498905,17.32904801422079,26.169042341170773,19.25651864584847,19.492323171629412,17.028665794990342,17.8156063564519,19.00534201704255,17.796316243536463,22.692221812938214,21.37491938407049,17.535400960067136,19.747312666319797
1903,18.26066955845607,19.547026431089954,16.35567962507108,19.982860929255647,19.627667451151332,18.689154165131704,19.65488794109875,19.58677470902527,18.683467485122662,24.2519346457675,15.97995392440405,17.503748620419127,15.1502782099117,20.6823393965238,15.936892145838504,19.855431772992574,19.33302309123197,17.037977853551844,18.183994431412756,20.706462148773042,16.18634380377773,24.13024752771944
1901,20.396838646534786,19.251761374347737,19.60770525138922,20.84648532356949,22.927381292389903,21.15584953050365,18.029069118010693,17.932133422057635,19.994066916666917,20.8256170275326,17.108882762509833,25.075569524449087,18.03687401003501,18.883277302977078,16.085892228403722,18.06621886450946,18.990409865710433,17.531138115421832,22.69722778931464,21.410055636020942,17.803219784517626,19.653472484864928
2002,14.491634925933942,14.028086492798876,14.366428018616503,15.809246364574593,17.0787007153989,19.839371296761147,14.810011285393408,15.35681592754332,16.06882317260783,18.515985176819687,15.456656779159033,13.173504199261524,11.756269193168453,13.502820920435006,13.949836199198126,14.974666783138598,16.089815391646734,13.35817031220204,14.072150711427655,15.345246467401198,14.479570322596873,17.54133403201216
2003,13.003053604245576,13.153532666584349,14.156775026495456,14.423396946171147,16.454250137773585,16.59991696620579,12.969228568454184,14.404574779801465,14.951889148537221,17.736470230952232,14.372726095464667,12.648178932429142,11.69350606936632,13.029658977484447,12.345715987107774,13.173918672962394,14.386899739713048,12.753181422933777,13.54385198428913,14.543506735443344,13.785063671965325,16.458330830068416
2004,12.154514558779926,20.14465127991665,17.113775828902842,13.835940405456657,15.775084988123819,16.74653964453993,15.15699781269565,14.519581335167281,16.248313192107553,16.109484658581508,15.409566565697439,12.845090441810438,12.694110165642726,12.704377343733343,14.007005942896152,15.474710183656507,17.630558749738213,16.136998717904216,13.389978093588061,13.249420731212384,13.846397962306128,20.948807436564223
2005,8.918760969598367,14.869658091809054,10.396730689712266,10.34906117856119,13.397829671293898,9.794882787745761,10.579655892253271,12.719562813439099,9.98644289041277,12.185698022055584,11.356224501460808,9.909674545698797,10.252492308128362,11.529218138554697,10.68735680432261,10.975422037770834,12.208705104673864,11.762962034391757,10.057699077376293,9.506581193177306,10.434439184234602,13.478699920748046
2001,11.448249022322841,19.735361843604952,14.952311059054908,12.986907608142689,15.720756496085505,12.094730929819994,12.58619787160328,14.106773925635641,12.797415820263295,15.369566495185543,15.585118326555548,11.341653628033923,12.162165646805658,13.297790193447906,11.799624030862288,12.035319344469418,14.604357350849329,13.05887020257948,10.245546717595097,10.315995574585894,11.981265532181975,19.368044433016337
2008,10.996844850779146,14.543991848422781,13.08597760447492,11.273426920076416,19.24132351699314,11.103495633566265,8.025187625383474,14.60667646046431,16.180583533140968,14.611792621645783,14.812637278192605,15.135976280403954,15.270390448622368,16.115210570001988,13.19327924460404,11.672003752377451,15.849141761880093,16.41448766033717,9.287657630702272,7.798864283955231,9.742382707449291,17.077330615579772
2006,8.52501452708325,15.073613587199903,11.437463465063074,12.921485369745747,13.12181071435899,10.918765283983841,13.209566378315692,12.850884911889468,9.98279272161539,12.250907384735532,13.417244509260083,10.712779295619203,9.478442111619206,9.72463164424502,11.035230862382031,10.07325589688189,11.358685652056568,11.140366842942953,9.553740721186136,10.467044689296019,10.515685581256017,14.662027997121198
2007,7.81030261500418,14.198591912665018,9.814156810604137,10.405439928779757,11.847930124135521,8.666275728524216,11.694431104311128,12.044452877548652,7.87410370751125,10.448334290083185,10.399748719481595,9.017696517592846,8.370043536350334,10.704044006865844,9.638691610437098,8.439055227328769,11.674792666745379,10.615126617878756,8.853335087861472,8.728400643117382,9.68178227212694,13.235615038936377
2102,17.39242005586204,17.916103126345188,17.751407453052032,18.878265569018254,19.99906514530477,16.85625766321833,18.372230288986593,17.050542605742244,16.452175974962554,20.260219531788195,17.25701465408824,18.80413748919789,14.80074747193464,15.151155519401474,16.371069161106544,16.245750469992505,16.988501502847363,15.422108977058905,17.223514693337286,17.479778471793836,15.383572461017541,18.640259592097713
2103,17.71096052547451,17.933683630163724,16.527939268642253,19.80031939187129,18.96038651142761,18.347361996168196,18.822951535107446,17.051945911733668,14.963260227516622,21.394335794497394,15.578029772124534,17.201749205306136,14.432798796845647,18.39670978678175,15.211214023159041,17.4947644711188,16.284604125561696,14.606713256554398,16.52754415808834,18.403506679538147,14.4696056274871,19.250500483556564
2104,18.346449093510525,19.322689484674665,20.252881376474143,20.82739779371876,22.418863616878134,20.54464674631435,19.666828483080845,19.530915927671145,19.523756658368473,22.770280900360024,21.364746737845856,24.75556138546766,18.613918084788928,17.639606076567382,20.920367627219395,16.788012970264216,19.240275576751916,18.1513138359325,19.769871577924,19.27647630971132,15.393918752010846,21.453660788474924
2105,17.099535611654858,17.75177848442338,18.60543309468483,19.06763693560175,19.13536981771792,18.189935169014298,17.384426028774424,18.055201104110008,16.987775009766217,19.155171387941987,18.989125919358898,22.168966508446932,16.644991203734282,16.224309057950848,18.29846999155078,14.014734280157873,16.389406532286248,15.36994297579866,16.590322800653656,16.651733311617228,12.438264029679713,17.83476197207503
2106,18.130229655651952,18.47065179447573,18.927401269103562,20.543976039445354,22.0034143140409,18.441821102607154,19.735832772668083,18.004817746366186,17.185290352080994,22.03955852717912,17.86825449367124,20.739341828014094,16.14666806050815,16.492628461951668,18.032423979996565,17.138770873109596,18.43579937912161,15.99644568446261,18.941385762297287,19.13316860073881,16.75505181399139,19.731269978637485
2107,15.15919842774076,16.079883723105155,15.815956037732551,16.314506567345564,16.4066665582898,14.119698295493487,14.951362017204996,15.177524281795272,13.771326554621835,15.956957711982229,15.026502475888186,16.259176472611497,12.749531198649585,13.668123845380602,14.636313916000992,13.205525257905462,13.772429476557551,12.669541606720157,13.391428565313843,14.058901145921755,11.591007548451111,15.273140697761942
2108,16.706087891558216,17.049523439614827,16.631581083889987,17.448378487190446,18.35909120346991,15.645074822161634,16.454075017621776,16.230148908846385,15.045095980412228,18.211061324881722,15.69587300557552,17.095550512153952,13.33393235382888,14.166448896231943,14.826551840146818,14.87474379865216,15.172018312018665,14.164743884121576,15.18747779533378,15.910526855267946,14.00970564333975,16.993366886523695
2109,18.464023194257816,18.694518039585542,19.485200410644058,21.38083702624995,23.175292083195277,19.01884410372112,20.43300418043689,18.866494685066254,17.097876465918937,22.507119593012746,18.063467670131374,21.143763549539575,16.679558374706843,17.079764115764366,18.896226997080916,17.48620333358588,18.933190962522648,16.16535110087008,19.808480365856273,20.002136786471922,17.09655216761998,20.582752406367003
2101,15.927271619159011,16.664957309687633,17.542463421197077,18.149232937705534,18.052437805504937,15.940348681463115,17.741142297489066,17.007142989330557,15.849012647461267,17.877085529233348,17.73523973794123,19.71418330599604,15.249837342836823,15.419582662744038,17.198456936587906,13.538062254636792,16.163530396900853,14.796311056962917,16.001549638621796,15.990332563632442,12.394846047458737,17.71029017438139
2110,18.375411226051554,18.02529775151553,18.45377586841734,20.1601443638514,21.62885431856397,19.488765896627644,18.401431794643855,16.75827343214714,16.79250108100354,21.95942922085665,16.50898378882304,20.92720183025296,15.407278579757685,16.230290048838338,16.7087333409388,16.48290177102265,17.71265015513279,15.184081544023904,18.271281071028426,19.03079390397838,16.692793167085348,18.276664886860054
2111,15.098720148857065,16.691591022398825,16.32041547830005,17.23201686825447,16.852238858035594,14.315353329134304,17.11176767075562,16.23643718365802,14.613359124139444,17.16756116307071,16.270614202554125,16.99712026103443,13.373403000989498,14.32452694680254,15.828105875566832,13.800826445741633,15.047573929169847,13.60782564765307,15.194551251055652,14.896533793013617,12.485107828186575,16.815107269792367
2112,18.85704191082361,20.121083138908652,19.313165352204397,23.081767109453665,20.830076665420826,20.77572528647466,22.384791920261396,21.92031053344132,16.280251071415595,26.66776604476655,18.81413225713811,17.330717575084584,17.46466463997812,21.79067296800465,17.496995638733843,19.636038475281403,18.496865258865004,16.353489548399356,18.49142571892646,20.331654424836763,16.405011053702502,24.764228648633424
2113,18.830882334154705,19.87286099722219,21.088942017666128,22.136260866564374,24.305982310272928,21.491042806935866,21.5014028016911,20.464629741047705,19.760270451390465,24.443202032044876,21.75732680475989,24.788166613911475,18.87444686446079,18.3600591570832,22.039466928881268,19.102324201894362,20.86550020617108,18.83763284461443,21.364648393143057,20.865304330337878,17.46203920231309,23.421507418432903
2202,20.235672331401688,17.006813160523084,18.92487447526193,21.1650799784952,19.965946770852504,21.532613599910952,20.068894896324686,19.335548542673347,18.191766145038464,23.23292062580141,16.875977547354868,18.54083380160908,16.084634861739815,19.76767316663639,14.601600707673956,18.33098766378121,21.388033128507928,17.812796402546613,18.43600175441171,18.46419077118732,15.772667081127233,22.253510002115366
2203,21.037807001449785,18.01662243235657,20.815135137529868,22.48095478208792,21.4320676535761,21.277830988053115,20.82132564393747,22.412428766373427,18.90829126847817,25.111628867564413,17.98127871321744,20.32133751862543,16.31911845018551,19.975676466273743,14.534042663958944,19.609213951116757,20.58955340981021,18.34058804656296,18.957905478584756,18.548124143187625,16.03922378045815,23.381931939728045
2204,21.49735579429402,17.855123441643208,20.87600029962368,22.047059425515254,21.75425157495618,21.228898676411028,20.10966659985387,21.563784691391277,18.458586292053425,24.31811077072074,18.076446062096707,19.123248048111257,15.937968938616466,19.244712811409563,14.750637482470415,19.49290638230818,20.538053140667923,17.984995798110173,18.275784091736043,18.24827240455017,16.028808492968007,22.74238932720616
2205,20.090456735788454,17.650216401038378,19.61223528118017,22.246721676619,19.793895948433782,21.02939619075198,20.501212856391735,21.248009127286647,17.55556408487108,23.485407940167672,16.617094393494913,20.090794209715536,16.51679487906571,18.77274980261296,14.145713119321696,16.709532615378276,19.22577898842948,17.721457962950566,18.210844336141637,18.221360722381018,15.643606531441426,22.238558840666123
2206,20.231107459582812,16.62455856266007,18.48413904761479,20.444500048515096,20.466251619616205,19.789306319212084,18.463015461656713,18.909154985376105,17.313362145051126,22.233965930084207,17.2066278152744,17.041376797036136,15.347896248965146,17.070184766080313,14.420709576954776,17.954820547215544,17.960910736741386,15.975685583728565,16.92345565938184,17.14001051827817,15.677668580966786,21.572631597903385
2201,22.891887752729232,17.097950809292204,20.138553382302206,21.31686079556761,20.59138921736699,24.14409922290322,18.827554853850337,21.20100434216321,18.002307956946243,26.389748044239887,19.22809909814727,20.050230543405743,16.205856621052863,18.723175841451482,14.534638735207137,19.218928555232555,22.724439839592893,17.209831105162767,18.185151413515765,17.713702278117776,16.46842878057953,23.25860919359686
2207,20.029150662431228,18.214582822354515,19.906183027452037,22.364682490730647,20.49949416173251,20.570331313804612,21.853934857153124,20.237390521807733,17.784448889220236,22.761061591486776,15.899566171291431,19.40227814643614,16.013625004259865,19.005105370588502,14.614359035437655,17.11725556330165,18.883757580389787,18.98656851697918,18.31514779711584,18.818118244692315,14.74437062247202,22.14433054408267
2208,21.580224972116984,16.955320236906186,20.02402299408466,20.608786066493238,20.029480540860455,22.20457401124372,18.612602838216592,21.019748715835757,17.525155647643743,24.387288880852413,18.500291055062746,17.855023883980927,15.415338290421984,17.367813146366455,13.729896619600831,17.550031024163584,18.834529445970887,15.57482112786561,16.44581866660507,16.860463028227816,15.113961492780472,22.698114069566987
2209,19.52269654432473,17.881202190253088,19.37772508542662,22.021954456505746,19.612914013035724,20.088191875832617,21.516279197152638,20.255488823259498,17.04912545071172,21.89837501917271,15.981406728656307,19.538689980961685,16.716650793145845,16.98318713920654,14.692071035418207,15.82834599610698,17.775350578086226,18.43056933004732,18.10893437249123,18.802995261429363,15.405791829603945,21.665149293882997
2210,19.817857049331515,15.80640537601342,17.53020360550397,18.96727000395141,18.389005187017542,19.785815275924108,18.06418679217142,18.411449123013487,17.7182024503244,22.363712418545468,16.556691170054766,16.972005955188617,15.628332465748821,18.447807916669042,13.601671311774737,19.014199129392804,19.75552157600484,16.011776227047303,17.272173081904235,17.918006364046303,14.457619220077635,22.297067717102838
2302,14.141845715840658,16.580330610787996,16.718023601244855,18.626846503801243,16.396293675412412,16.837777407656432,16.83748044701033,17.88497788172896,15.851388534217753,17.276073183449366,15.110032374884492,18.180057087970038,14.22230311978248,14.630878306563183,15.600443502446657,12.120369823414793,14.122466181683285,12.53096710041005,14.46639649093792,14.07777325045678,11.152976653806626,15.566171947602303
2303,17.70074191726231,23.199765110638282,22.231725037141153,23.467627698567746,14.767990308364636,20.818973868026347,24.782843072142956,22.345279979913283,21.682780229500707,21.86165299495119,20.70917270320148,19.19104817745217,16.385925188887544,23.23198604514583,20.2704977190434,21.868515186503455,19.336669632453173,16.173456415393545,16.93479383847608,13.145100092524805,19.72714980086008,24.739120832641028
2301,16.593974882093935,16.947532283950423,17.507077298059123,18.939539324390115,14.675636386801946,18.528448042752757,19.383894742243562,18.4036020667062,18.67599365256118,19.125425130801094,19.26870337684496,18.70476036768008,15.469087583591369,18.658153133891954,18.351163482596625,17.08009483673721,17.25965745813951,12.95803596237288,14.755525311190846,13.136608322239779,17.539473378019313,21.730888243066204
2304,14.89723997006076,17.544729098022284,17.940514492318194,20.241727750595302,16.296000260282266,17.321620460887047,16.91786495282999,18.782563315077315,16.114970125048472,18.745472178153193,16.114978236093226,17.641635553391612,14.165771989746753,14.546150045938086,16.036412724506622,12.872642467240249,15.119306350837274,12.390368448201064,14.706723779074649,13.922636322263513,12.545995888644702,16.52197318190538
2402,8.343103491279038,13.853592165898634,10.040139743640001,12.68627920376872,13.42881458119313,11.896160877676467,13.013048460183173,12.696961514620602,10.642940884354722,12.916250934716105,12.483329084406117,10.967992073654962,9.230255617756224,8.750249928288657,10.877385839979242,10.712137508481007,11.609505840480633,11.106771235463787,10.354961026828825,10.400416463765916,10.331186858513698,14.592729157483728
2401,12.560719673389213,16.06628513864533,12.772696435352442,14.311405267477696,16.012791346182784,18.233261430164454,16.23269378102057,17.009220850830925,17.24922120313565,15.118932995043302,14.57848480837497,14.641852803111407,12.601466515982251,12.220987280584108,13.823910949368887,14.378250119428555,15.585349249905827,13.234464529148429,14.54941797916909,13.664742928924984,12.596203492288774,16.703722719736707
2403,17.552854914880243,17.3068167309546,13.984971256407881,16.613438241994032,17.183142533036694,19.9660880546671,18.19844674305195,21.85219352631101,20.157079135075172,17.137726628179575,18.400725224290035,16.68528544681458,14.31412097819604,13.81983547944289,13.589042257566984,14.92781898893159,15.911319548002288,14.428073275943017,15.725288121706612,16.698376491152008,15.160227903320555,17.66318575203893
2502,15.741303007571439,17.530793950877147,15.396607643111588,19.439564980039954,18.42785100122488,18.923726464242606,20.39905414136546,20.314246383316473,15.86277440570193,22.280142590291558,13.328205714979134,16.801135225586897,13.676908518729036,17.12372325207532,15.281064141393886,14.366375631254064,17.843764084964548,17.940715139863784,16.601106673131234,19.445300788762946,13.746263985623697,21.82260866358181
2501,16.446265695715578,17.33940919256876,16.852410570684388,19.524065632550858,17.831148640566454,21.912907347402914,20.915199964884597,20.13900658527397,16.104345341254383,21.929221686086795,13.701533770158804,17.560302743988252,15.244950011363251,16.349932016271133,15.903875534572709,14.815668605372021,17.61555096203398,18.599302789995537,17.562669992273015,19.42420854496941,13.507751970793908,20.734235711186148
2503,15.965544179737318,17.17621496885435,16.159634286786346,18.732412818016858,16.033311457028375,21.413529146536792,20.13257656185611,19.50759007164401,18.525296095353657,22.749974573334132,14.479378103171515,18.288784087915705,14.919571296362893,18.829588372677367,14.755393260550097,15.740447544028573,17.049082772246432,17.684664928191374,17.62873567808237,19.672924731133868,13.70487052592581,22.61018990449898
2504,17.76695918887168,16.89657404062067,16.20670366775038,20.39766757949602,19.896043029702565,19.19617301992538,20.44057512110399,18.295199241276844,14.837149216648045,23.164525813514388,13.934054995886529,16.252211602176157,14.00109612729456,14.809317323584034,16.062067249024512,15.559459159706538,20.91951987063933,18.172338474774392,18.411048347875777,19.581863901966802,14.4776689076714,19.9907512136209
