ubigeo,precipitation_mean_2001,precipitation_mean_2002,precipitation_mean_2003,precipitation_mean_2004,precipitation_mean_2005,precipitation_mean_2006,precipitation_mean_2007,precipitation_mean_2008,precipitation_mean_2009,precipitation_mean_2010,precipitation_mean_2011,precipitation_mean_2012,precipitation_mean_2013,precipitation_mean_2014,precipitation_mean_2015,precipitation_mean_2016,precipitation_mean_2017,precipitation_mean_2018,precipitation_mean_2019,precipitation_mean_2020,precipitation_mean_2021,precipitation_mean_2022,precipitation_mean_2023,precipitation_mean_2024
0102,29.8317518183794,33.48939250764393,30.59268719809396,31.421795623012322,32.320446307066256,31.038921219961985,33.37893383591263,34.52971984217407,34.12537495042912,30.055549788096595,30.508924231958137,31.498237261696467,27.17814750267715,31.168227801247248,23.33080054590942,27.912037183368017,40.86913512497352,30.907862612810085,31.703046223473926,31.471397702656095,30.162253909640842,33.40095965067545,39.106304895310174,26.8813959757487
0103,17.577733112418134,20.067630643429965,18.583627420922983,19.185294897659965,18.58593691950259,19.27924364546071,19.466334011243738,21.334566230359286,20.79875089811242,19.269617381303206,19.168853801229726,20.444914631221604,17.289859896120817,19.33502755994382,17.139765573584516,17.76357236115829,30.35160133113032,22.12293715062349,18.72454741726751,20.754664358885393,19.150449866833895,23.976634222528208,25.14737926358762,16.641119656355485
0101,14.076566006274934,14.24003113077042,12.671103396314257,12.963440397952466,13.750781728866253,14.955028473062718,14.323698530805872,14.452474604261683,15.752413830858595,14.375517145116278,14.112351103031889,13.549883761304491,12.579278296612678,12.659073504995792,12.362599798973571,11.812212416466247,18.019015667286325,15.815765837405591,13.100495490622013,13.807961423346336,14.2281237561652,15.523091813351245,16.21399071876039,10.619627389502018
0104,45.24731960990813,49.25844786196069,43.546889842279654,43.06734645387329,45.47031126898331,41.88268555057731,44.392433123530715,45.74818749320362,46.41641210559336,40.21274006346069,38.376521155160674,42.07514731474931,36.99149346971429,41.35479177015493,33.69552422892076,36.709177324635526,51.761731298172286,41.041471372237446,47.19286470727243,45.6321397943348,39.49521480937145,42.466797860077804,48.4197550662882,36.073660862094606
0105,11.218522557672465,12.147044172826803,10.798905453591976,11.435274250102493,12.207135164512778,13.046266366850656,12.35058745798075,12.970481512681493,13.649884970682972,11.96550876689407,11.87432648100943,11.473995379681858,10.365136294994715,10.82556083967101,10.403951253531114,9.958955530850393,16.280833901099438,13.390855168396572,11.126594246558422,11.684297966507247,12.115489590842769,13.149953707209173,15.89826980626808,9.136292727488392
0106,15.708743903216194,15.38762404497932,14.943554732378791,14.649394596324248,15.313519511503332,15.916008971719181,16.381987190246583,16.162866188498104,16.222737413294176,16.408182155384736,16.030968890470618,16.127719924029183,14.79344472324147,14.963953904544606,14.49283259896671,14.320080050300149,21.141334062464097,18.087752521739286,15.142663069332347,15.886966088238884,16.368267025667077,18.53177885167739,17.332415401234346,12.409571232515223
0107,11.688506315624902,13.599623763372028,13.465685920109825,14.036197806161548,14.282818446083674,14.355811732155937,15.106548332032704,15.749576931908017,15.898253902556403,14.272488594055176,14.253022322579035,15.0159483712817,12.593765304202126,14.510633294544522,12.339247468918089,13.446171949780176,22.17901699126713,16.293442968338255,14.106134997473823,14.869011084238688,14.61565351486206,17.50666379928589,20.542711780184792,12.439902706751747
0202,7.499671257060507,6.570922167404838,5.429408990818521,4.784836686175803,4.388305907664091,7.5540103290392,6.033088787742283,7.732644081115723,9.643567365148794,5.786012810209523,6.948728385178939,7.037648449773374,6.725681553716245,7.154209717460301,6.01087558787802,5.428047387496285,8.079575206922447,8.88891287471937,7.360816499461299,6.3081642907598745,7.4155549692071006,7.316810452419778,8.308091951453168,6.307146093119746
0203,13.436704242930693,13.548743640675264,10.883860924664665,10.70236593134263,10.258367257959703,14.969003901762122,12.304921767290901,12.602265245774213,15.275355843936696,12.5305035535027,13.669534458833581,11.839587267707376,12.407283221974092,11.503275310291963,10.314942079431871,9.624308586120605,16.154579274794635,14.622918128967285,12.846376867855296,12.311631427091712,14.507394229664522,12.949792693643008,15.769966349882239,11.42712823082419
0204,15.876199722290039,17.099341213703156,12.87081003189087,12.72618567943573,11.845825493335724,17.25760406255722,14.731545388698578,16.551816701889038,19.35503315925598,14.653094351291656,15.144348442554474,14.763051927089691,14.016859710216522,13.130750954151154,13.42917412519455,11.710700333118439,17.24033910036087,17.89140498638153,14.358767807483673,14.08115941286087,17.144527852535248,15.56897920370102,19.656578063964844,13.236498355865479
0205,11.355525713340908,10.14991395146239,8.424977212559943,8.134318230783238,7.670810520648956,10.560561653445749,8.647205196174921,8.66399713123546,10.512522944048339,8.345616578471427,9.823159547413097,10.166343214465122,9.626767950899461,9.570090494903864,8.121909294642654,7.744732631187813,11.472598252343197,12.017187820930108,9.552860293902603,9.213206820628223,9.003430926332287,9.73932589970383,9.966647765215706,8.288039028644562
0206,11.903952700751168,12.673990896769933,9.70303497995649,9.152954391070775,8.680839572634016,12.702421937670026,10.801600200789315,12.528019223894391,14.741702420370919,10.808261462620326,11.262938158852714,11.266598156520299,10.855312892368861,10.798812219074794,10.821514333997454,9.43434032372066,13.329295975821358,14.93256493977138,11.7549147605896,11.041428668158394,13.503589221409388,12.629431213651385,15.707186937332153,10.464697974068779
0207,13.334409366954457,14.555607969110662,11.119293429634787,10.968669587915594,10.25828591260043,15.018207376653498,12.415907686406916,13.472618493166836,16.464307524941184,12.639182697642934,13.560310407118363,12.144966298883611,11.940333583138205,11.04047714580189,10.363245400515469,9.71429967880249,15.296086398037998,14.73382941159335,12.525856408205899,12.26412382992831,14.599579551003195,13.00472354888916,16.192529288205233,11.44165832346136
0208,1.167132032884134,1.1014827457634178,0.9715306899837546,0.8396459813859012,0.8666355682385934,1.2220508536776982,1.038312452064978,1.3033989724275228,1.623235737955248,1.1845985924875415,1.4944764480397508,1.2400529086589813,1.651412980782019,1.599623264493169,1.5221995042788017,1.4107508425777022,1.7448788591333337,1.8513470912301861,1.6337382430965837,1.5287545089786116,1.8187941594703778,1.8559534396674182,2.030153788424827,1.5207395255565643
0209,10.115861102512904,8.959191485813685,7.347473689488003,7.06631783757891,7.336789512634278,10.037749644688198,8.917898777553013,8.89497023991176,10.77782039642334,7.958201040540422,7.550867652893066,6.883976990836008,5.9115762029375345,6.007129948479789,6.140229729243687,5.574065732955932,7.959695672988891,8.869501917702811,6.8823394775390625,6.723312725339617,8.187526907239642,7.425648164749146,10.973312473297119,5.916800124304635
0201,8.06352102900126,7.759522438049316,6.271042820918991,5.6613807915204974,5.480090029986508,8.540470460811294,7.029087916914239,8.661549931549164,10.197319553559085,6.799895980271948,7.620047969990466,7.6800213650048494,7.531336663717247,7.754811539707414,7.192139526447618,6.361978739140982,9.10994711554194,10.122871459248554,8.181231053478747,7.253187550119607,8.803380592759833,8.606392455388265,9.870278616985642,7.135013666497656
0210,14.177783863518828,13.665800412495932,11.007300961402155,10.883017755323841,10.33148176952075,14.640768635657526,12.321195458853117,12.653163848384734,14.75378184164724,12.164163702277728,13.393215169188796,12.268841743469238,12.61194625977547,11.956287455815142,10.69983237276795,10.000315840526294,15.735588473658408,15.08520616510863,12.408427812719857,12.184259035254037,13.888869808566186,13.00517148869012,14.613827131127799,11.331991298224336
0211,1.3786879777908325,1.203891969518736,1.0259370290441439,0.8675891261082143,0.8077402876224369,1.3311274950392544,1.0675186353037134,1.336509114364162,1.7623014976270497,1.0527576731983572,1.4897794192656875,1.3255434886086732,1.505004255566746,1.507994812913239,1.2962389532476664,1.1882558392826468,1.5511356962379068,1.7166273561306298,1.4807966721709818,1.3752462479751557,1.486867119325325,1.4941020526457578,1.6899435033556074,1.2851322831120342
0212,8.877817479339805,9.164203711458155,7.353664559286994,6.948362613046491,7.105622763569291,9.812787400709617,8.640512131355905,8.608843829180744,10.862512675491539,7.8088438382019865,8.341841391614965,7.820465126553097,7.335933833508878,7.348365780469534,7.42817383521312,6.635158796568175,9.461699824075442,10.031220526308626,8.269272556176057,7.799918503374667,9.740239252915254,9.041626630602655,12.040497457658923,7.093218993496251
0213,12.603533993596615,13.821672190790592,10.705753865449324,10.626806425011676,10.317725720612898,14.362651410310164,12.242473892543627,13.013052525727645,15.795925969662873,12.28982286867888,12.53825797205386,11.55148862755817,10.790355184803838,10.399462077928627,9.788993545200514,9.24161027825397,14.30924718276314,14.02295912867007,11.820837684299635,11.533782876056174,13.587972723919412,12.19326404903246,14.859807885211447,10.568435959194018
0214,3.9527602977440006,3.3153244677137157,2.9769110015181246,2.4486918737653824,2.176441082700354,3.4077345743531087,2.8703875546572637,3.335873184634037,4.049018499304037,2.7192538830100514,3.703535291015125,3.614155948162079,3.802094744854286,3.8067563000272533,3.173113696887845,2.9679438911500524,4.106264725083211,4.706767266891042,3.8288677491125513,3.67375895234405,3.5830180644989014,3.6310773003296775,4.136321227081487,3.1564566937626384
0215,12.158524933146007,10.124995929091725,8.346542301462657,8.774720259566806,8.655852225289417,11.876718457065412,10.746552588334724,11.041928771716446,13.121475596926105,9.646405163095958,8.840342507433535,8.041583669719412,7.015695465144827,6.996033148979073,7.321137118695387,6.536536252320702,9.551511725383019,10.424592630187078,8.426244572027406,7.915327353263969,9.961944231346472,8.624405672301107,13.177934639489473,6.896200023480316
0216,14.185594763074603,14.46566207068307,11.320680005209786,11.327299356460571,11.392959833145142,15.541334731238228,13.238704442977905,13.982118776866368,16.75723304067339,12.88822054862976,12.73505697931562,12.02631780079433,10.74823294367109,10.786264760153633,10.267654759543282,9.562389782496862,14.529063531330653,14.203220401491437,12.304000343595233,11.778806516102382,13.771516970225743,12.515170301709857,15.612070390156337,10.53598039490836
0217,9.999124784727353,9.003241336023486,7.53241223741222,7.062915561972438,6.251300919700313,9.754634064597052,8.404342356565836,8.56366369208774,10.404521033570573,7.3217070440988286,8.79552098222681,9.178750398996714,8.76063733809703,9.032921062933433,7.489986200590391,6.921099147281131,10.184126895827216,11.461264346096966,9.084570365983087,8.269151542637799,8.811551355026864,9.239174762287655,9.711423693476496,7.5323482945158675
0218,2.041417200088501,1.985364056110382,1.7645444669723511,1.5495267624855042,1.6564995861053466,2.433528643131256,2.2510006160736085,2.1878468112945555,2.7433243803977967,2.016163501739502,2.187898892402649,1.8760437936782837,2.3182064666748046,2.1510328931808473,2.153729456424713,2.0020661716461183,2.6991724824905394,2.7852025003433227,2.3470846738815307,2.4492518219947814,2.7128519015312196,2.6911162600517273,3.606421646118164,2.0938633909225466
0219,13.962067238827968,12.868904884825362,10.140127364625322,10.701691627502441,10.553418585594665,14.351189187232483,12.25842768080691,13.442948523988115,15.675587694695656,12.15938915090358,11.168228514651036,10.63157418433656,9.205036812640252,9.337953283431682,9.185092043369375,8.386953566936736,12.591871565960822,13.108249217905897,10.602690980789509,10.295623414059902,12.346277439847906,10.86575956547514,15.006315271905128,9.103765467379956
0220,8.60491848275775,9.336217482884726,7.295194974967411,6.6722734201522105,6.560744450205848,9.476518324443273,8.197695207028161,9.185599366823832,11.531358105795723,8.041615225019909,8.752587721461342,8.215867388816108,8.149392627534413,8.081661553609939,7.952070962815058,7.193695846058073,10.027493942351569,10.935187901769366,8.928484388760157,8.373983059610639,10.323167863346281,9.729403376579285,12.303913252694267,7.939106021608625
0301,13.496802009385208,13.414318216258081,13.088582384175268,12.06233498967927,10.016371414579194,13.73107806567488,11.929147136622461,10.599909223359207,11.376085544454641,11.560308653732825,15.299876599476255,13.351030653920667,12.211359385786386,11.33225522370174,11.498803270274195,11.14753927033523,12.643264227900012,12.118937295058679,12.956503432372521,10.502604287246179,13.341897117680517,10.364677531965848,12.046220228589814,11.8359736245254
0302,12.096449575351395,11.519891491373077,11.552649403346404,10.400602704696073,9.619993774035505,12.819969606763534,12.54842519396134,10.143160339530187,11.057747251204862,11.536333648303083,16.032632077923257,14.14247269666832,13.403378304634385,12.427800972043103,12.852414633481557,11.08675217810478,12.814106329706789,12.222964745441466,13.962486310769583,10.372943776254436,13.889105476495875,10.923013148416999,13.11870764230044,12.37590512428575
0303,12.600974655151367,12.217216437203543,10.287085396902901,10.33606499717349,8.614429333096458,11.86392031170073,10.778510211762928,9.575073800768171,10.66689045315697,9.287313988095239,13.062788491022019,14.48235210237049,12.117939231509254,10.850464820861816,11.16498658316476,10.47557111467634,13.02374110448928,13.122982842581612,13.50212223416283,10.88057055700393,12.921179825919015,9.818130175272623,12.48220179421561,11.957404118492489
0304,12.260440748129318,11.143096952296014,10.282021490495596,9.436267785171964,8.599735857835457,11.896768164278855,11.4066976860388,9.347627141582432,10.223233198052021,9.361273797590341,13.60005037108464,14.71790693055338,11.843868661282668,11.442006075560156,11.431490926600214,10.31143720114409,13.063282454191748,11.357842246098304,13.580506773137335,10.695353216199733,13.011117024208183,10.176531250797101,12.781737128300453,11.948257987178973
0306,12.06831699371338,12.600275192260742,11.51401195526123,11.104435367584228,10.235738945007324,12.013414630889892,12.694686870574952,10.496173305511475,11.785193672180176,12.468053302764893,17.00510444641113,14.257295665740967,15.727812004089355,13.274770278930664,14.368023090362549,12.283571929931641,13.64795301437378,13.520042953491211,15.115239601135254,10.914261016845703,14.849310874938965,11.931413021087646,13.533077564239502,13.9431547164917
0305,14.957223622939166,14.744484643375172,13.017690052705653,13.189308256261489,10.150996163312126,14.439292470146627,12.133039373510025,11.284632828656365,12.16310438268325,12.208828589495491,15.101442752164953,15.627115395489861,13.440724081151625,11.752847166622386,12.035273664137897,11.748812372544233,14.316727032380946,13.944932814205394,14.676091059516457,11.42886220146628,14.349003634733313,10.33123743393842,12.975230059904211,13.024602026097915
0307,14.547524936163603,14.041977142220112,12.860844455548186,12.841586653865985,9.841039742996443,14.47391100072149,11.86207327202185,10.924324704639947,12.156003425370402,11.235403729908501,15.448256378743187,14.926041062198468,13.201842450383884,11.376121307486919,11.673618914476082,11.435346204843094,13.57647342112527,13.615729331970215,14.363009751732669,11.16377135888854,13.72204255346042,10.284415401629548,13.087340710768059,13.06877335505699
0401,5.82187697741763,4.95862495324236,3.0455313779150175,3.9100417324201087,3.515990079024214,4.980157033423519,4.454149220917386,4.934761183821504,4.212089277923682,4.123464477023894,6.873022335518595,8.114006606712218,8.031283841639086,5.576754062505397,7.756381474890509,5.138867533858566,7.853342746231717,7.799791253264694,7.246257607193239,7.890654005805012,6.270736684369887,5.512100691197386,5.636061283553145,6.632539551357747
0402,3.1132983956199425,3.2237547427415847,2.5697046472476077,3.061574345139357,2.6967210908348744,2.9256323459056706,3.4735929933878094,4.141147784315622,2.895915735799533,2.3744753943039822,3.914463739899489,4.897225997998164,6.538342770934105,5.284448386614139,6.1249144416589,4.6605567812919615,5.287433819358165,5.7697238708917915,6.3050270213530615,6.208300218903101,5.364849129319191,4.46183783870477,5.01081628203392,5.57827783547915
0403,3.592678920325765,3.326038755191285,2.300744729357188,2.6357987380127588,2.0322401489367325,2.891410272657586,2.771055467925859,3.7743967445700934,3.1244596957304833,2.015503623268821,3.561377806170135,4.626535594748538,6.1536351800250095,5.435897661453229,6.196276942651237,3.8308854708047004,5.7004720660630595,5.5227891054877825,7.013130020368042,5.635294448459548,5.280332673323212,3.670670671753906,5.6909023442051625,5.62867506090819
0404,6.237839662923222,5.9687036613447475,4.1561229323918845,4.678785045590021,4.205103700667356,5.168634215287403,5.411612432614892,5.078718496634897,4.490866648939859,4.208585552937161,6.790034747756688,9.536860546179577,8.101818462388705,6.712871707646193,7.757794295792031,6.265234165487036,8.292758874133625,8.054121496403113,8.508878068586366,7.916413769257807,8.037850768165251,5.966817377942853,6.94832540929845,7.359875355146627
0405,7.389786103223389,7.490674747769528,5.176305536919228,5.643984068857941,5.3994117857076,6.85999621011087,6.363274349515134,5.851169974793422,5.395600493783993,5.917652907350515,7.988880344424479,9.661916179278874,8.231090270475145,6.567890384123714,7.480772930094849,6.09507694380924,7.820169604297251,8.442575563943334,7.598593440875082,7.597249578274294,7.6408227293501865,6.3547761277480275,6.724514591011181,7.244421996734216
0406,5.459905496510593,5.23675799369812,3.7824844658374785,4.226354479247873,3.770925302397121,4.490071901949969,4.933855351534757,4.848829053748737,4.209740437702699,3.672768533229828,5.983167789199135,8.839206992496143,8.167896715077488,6.732238018512726,7.7992064107548105,6.342421721328389,8.193061436306346,7.736780266328291,8.586828084425493,7.846746080571955,8.027517991716211,5.722841760245236,7.227696420929648,7.703595020554283
0407,4.236613930483174,3.614748887899445,2.3750086443695597,2.970874961071867,2.7798971872988756,3.5328300071925653,3.32404948250065,3.818644952240998,3.0490385487796816,2.642827317724383,5.16097788137149,5.663097977638245,6.614516914617725,4.98080608176022,6.897821164228083,4.685511512000386,5.686697637404853,5.886437354775948,6.861474184485955,6.794462370678661,4.715074823639257,4.378099957617318,4.234821719367329,4.914878263463819
0408,8.118840882182122,7.659650920331478,5.660428310930729,5.79409955739975,5.326105182617903,6.664995358884335,7.004060368239879,6.042474417388439,6.402856662869453,5.295807776600123,8.142932046949863,12.230524861812592,9.924805226922036,9.11090407371521,9.296239614486694,8.405828857421875,11.03593451678753,10.068418833613396,10.835019516944886,9.690087544918061,11.084423032402992,7.82055644094944,9.753785172104836,9.656938669085502
0502,11.11444163740727,11.139146788078442,10.706009697495846,9.439828872680664,8.753361668503075,10.702932842990808,10.093574239496599,8.999021245722185,11.05451662498608,9.958712945904647,15.089472687035276,13.269021787141499,14.275947554069653,12.806781199940463,12.095126386274371,10.879398028055826,12.261202996237236,11.430678668775057,13.365162481341446,9.276882506253427,13.425047874450684,10.54072930520041,11.948979545057865,13.286419232686361
0501,10.889862966055821,10.864992045392894,10.216297843239524,9.17966627833819,8.2724876066651,9.872609119222622,9.735499757708926,8.162280183849912,10.185266138327242,9.648804621262984,13.980946829824736,11.890914589467675,12.847309179980346,11.343645847204959,11.91311644544505,10.625615909846141,11.153943302655462,11.110746855687614,11.996554663687041,8.77722490195072,12.181780776592216,10.077218402515758,10.785466993697966,12.091204874443285
0503,9.037580459348616,8.30041761808498,8.238718181528071,7.30552218549995,6.9717891241914485,8.879472030106411,8.222960759234685,7.946810942824169,8.729133390611217,8.196199899078698,13.62115857934439,12.543510539557344,12.398757739733623,11.410920584073631,10.117692937133132,9.043815038537467,11.377588877113917,10.575132821195869,11.953135131507791,8.668463671079246,12.350112935548188,9.06226876986924,11.2289462243357,11.376469181429956
0504,18.812101136721097,17.711157101851242,16.521046924591065,17.260612715207614,14.471792734586275,18.11637369302603,16.741929421058067,14.981867467440091,17.85517146037175,17.05110807418823,26.842352984501765,18.752075936244083,20.667638808030347,16.327923187842735,16.960732401334322,15.556010363652156,17.744265659038838,16.374829857165995,18.411420521369347,14.652790781167838,19.612938770881065,15.279554777878982,17.323012476701003,19.09853038787842
0505,15.702870298314977,15.361097194530346,14.15168886537905,13.819365776909722,12.50721642529523,14.63867429803919,14.935362829985442,11.942144266764323,14.59021866409867,15.148480097452799,19.962741371437357,15.758550290708188,17.36538648252134,14.162172317504883,15.158538719459816,14.159722123322663,15.659163651642976,15.42484060216833,17.053423973366066,12.632354270087347,17.226118554009332,13.50064640045166,14.69476271028872,16.38534437108923
0506,6.278791556776974,5.634239591929336,4.930652095112607,4.868557030945314,4.178743595740014,5.9208108419014,5.277326680352908,6.118052565311212,5.738989662051966,5.079227577184967,8.574520289259754,8.788254245190345,8.579870931596776,7.639035040101862,7.9710714280988215,5.880683768229515,9.203431289762705,7.6353930987944185,9.056407015635063,6.886382424091119,8.77545322544825,6.294107308990185,9.003608920078971,8.45482023574045
0507,8.043548812468847,6.858582833160956,5.443736410389344,5.693531793852647,4.479766018067797,6.519855758796136,6.0445386705299216,6.301992864658435,6.442763461420934,4.970506155242522,7.478602861364682,10.922105791668097,9.601542716224989,8.756730837126574,9.549996430675188,7.423932780822118,10.669754557311535,8.852823359270891,10.586852848529816,8.777001718680063,10.035915111502012,7.208165617038806,10.601238928735256,9.682206615805626
0508,8.58128492648785,7.091257689549373,5.529769541667058,5.6189179310431845,4.6181436538696286,6.228805171526395,6.534667187470657,5.902201832257784,6.198935156602126,4.754992921535785,7.558656956599309,12.139551067352295,10.515058480776274,9.229728867457464,9.699423621251032,8.333130807142991,11.336807250976563,9.64523837016179,11.339499458899866,9.992441294743465,11.151707517183745,7.608255041562594,10.942470763279841,10.374953211270846
0509,10.382410082323798,9.195824655993231,9.572945463246313,8.635278356486353,7.798603690903763,10.61522937643117,10.072469777074353,8.842414444890515,9.338300491201467,9.414660223599139,13.862757189520474,12.932595976467791,12.489781494798331,10.870086406839304,11.094390638943377,9.306112733380548,11.673673892843313,10.544710422384329,12.98948121892995,9.106764069918928,12.341694733192181,9.53184987758768,11.731241291966931,11.331995783181027
0510,10.288433558320346,9.829501994668622,9.828249154025562,8.77048885005794,8.159564965391812,10.330003124393828,9.656661438615355,8.659434834571734,10.112943701548119,9.786331581742797,14.818693278587027,13.208776186590326,13.443113692819256,12.069665347060113,11.533297669397642,9.989081578711941,11.99335773677042,11.16963103046156,13.001677774403193,8.910472863341031,13.050624350978904,9.894459018968556,11.66790717921845,12.401716376004154
0511,11.873131629748222,11.6755887789604,11.619223545759152,10.238364879901592,9.81700537754939,11.905231280204577,11.554992211170685,9.714058191348345,11.620728101485815,11.757833211849897,17.0504150390625,14.840475522554838,15.105543894645495,12.920386241032528,13.658282157702324,11.680368423461914,13.25082901196602,12.764380748455341,14.909144328190731,10.21339215987768,14.909346873943623,11.446258104764498,13.644823343325884,14.021830289791792
0602,15.059574578937731,13.788350406445955,10.677946893792404,11.111429565831235,11.615267435709635,14.375664393107096,13.589700983281721,13.095218357286955,18.22161306414688,12.970127356679816,11.76533642149808,10.28816979391533,9.794967534249288,9.74273835567006,10.134474336055288,8.86021339684202,13.425578334875274,12.578983541120563,11.38626255905419,10.680974274350886,12.731177982531095,11.63838523730897,16.503054752684477,8.800367907473916
0601,14.191451599200567,12.993820408980051,9.31817178428173,10.163963581124941,10.769171595573425,13.483093028267225,12.239022940397263,12.94860722621282,16.019920001427334,11.598605185747147,10.701271777351698,9.306513433655104,9.74014493326346,8.909787913163504,9.804955671230951,8.354032595952352,12.658223470052084,11.896802817781767,10.721459567546844,9.770175516605377,11.215567544102669,11.55688730875651,16.397912353277206,8.291848654548327
0603,15.10875931451487,14.692846020986867,11.75869943929273,12.060387034748876,13.313537985779519,14.945729577264121,13.862346305403598,14.655445952748144,17.16674666072047,13.881994535756666,13.274538705515306,11.418696359146473,11.495130793992864,11.027631138646326,10.864417408787927,10.325586274612782,15.482019612955492,14.122053201808486,11.686242813287778,12.524024087329243,13.124896770299868,13.849244184272234,16.97859475778979,9.763644540032676
0604,10.063050823763382,9.922483034370359,8.539572241877721,8.742388996210964,9.465983924786906,10.726105190505667,10.163415412272304,12.385069596865945,10.62767354023358,9.618024168920911,9.236402792378891,8.062204058505287,8.135433774349117,7.986725555963753,7.55617718460146,7.708179036447825,12.924781318538445,10.236103216478647,8.71697561405907,8.414392045706757,9.60907170299656,10.316521636710679,14.419406668213773,7.15165102481842
0605,5.711703297020732,4.584244560504305,2.729591555353524,2.789874874163365,3.158308017944944,5.368588214335234,4.016265961571016,5.1573165033174595,5.329515498617421,4.076105152351269,3.984894973644312,3.544127498847851,4.276517247808153,3.4355281867842744,4.072122751802638,3.5524895864984263,5.55450943933017,4.746947245321412,4.767745242602583,3.7748850169389145,4.821413230204928,4.699414009633272,7.927312581435494,3.467307553775069
0606,11.116041443564676,11.074428336788909,10.35600618400959,10.590205399677007,11.636164385863024,12.748695749225039,12.945095091155082,15.072567400306163,13.177987281722253,11.71712344583839,11.409467408151338,10.120904513079712,10.037494322266241,10.237107180585765,9.29523041754058,9.91992565116497,16.282203587618742,13.12040484071982,10.677133396418407,10.643325916444413,11.663899392792672,13.157964667888603,17.149144211200753,8.947991467485524
0607,15.168023338317871,14.971758155822753,12.705707473754883,12.647022094726562,13.930867080688477,15.664208602905273,14.037214241027833,15.479948692321777,15.753945503234863,13.025078086853027,12.217043800354004,10.70991081237793,11.200973358154297,10.268276824951172,10.076457176208496,9.754482192993164,15.85821990966797,13.573618621826173,11.037912521362305,11.46813076019287,12.635895156860352,13.449233512878418,18.268133087158205,9.216492080688477
0608,10.558021269648908,11.636516838188632,11.094409540475134,10.968563958822962,12.509414253464664,12.631776011133768,13.227361842810389,14.013813300305102,13.05235531818436,11.189429363572454,11.866081657179867,10.54783060177263,10.031075233436493,11.283142000795847,9.08188472598432,10.81580112353865,16.587865984583477,12.190396952341837,11.502340664346534,10.891442795833909,11.544337648943246,13.397912194929928,18.21963676774358,9.469201857785144
0609,17.88080083549797,19.33918148511416,18.213899869423408,18.36009979248047,20.68592741582301,20.16414722838959,21.273415615032246,22.287565516186998,20.759987741321712,18.48813209285984,18.675195526767087,17.05686447837136,15.570599038879593,18.191180433545792,13.238771088711626,16.1015190458917,25.383455518004183,17.712871455526972,19.31025880342954,17.281224260082492,17.318267840843696,18.58642736967508,25.517850560027284,15.908335682633636
0610,15.546107465570623,14.704869638789784,11.137083942239935,11.763125961477106,12.43099873716181,15.043862732973965,13.916921442205256,13.892425493760543,18.410403034903787,13.859994541515004,13.042778817090122,10.880890239368785,10.751945582303135,10.597575035962192,10.600801597942006,9.643012361093001,14.500671191649003,13.285477659919046,12.027129715139216,11.330007639798252,13.384802709926259,12.46196367523887,16.411821495402943,9.565130927345969
0611,10.088401725493283,8.88195671087288,6.158194348036525,6.449010445410947,6.681623824389584,9.562629485704813,8.030673809798367,9.14199827665306,9.129836318004562,7.659871638539326,6.600085103368184,6.5040520458336335,7.149306196764291,6.2943426069006865,6.644853115081787,6.138543274029192,10.51462670119412,8.220655087965081,8.2678333506526709,6.420874992048884,8.499702289880041,8.304746972509177,13.91043826470892,6.028572965817279
0612,13.241958236694336,11.541536927223206,7.510490036010742,8.129949712753296,8.743920302391052,12.214343786239624,10.3859144449234,11.263914704322815,12.564023971557617,9.614107465744018,8.484628605842591,7.858297562599182,8.814243721961976,7.708579397201538,8.766273355484008,7.43498809337616,11.236822509765625,10.179009079933167,9.797813415527344,8.012906193733215,10.152056455612183,10.016819643974305,15.689530611038208,7.326217293739319
0613,11.37245602193086,10.123376182887865,8.517128135847008,8.787112401879352,8.813332039376963,11.066532705141151,10.047381333682848,12.172162854153177,10.68962754373965,10.099805427634198,8.715077446854632,8.517151024030602,8.801588421282561,8.191660222799882,7.956735776818317,7.766449534374734,13.587959807852041,10.712939241658086,9.762468695640564,8.608897955521293,10.814002389493195,10.872891591942828,16.008845235990442,7.989699239316194
0802,12.820324667568865,12.655222596793338,11.365647973685428,10.903421138894968,9.119047427999563,12.78508788141711,11.168943240724762,10.33266123409929,10.67531286436936,10.960817830315952,12.798766169054755,13.158775099392596,12.2076714614342,10.586627631351865,10.930048120432886,9.99907240374335,12.90940054531755,13.521540115619528,13.036719026236698,10.573860826163456,13.332908169976596,9.185197090280466,11.235365571646854,11.638832782876902
0803,16.789739936590195,16.608385518193245,14.413450613617897,14.247562676668167,11.298294916749,15.08292642235756,13.206923171877861,12.751142412424088,13.601401194930077,14.957628399133682,16.25567454099655,14.267081841826439,14.10757377743721,13.005153715610504,12.513462468981743,13.392623484134674,15.127570301294327,14.656339183449745,14.02218347787857,12.308661162853241,14.977325692772865,11.238302484154701,13.369903519749641,13.073746681213379
0804,18.578898370793436,19.02114306930947,16.986982126151567,15.093135437079235,13.370987478610688,17.465900252350664,16.80387765327386,15.781901891252636,16.475444291545227,17.8381891925778,17.655004906443367,15.980126921054536,17.218671444243036,13.755526331673682,14.068298652108792,16.887608355125494,18.307999619340475,18.169531982556908,16.81004476969221,14.257910977422664,18.246118393619504,12.557794878968096,14.817797677706828,15.789659179417432
0805,13.799330599167767,13.942964469685274,11.685874602373909,11.795275968663832,10.17128677929149,12.463375175700468,11.88906485894147,10.483786007937264,10.337019289241118,11.178713265587302,13.842535355511833,13.733510031419641,12.64078377274906,11.393281123217415,10.866517866359038,10.571520048029283,12.623441569945392,14.160529964110431,14.102144591948566,11.13882516412174,13.680600937675027,10.234219004126157,11.993424569859224,11.960404718623442
0806,15.431644654089165,15.260828262151675,13.318474266880242,13.23005990464558,11.143982118414353,13.52298237556635,13.203404914501101,12.287915000619815,11.532459584317467,12.456446958142658,14.68162257911623,15.516337956568991,16.893492617348368,15.776956513870594,14.514508580052576,15.464779898177746,18.19880095932835,19.313710811526278,18.64221413930257,14.73412326694459,17.957284890404043,13.400066006091214,16.337021702019744,15.755142958589303
0807,13.081506381834174,13.4375311129355,10.883424640390915,11.266826965905338,9.454456654587233,12.154308324604365,11.602194334041176,10.057230359557048,10.639538040050882,10.493878152329108,13.445296921481976,14.610709311645156,12.639497767983144,10.887961001754496,11.350794681923928,10.850598368341522,13.052382805443912,13.547107917035936,13.856610937614661,10.794152375590594,13.256136508346293,9.447405192204293,11.867082595825195,11.684678959708682
0801,12.437218487262726,11.373473167419434,9.732618987560272,9.075284719467163,7.60111939907074,10.738460063934326,9.329889714717865,9.528783529996872,9.332247912883759,11.895520269870758,11.141860842704773,11.353789806365967,11.071748852729797,9.508920729160309,9.033959209918976,9.33388701081276,11.604269444942474,11.944588840007782,10.860396683216095,9.42234879732132,11.621537923812866,8.19586244225502,9.302599728107452,9.960041046142578
0808,11.65651290938699,12.385141203389365,9.408661667411849,9.844696973202497,8.81983364545382,10.420108998315575,10.13425057315262,8.882610577803392,8.662882438072792,9.628643933132555,11.79400557455932,12.265112340802977,10.586606189344057,9.22453885953102,9.06300045047286,8.805114088679206,10.017217774362958,11.806798556852623,10.780918902899387,9.094594314958922,11.101069732530583,8.636905286439072,9.429998115674984,9.635565842397114
0809,37.359722264917885,38.19358288648652,34.29147884182814,33.25521699486709,30.413300156011815,35.62493690397681,35.66234379279904,30.858856294213272,34.67489411609929,33.683284722304926,38.92434384136665,32.78652722242402,32.65444200283144,29.409565269656298,29.046262177258004,29.05806244733857,31.94767770162443,29.846963005065916,32.21639689375714,25.166749613692122,35.56987861447218,24.1934263555015,28.200514945053474,30.17668529324415
0810,14.053609348478771,13.652577309381394,12.13467794751364,11.509235911899143,9.621166221679204,13.391929762704033,11.507385087391686,10.90750193217444,11.168527285257975,12.478118003360809,13.776770803663466,13.921967748611692,12.356475330534435,10.91021082136366,11.145732667711046,10.482628307645284,13.083254072401258,13.567683235047356,12.941234982202923,10.751396466815283,13.500507051982577,9.608113811129616,11.352822576250349,11.53429561191135
0811,28.053351673326993,29.00211185154162,25.537300867783397,22.895614970357794,19.207988086499665,24.860327705584073,24.861772637618216,23.870402843073794,21.298349980304117,24.14345470729627,25.254757936377274,26.20256138851768,28.377387257626182,24.600015557439704,24.329756013970627,27.23554226975692,30.80842729869642,31.13696601767289,29.494783798017,22.724911253075852,29.016563817074424,21.738628766411228,25.666849083649485,28.334903817427787
0812,35.4917716105779,37.359435907999675,30.86005513270696,30.157053635517755,25.929810843865077,30.549143652121227,31.74216919342677,30.429093207915624,28.263299069801967,28.709812887509663,30.959874991575877,33.513583878676094,35.38230322599411,33.86342579126358,31.812077140808107,33.46404488086701,39.1367581764857,39.80168530543645,39.33593061367671,29.25787230928739,35.55551632642746,31.580705853303275,34.24913584391276,36.17617226441701
0813,16.75210376580556,16.890874008337658,14.490008254845938,14.424971560637156,11.444601555665335,15.00910359621048,13.915750781695047,13.400041182835897,13.592839161554972,15.568365236123404,15.872082471847534,13.362402975559235,14.43676326672236,12.481577595074972,12.233822186787924,14.406372249126434,15.232838114102682,16.225410322348278,13.665571987628937,12.156989932060242,14.790763894716898,10.556800107161203,12.315445403258005,12.502301553885141
0902,11.842165565490722,12.827683893839518,11.26817274093628,10.835266208648681,9.464267349243164,11.09488614400228,10.251306660970052,9.762682056427002,11.810724353790283,10.55006685256958,17.35343869527181,12.492835807800294,14.088139756520588,12.291235256195069,12.262691942850749,11.674842262268067,11.439037958780924,12.139956696828206,12.22255932490031,9.937902069091797,13.170112895965577,10.971000639597575,11.810923385620118,12.581507555643718
0903,11.503757507570329,12.261433862870739,11.138357131711897,9.70692786093681,8.63723595680729,10.339024159216113,9.929163871272918,8.544011738992506,10.94388751060732,9.619739209451984,15.23525805627146,12.197199929145075,13.739751831177742,12.135322955346876,11.748221551218341,10.880340745372157,11.542814654688682,11.291800099034463,11.944066755233273,9.196449672022174,12.475605072513703,10.34678154606973,11.101183891296387,11.968005011158604
0904,9.216288758802783,8.76027813068656,8.239680166392363,7.3159457824026894,6.603245746257693,8.720121091650437,7.549130356589029,8.23146103888519,8.564852938171505,7.7371321851892985,15.595220144404921,13.856404611306598,12.584586989972019,12.25842501765998,10.894482705020165,9.518461467683778,12.258598645528158,11.966032227804494,13.476946793785391,9.717066276905149,13.702664013056792,10.103764681853065,12.342151146526485,12.488809537517932
0905,12.71384630705181,13.214165486787495,11.725882730985942,12.558760492425217,10.06990405132896,12.856758770189787,11.14520828347457,11.009034432862935,12.754825642234401,11.79617916910272,20.395334043000872,13.788314317402087,15.65391374889173,12.89175706160696,13.339268232646742,12.278107316870438,12.710767043264289,12.78661020178544,13.690395054064298,11.048781269475034,14.74620623337595,11.951608808417069,13.267202628286261,14.123449425948294
0901,11.44983030402142,12.356892889824467,11.718048012774924,10.480502736741219,9.174238491749417,10.960256389949633,9.632441472316135,9.436375137688458,11.742438316345215,10.37563259014185,16.39440689916196,13.21642249563466,13.766722568567248,12.948482630909353,12.029139097186102,11.41527667943982,12.140740525895271,12.363762509995613,13.108665728914564,9.890513890031455,13.517683284870092,10.972539915554766,12.040714706199756,13.135587858117145
0906,7.799700554134776,7.163116602064337,6.758807593757666,5.698743794149565,5.37808769651987,7.29711619279917,5.775402327764382,7.4362437019070375,7.605091423664279,6.601812472621214,14.09389854171901,11.761901781396958,11.261001228128823,10.363851195400201,9.755353601233473,7.958288815415021,11.043707798985603,10.260991767772193,11.88271889871764,8.46732795354232,11.778942730820294,8.609463376906312,11.213954131580094,11.27168003563742
0907,12.030991884035485,12.14446857488044,10.968912926789756,12.65488242211743,10.152567293042335,13.80240946618196,10.937133004732221,11.47747431068777,12.93987775071759,12.639285675833158,21.26963712567481,14.673330743736196,15.938838254625551,13.677384349787348,13.706923529366467,12.79881975583941,13.595908227367936,13.506035590840277,13.524956088199794,11.8067353774454,15.007328176052772,13.03057581464821,14.112883059777946,15.010546532746787
1002,11.372930176404058,10.223133807279625,9.438056984726263,9.341018268040248,8.851072116773956,11.8777988200285,9.875680106026786,9.75529380720489,12.663705825805664,10.55178724016462,12.562133983689911,11.654841053242587,11.665211405072894,11.738704389455368,10.166878194225077,9.355962928460569,15.76758404167331,14.404746639485262,10.934627727586395,11.82060348744295,11.642917574668417,12.104651898753886,12.15043239204251,10.33164102203992
1003,13.633687058273626,12.769181407227808,10.93892663838912,10.894566146694885,11.06279705981819,13.676689031172772,12.08570704168203,11.103372904719139,12.92209239881866,11.713391167776924,14.085150504598813,12.538341366514867,13.05358226931825,12.181767385833117,10.085689427901288,10.670154980250768,17.506549426487513,14.889776677501445,12.780909129551478,12.719538941675303,11.962142224214515,12.674004437972089,12.952375723391164,11.595081095792809
1004,16.389587027685984,16.0407075881958,13.636874982288905,13.41501782621656,13.324213828359332,18.087841732161387,15.793486186436244,15.335746952465602,18.6154967716762,16.562015090669906,17.812324030058726,14.583878738539559,15.966477087565831,14.289960861206055,13.082100323268346,12.453770092555455,21.06522514138903,18.143830554825918,16.312713231359208,14.846361347607203,16.164135353905813,15.353968041283744,17.44062069484166,14.114554166793823
1005,17.36117105484009,16.545290727615356,14.347909488677978,14.6031387424469,14.419839477539062,17.982169418334962,16.61259515762329,15.379902505874634,17.575290040969847,15.721405324935914,19.059925107955934,15.501536846160889,17.150188274383545,15.08307201385498,12.9785236120224,13.464110713005066,23.366117706298827,18.74544930458069,17.033958320617675,16.032496461868288,15.33511477470398,15.917793493270874,16.518293170928956,14.781108779907226
1001,13.711352478744637,12.976492796188746,12.042015813354753,11.59143094934969,11.568909017448751,14.461277081416203,12.695142244681334,11.926628198379126,14.37389570627457,12.448004082736807,15.573859471541185,12.92437422173655,14.088361479278303,13.10588087179722,10.99000953609108,11.330060967013367,20.00676450158796,16.311775851453472,14.25152842203776,13.820038799546722,13.051029486533922,13.450776556618193,13.891103801564274,12.23345297625941
1010,13.06713172367641,12.295577624487498,10.603547747173007,10.289125230577257,9.816798997303795,12.733210836138044,10.349648929777599,10.988842146737236,13.098889774746365,10.979171298799061,13.391648973737444,13.341461802285815,12.267207418169294,12.293993071904259,10.685330633133177,10.488548778352284,15.465432288154723,15.542661454942492,11.97476447574676,12.36573637099493,11.916956644209604,12.780227176726811,12.518154628693111,11.085181069752526
1006,37.18347332312626,35.677556907605826,34.142099848333395,33.88978335542499,32.364894639021195,39.4158298444448,37.481818013221215,36.03825875048368,40.30532816521027,36.25782270851375,43.06223672590915,34.142957879312384,39.62777428057209,34.5236837758958,30.92545534529776,31.029620476488798,53.005971968548856,41.90178000252202,40.065668729866076,35.66073279710686,32.11948813432418,33.72453304506698,34.10903745927151,31.231455221116168
1007,22.796924430131913,22.008522069454195,19.81456916332245,19.386911165714263,19.163289630413054,24.9996779859066,22.431429505348206,22.66276217699051,26.46834915280342,23.903236824274064,25.09129388332367,20.229766184091567,21.845053726434706,19.804652565717696,18.44687557220459,17.89464866518974,28.034404814243317,24.598238319158554,22.16399354338646,20.32545536160469,21.50678911805153,20.872030180692672,22.72701199054718,19.115273475646973
1008,13.25543728166697,12.759349993297032,11.643273302486964,11.267907933313019,10.886164567908462,13.962282759802681,12.4912989431498,11.555009815157677,14.223191134783686,11.928666890883932,15.045655503564952,12.102392566447355,13.389437383534958,12.855298888926603,10.799588295878197,10.62000242301396,19.480797290802002,15.993586087713437,13.968865793578479,13.334950661172671,12.632705094862958,13.13010436174821,13.258477439685743,11.692775208122876
1009,32.12581279093311,32.045020703048934,31.94807273575238,32.768855911635214,26.305875778907822,33.35294213961987,31.703521546153794,30.95257604264078,34.05842073829401,27.42457305888335,38.725448939062304,30.237667671981313,31.767375046298618,32.20251191868668,25.835320971551397,28.7165779144991,45.59831478482201,34.03276286948295,36.793037397520884,32.91950285079933,28.98169574425334,28.931607284006617,28.16408174520447,26.07516407540866
1011,12.271375265988437,11.305507096377285,9.825163927945225,9.37645656412298,9.864965308796275,11.996612028642135,10.381094369021328,9.779846928336404,11.572503913532604,10.448151284998113,12.339301759546453,11.436805595051158,11.769174619154496,11.37962835485285,9.121086467396129,9.746835838664662,15.42884653264826,13.678224260156805,11.35024304823442,11.492724852128463,11.150219093669545,11.770206624811346,11.721685886383057,10.311201615767045
1102,3.5404033975286797,3.205931001967126,2.720021598941677,2.4916779418568034,2.251646400807978,3.5842179099282068,2.7299738834192464,3.495735294216282,3.440888483445723,3.301804047364455,8.893684209048093,6.699191764160827,7.313175185696109,7.607620962373503,6.747694418980525,4.967840862798167,8.374551573952475,8.12625784926362,8.378899259881658,6.655206863696758,7.975547093611497,5.604512801537147,8.283828567672561,7.168413895827073
1101,2.071626057620105,1.7729676933038847,1.5236490357652483,1.471043077087685,1.525608032588431,2.0157613388516684,1.6363840269830388,2.5151885376852965,2.801627099396212,2.1655903522793953,6.070092707401208,4.035599362119855,5.4097640256401105,5.422004706185797,4.988430972273642,3.380045436823321,6.082703910679685,6.039390020573092,6.389415667226663,5.013236304870236,5.212547546790051,4.084204303535077,6.595701895919242,5.564341683868363
1103,2.400382210517071,2.2537052142020513,1.462629855208143,1.5875076850843148,1.4218280235162148,2.4298894118804197,1.7618527944095037,3.033223049880485,2.7310105656554713,2.0316911986064627,4.224910129897693,3.2350609630522644,5.015519796214866,4.797880007670476,4.866580201500266,2.6330774574590152,5.370455113212032,4.93560551979838,5.376107418678216,4.264093806581385,4.536631642714054,3.545759376689527,5.939922800430884,4.993957937821834
1104,3.176241310019242,2.1853249418108085,1.9127352739635266,1.857829445286801,1.8745297162156356,2.885372475573891,1.9375345957906622,3.469265730757462,3.111289620399475,2.4985814094543457,7.269504961214568,5.001832729891727,5.863802018918489,5.300940990447998,5.437977213608591,3.297757054630079,6.784263021067569,6.341525391528481,6.45826086245085,4.82411885888953,6.0660536540182015,4.236614101811459,6.916329823042217,6.2759536567487215
1105,2.044811863511328,1.905438505940967,1.696468682043136,1.541230479935332,1.449548670637702,2.044090143271855,1.7284464390859717,2.3621321201679253,2.3582215323334648,2.174325012912353,6.787246584774009,4.702032804016083,5.573896051517555,5.693853656450908,5.194148527724402,3.808962866663933,6.36321216171223,5.959262277044001,6.511223499618826,4.911107802083568,5.728122934817322,4.398868612826816,6.352631851439438,5.370053741193953
1203,23.347515465377214,24.442119555039838,20.631207552823152,21.716336429893197,18.78101281995897,23.890241121316883,23.18730358024696,21.694151073307186,25.75546564374651,22.371195124341295,30.801575289144143,27.764368236838997,27.603088484181985,26.379472608690136,22.800322619351473,22.858625888824463,31.510489389493866,29.120158926233067,24.963283130100795,26.22707327310141,27.34001958525026,25.69655826494291,24.733842595831142,24.650922923893123
1209,11.263975394399543,10.9460516477886,10.968173554069118,9.418860586065994,8.63496050081755,10.529878315172697,9.579334685676976,9.123903575696444,11.371946786579333,10.177282835307874,13.688172792133532,11.595879002621299,11.415434661664461,12.028871661738345,10.860527214251066,10.265644324453254,11.070744614852103,12.061439489063464,12.150073603579873,9.82663839741757,11.80827263781899,10.767932816555625,11.193533019015664,11.247524512441535
1202,13.235493458492655,13.2717430490843,12.967009624964755,13.241976751408107,11.224182827371946,13.57188826547542,12.119644702320368,11.660845514754174,13.912532295979245,12.9287134492901,18.48261260986328,15.126808609760984,15.351305854152626,14.372062239848391,13.6600645629453,13.4272625211259,14.625320756939095,14.682480140471123,14.549215571981081,13.266771853809626,15.799207741106061,14.092745337687747,14.346432336619202,14.887887753231425
1201,12.47155113689235,12.593800552555772,12.105226219677535,12.352303254799764,10.266973057731253,13.051277653115694,11.025908939173965,11.08119204005257,12.981310305048208,12.23851827715264,18.61560354076448,14.520740727909276,14.967948804136183,13.8025764324626,13.446611302797912,12.935604830257228,13.788559921452256,14.017223420690318,14.348647805510975,11.973984452544666,15.052109241485596,13.029920562368925,13.675212891375432,14.313227403359335
1204,11.661311333754966,11.737955073652596,10.675959814005884,10.80704854767898,9.590729779210584,11.779246553881414,10.685269865496405,10.305272408189445,12.684526219861262,11.103434358794114,13.630773248343631,12.60340107227194,11.87572904784104,12.200529289245605,10.808832875613508,10.742523693216258,11.949026226175242,13.532515749438055,11.956083488464355,12.007881361862708,12.511111923743938,12.372674231693663,12.058485807221512,11.40792355372988
1205,13.628752867380777,13.57349604826707,11.273404500423334,11.371329356462528,9.983140804828741,13.47612846814669,11.947029578380096,11.18974980329856,14.087335488735102,11.85567415677584,13.552564999996088,12.94671550163856,12.368864267300337,12.92967298703316,10.563681602478027,11.022909702398838,14.405962992937138,16.087703362489357,11.546067470159286,13.224721871889555,12.556406094477726,13.375395994919996,11.92381416222988,10.956210827216124
1206,24.868028206278318,24.98033898096285,22.80133058643495,24.71849485283329,20.49013215775251,26.228134192249502,23.946320732498783,23.30136713265217,26.43654135856567,24.091342500800653,37.014348389066285,28.92004483890071,28.771730185710556,27.090737125600096,25.552107661529195,24.10544560452463,28.76907787723572,25.183289321443375,26.645091804048356,22.478910338320137,29.935265869239227,23.771306979251793,26.026291244827295,27.17993027867331
1207,10.745280764823736,11.29149243997973,9.016894590022952,9.677790009698203,8.429092878519102,11.272557258605957,9.793401158133218,9.658016753751179,11.823538979818654,10.45017093835875,12.823346825533134,11.957933459171029,11.071438390155171,11.736234542935394,9.900981010392655,10.129498709079831,12.357405762339747,14.290704006372495,10.530134467191475,11.871224059615024,11.506345926329146,12.170277185218279,11.257234473561132,9.942245466764582
1208,11.842583068211873,11.215259106953939,9.964067550500234,9.377181295553843,8.047624925772348,11.293039894104004,10.147557083765665,9.512961248556772,12.751980646451313,9.891859610875448,10.190128294626872,10.356347862879435,9.508677061398824,10.065619579950969,8.307370579242706,8.660538510481517,9.395486640930176,11.882110277811686,9.477579073111217,9.861102422078451,9.473538001378378,10.04804180463155,9.47043571472168,8.602887686093649
1302,1.3217467749820035,1.062289459214491,0.8379814593230976,0.8069043965900645,0.8730265810209162,1.2067181313739104,0.9982646619572358,1.1898640345124638,1.126586243685554,1.153581307214849,1.0707424381200006,0.9221980631351471,1.4816488027572632,1.0415817271260654,1.1025181994718665,1.0333571644390331,2.024785920451669,1.340951094907873,1.329184218013988,1.0972571663996753,1.3287801234161152,1.5511629272909726,1.9226497467826396,1.1521908346344443
1303,17.283092013860152,15.695169109409138,12.276009074712205,12.94253501245531,14.075455342308949,16.475153680575097,15.330671067965232,15.233174033084158,19.221452616028866,15.145728515366377,14.384584701667398,12.703966819633871,12.315224550538144,11.851924896240234,11.752652443061441,10.957448733054985,16.13014295545675,15.252101865865416,13.50503887564449,12.76500317201776,15.0207967596539,13.618877685676187,16.845542261155984,11.04293364185398
1304,0.7940729488996235,0.6222486729557449,0.4706300130567035,0.4252475478963272,0.41212072173083153,0.6614130059810909,0.5305568102646518,0.7678986675030476,0.7454899378322266,0.6337684829895561,0.6286384470358088,0.5219161319168838,0.8303417225141783,0.6638260793847006,0.6776837019904239,0.693081250665961,1.2736703334627926,0.8609783282956561,0.8405398384139344,0.6371171687905853,0.7989439237359408,0.9154761212097632,1.5610406068531242,0.6571568345298638
1311,8.692089688777923,7.227295678853989,4.956700107455253,5.126133275032044,5.500898176431656,8.157384765148162,6.942903977632523,7.842421680688858,9.708025908470153,6.070821094512939,5.973709613084793,5.03470031619072,5.47676956653595,4.859834080934524,5.536178886890411,4.600756874680519,7.289471632242202,6.522676157951355,6.310913306474686,5.286767601966858,6.817106521129608,6.294199389219284,10.21279513835907,4.5809963822364805
1305,9.787175946765476,7.966799219449361,6.089686493078868,6.059578001499176,5.976834217707316,8.735676732328203,8.347630666361916,7.488201280434926,9.697455942630768,6.238549146387312,5.4588835967911615,4.842972689204746,5.119577328364055,4.643426212999556,4.997998813788096,4.11747208237648,6.618052423000336,6.221428162521786,6.0901524557007685,5.136456694867876,7.305129037963019,6.322236531310612,9.383926351865133,4.556045280562507
1306,10.412863298562856,9.083268748796904,6.631806142513568,6.879080517475422,6.746086900050823,9.743085443056547,9.030103393701406,9.019109007028433,11.528397468420176,7.484374064665574,6.797802899434016,5.974259416873639,6.062574588335478,5.6542854877618645,6.223672180909377,5.185563960442177,8.240001032902644,7.359708169790415,7.197141962784987,6.0262116817327644,8.44241887972905,7.39621197627141,11.202636120869563,5.272961964974036
1307,0.8149671233014056,0.6022073567697876,0.49805157592422084,0.4572327356589468,0.48916514217853546,0.6650514677166939,0.5542693620449618,0.752873401108541,0.7149138756488499,0.6375264529334871,0.6898611497722174,0.5849297313313735,0.8755188560799548,0.6727495844426908,0.7004798854652204,0.7026771491295413,1.4817087297376834,0.8801876914344335,0.8437385217923867,0.6738758475372666,0.8454701504424998,0.9520985272369886,1.4313005393272953,0.7326586752345687
1308,16.24888832362618,14.70311393887978,12.642052530303715,13.293302701214166,12.965639850286049,17.294310194300856,15.0608071830329,16.86893479655108,18.192745231267974,15.07542517804724,14.167321355324091,12.782444548419141,12.505195527564823,12.116363202493021,11.720475234384612,10.890887425640436,16.615645513759823,15.934626774525078,13.566100683737927,13.471071145665928,15.453045769939273,13.484092397013987,16.811732907933514,11.58719009489525
1309,16.99125930070877,15.00799423456192,12.109048783779144,13.282866823673249,12.977592480182647,16.619501531124115,15.34541015625,15.649410712718964,19.29368166923523,13.93706372976303,12.550424206256867,11.625325918197632,10.682448816299438,10.572258746623993,10.81969873905182,9.874863374233247,14.599930894374847,14.307696187496186,12.340108156204224,11.665404832363128,13.974146008491516,12.781137073040009,17.297642874717713,9.742089748382568
1310,12.738911271095276,10.56566988627116,8.30210661093394,8.721743377049764,8.53903235329522,11.912902662489149,11.358581360181173,10.731287709871928,13.056857890552944,8.887304814656575,7.771083519193861,7.360977874861823,6.854446729024251,6.845567299260034,7.220862505171034,6.226427447795868,9.144144052929349,9.592404018508063,8.331042538748846,7.467028148969015,9.99465831120809,8.516541459825303,12.741056320402357,6.4623368859291075
1301,2.8437467146728,2.234725925881984,1.8327879360166646,1.751016640056998,1.7873164647716586,2.4288545846939087,2.208169555259963,2.384774442446434,2.6195066197443815,2.207006088757919,1.8225083724927094,1.4859737046694352,2.19485342502594,1.679361222154003,1.8020230450872647,1.6217573699304613,2.8390676187256636,2.3157431109476896,2.145338535308838,2.014263070235818,2.4446797411320573,2.5272475137548933,3.334683058625561,1.952534509917437
1312,2.0899876223027127,1.8311159830648922,1.5401898500988784,1.5288651707102952,1.5400653898137286,2.0422049951784818,1.9534543185558133,2.041364844562938,2.080877989819906,1.7987111205036201,1.338985029933522,1.1295805914888104,1.7985790481845152,1.410651895606402,1.4503834739472101,1.3478222390980397,2.0722887411858273,1.823816329530142,1.6797378016907034,1.9120477935642872,1.9215797590977937,1.9338702947190665,2.383498502009123,1.602816965973493
1401,1.1443881375841725,1.1180769448864807,0.7088120646630097,0.6892157674052761,0.8038074582887506,1.0934998940278604,0.8302917087685715,1.2971478062998323,1.0689962148232368,1.0782420065217806,0.8713121791053744,0.875028564874987,1.0666575773971751,0.917707415966733,0.8751502809593978,0.9920451507985013,1.839431724502045,1.0846924051931761,1.12484016819197,0.793812169250354,1.1418395514771775,1.2675809212824674,2.1817343236462583,0.8650565629155891
1402,3.493621711039318,3.8135333364864565,2.6872498938497507,2.745927219402115,3.416406583954703,3.950952615940346,3.6931087194748646,5.0144226047790275,3.6209165715384035,3.8198249157307282,3.3343833690544344,3.0926852659234463,3.179994472355213,3.1758448650252142,2.888941659679953,3.3755471827286594,5.020814238291867,3.7446241330988004,3.6589716914689765,2.9387087223102464,3.7913985322668866,3.892992763586764,6.39629660856049,2.8243373705531067
1403,1.1382062172546283,1.267207455643802,0.8798508182255318,0.7461176280310611,1.0390652462898289,1.3631210074701812,1.0109090758283856,1.6417590988654411,1.2687108674115735,1.2589230265817606,1.0297093545435927,0.9685088742204243,1.0441297716461122,1.0194835066999075,0.9688545151555445,1.2833997374167665,1.8618696517281932,1.1542783426237293,1.3457059537264286,0.9258244688448031,1.127419183801976,1.1898333478486165,2.2451252896687945,0.9834240407595644
1502,0.5631837864837995,0.5238345865069366,0.41691756848155,0.37386352387143346,0.3649222254753113,0.515365390879352,0.42630487553230145,0.48732135008747984,0.5988956413617949,0.4552632960967901,0.5942142952869578,0.5208103073442855,0.6495597457013479,0.6440902377774076,0.5638378927620445,0.5289604994581967,0.6243532463544752,0.6898330133862611,0.6034398678599334,0.6370137264815773,0.6190639985043828,0.5768804077695056,0.6952302379579078,0.5635247710274487
1503,9.409274473190308,8.328908195495606,7.17527991771698,6.625948820114136,5.928141541481018,8.249736166000366,7.045428290367126,7.993272686004639,9.666209344863892,7.4912628126144405,9.418892908096314,9.239904441833495,8.598368606567384,8.824524188041687,7.40150577545166,7.134948062896728,9.92797142982483,11.523407821655274,8.832862038612365,8.593714718818665,8.48451021194458,8.852967762947083,9.314375734329223,7.953620948791504
1504,6.026357980207964,5.141894325343046,4.915195354548367,4.144347176768563,3.711087690700184,5.781512624567205,5.021336143667048,5.17198918949474,6.963629098372026,4.792969107627869,5.20024893283844,5.379875781319358,4.712072656371377,5.182341237501665,4.049745624715632,3.8266149542548438,4.516932019320401,6.032901779088107,4.916144518418745,4.712303111769936,4.5463930390097875,4.812251938473095,4.9824445746161725,4.30933594270186
1505,1.5536127211526036,1.307609256460435,1.244713567611244,1.0261403106980853,0.9724288473371416,1.624327489744044,1.159512436741756,1.5379064343352284,1.5551641842143402,1.3991351700387895,2.593285936396569,2.0873335196326175,2.268134755289389,2.313057388385965,1.8933863682775862,1.5348877637750573,2.3882668554368944,2.607719291208519,2.35111357163017,2.2006502595419684,2.2369100196390517,1.8411401999183,2.4178859441437655,2.12674725562748
1506,5.0003471540080175,4.426826019572396,4.1289364993572235,3.513132450417576,3.1508883805865917,4.8812256880805025,4.312154273446809,4.427187121322012,5.739502525227701,4.048830809501501,4.6213482516443625,4.644015643331739,4.202200215596419,4.565966881747938,3.6109198209566946,3.349112216224018,4.257495105776012,5.461066481904087,4.311020218409025,4.334525838876382,4.163090425169366,4.230060188688784,4.564173050415822,3.8585545257625418
1507,6.535391956567764,5.598467636691487,5.6001472460187,4.9385475305759385,4.373695882118267,6.823451937540717,5.824471928503202,5.861378570289715,7.398548197487126,5.312392270759396,5.919532673514408,5.85636476751255,4.980568913661915,5.568121947672056,4.392155175623686,4.176535877520624,4.949649414938429,6.260779755271,5.301688483875731,5.039759778458139,4.895740480850572,5.039015745987063,5.494202470649844,4.612512521445751
1508,3.2602048662473573,2.82033401886997,2.5675245830847784,2.329078660914733,2.0737465463531843,3.196034410089817,2.817776788611832,2.954033690334866,3.7865290738314203,2.6362288548324093,3.3129346907701134,3.1596839473869816,3.0624960861490957,3.151362308634902,2.7354872401030557,2.4310006566767424,3.263675828962206,3.9366635417788283,3.0763951434091954,3.1041785566686833,2.9883150085338257,2.9646331785047577,3.405316157254783,2.822457417845726
1509,8.765346154089897,7.550981936916228,6.991040018297011,6.654733957782868,5.7894577518586186,8.59771034409923,7.5241129590619,7.935748473290475,9.802988829151277,7.494068384170532,9.063895183224831,9.14319299113366,8.21686306691939,8.496760083783057,7.4111917364981865,6.921211088857343,9.407543124691133,11.203903144405734,8.561866079607318,8.470826279732488,8.083986982222527,8.402125616227426,8.998802388868024,7.852645012640184
1510,8.323147524727716,7.801557998657227,7.657732586330837,6.907120464642842,6.393869072066413,8.99111778471205,7.536759586864048,7.770445863935683,8.938784527248806,7.71543760087755,9.840014634662204,9.662180252075196,8.527150544060602,9.125774428049723,7.475822300381131,6.912747106022305,8.493449212180243,9.543987141715156,9.49437690946791,8.046612156762016,8.796585107379489,7.91020098262363,8.919291274812487,8.193586736255222
1602,23.066344241140733,21.800119427756464,25.292452160491695,22.97009041929476,22.044121327808487,22.68028085797977,26.758731573964553,24.74968341402168,25.423975163399692,24.313171442182846,30.828486478001313,33.64740628379612,29.664555384769965,29.600800950230614,30.82342916621145,30.557228322560643,36.98754823342664,34.069902343010476,32.26043597330762,32.252236814606746,27.469317329912077,32.13845854159896,26.09947342017548,24.461243587857496
1607,44.175437017397584,43.51781876079473,40.22933185416904,40.16463464656694,39.17247769377378,37.58854940223077,41.70953272723843,39.36016168440044,41.644109132143285,37.24358968024887,40.49631413333238,44.127134744094796,38.67156581199671,40.16109293718554,38.54771908880438,38.634676943782075,48.47045217470829,43.12684371602574,44.75204506043863,45.2148553101376,40.04774853110699,44.23575865489379,39.112579485204996,35.40732102749031
1603,24.43909749454683,25.91031513395107,27.880893177216915,27.962903982473616,24.894523416769974,25.42115314783578,25.222799665724267,25.023060152663184,28.887359953551503,27.05786441539242,37.01045708929959,37.673350787949246,38.0973757577061,37.194115220288374,36.74967110259362,36.38271729460249,38.059514953709815,36.26193682726185,40.52879833388641,38.12652337341033,37.221381580888874,37.29540586665482,36.47108641588682,36.711852935984076
1604,34.572905591402076,35.709638957616825,33.537486893678164,35.92944320264956,32.911511378104116,34.91499411364315,31.152006492520712,34.84967463704143,38.223515624185026,31.913687857233704,38.71380029394672,45.383868666486656,40.905329808507084,42.817508136432686,39.278804924807396,38.21862440649956,41.206562434049935,38.821305551583784,45.727699304861225,37.00953330460786,42.60278050431288,44.35102242882759,42.289979693335205,41.80026364385249
1601,32.557217942559895,34.224060417971835,33.58220239253456,33.229362882175415,31.848632478791778,32.40795369560528,30.60237390415509,33.05756566030555,38.787131759120825,31.331495176909606,41.014310444743174,44.533471539981214,44.11280667023402,44.22197877096702,40.91849899603142,41.8347788277108,40.35487858428457,39.13780485591919,47.769927802715955,43.411882204488286,44.305867916997066,43.496708468550764,43.110247341299136,46.11993924867465
1608,40.46478578987768,41.42260490546792,40.82677599244199,39.18877209032996,38.99672562162755,41.693825727559755,40.4726566586252,40.2249288888705,43.83924152438924,38.09655133780787,45.59628884008375,46.68971320459398,46.99875696214579,48.94932935294458,44.21116626804158,44.21545003858663,42.15066716856876,39.78674413131455,51.48657266649149,42.082192100912835,43.96777668322547,47.35841928514384,46.097746325993946,46.87760259854591
1605,20.55473810291114,22.691899978299237,22.748336850752157,22.251427935437516,18.714873916193504,19.155071371951664,19.91567237393326,21.1311689877466,23.727262393530694,22.671990453939856,35.83450097150444,35.4161710239676,32.02769817603787,32.30269447933063,30.06150572842018,31.239544302610724,35.26417946360101,31.550182509407612,35.32551284080218,33.5188088831311,32.63023346849819,32.55848704777011,31.30617691129354,29.373170852661133
1606,20.676782366620944,18.22494405882129,23.246863235489595,21.084752669394266,19.438616647879947,20.3137222304005,22.10973590687229,22.72601714593097,22.872899346770602,21.722700522035733,30.440307036603347,26.22656814024538,26.26204772773647,26.52276538106687,23.779115738729054,25.818231951741495,32.65821819425128,27.982554920547678,29.441140595839112,27.824130860332666,22.411492098325468,27.259067463575548,24.265929894467277,21.32037477413481
1702,45.14506551175504,45.5105877582447,42.736455542074665,38.870848700033655,34.05292419021194,40.20326486948374,39.33795492017591,36.979263439693966,34.96558173308502,34.076771943375874,39.69920993908032,40.48594522630846,37.42268217550742,39.183119411984,37.83043566317172,41.61056535875475,40.28585164662954,40.553190095231336,43.57347213951317,31.966863023912584,43.178454228994006,35.120924241349506,37.971271197344805,37.60653999534813
1703,29.13980695936415,28.125200059678818,29.120684450055347,26.065617852740818,24.46886811433015,29.88673378214424,29.37433115641276,25.539396397861434,31.827095829410318,29.29159218587993,29.19990782973207,30.753396031297285,26.783387631545832,37.01917217395924,27.26354236955996,27.560941098648826,31.1935808069912,30.01806389255288,33.16946616879216,26.87351824324808,34.1693545859537,29.31151564621631,27.32529565728741,27.570370921382196
1701,36.69136099856124,36.05209731403579,36.51832728752723,31.930014743967952,29.749907400669194,33.75084881741776,34.967875426854846,31.705216443640555,35.313466777964535,30.795567196250982,35.188453385768796,36.157783821301585,32.418720313830256,44.14431351066654,32.62780480996156,32.94749090569651,37.36851587051,37.28191521147377,40.18495703640147,29.927518301743728,37.75331521156507,36.01087623824421,35.22671542860504,33.42460062401926
1802,7.985541655662212,7.507693905779656,5.036322397754548,5.453615283712428,5.532397238498039,6.541740310953019,5.931322128214735,5.715646865520071,5.121852645214568,5.154682982475199,8.00204591801826,9.2873520318498,8.076263891889694,6.651107014493739,7.76280422159966,6.1498277009801665,8.517588724481298,8.811218388537144,7.698243108201535,7.246182685202741,7.721035712576927,6.123622002753805,6.281580659937351,7.406099479249183
1801,5.329710428596388,4.488051687572019,2.9582344572594823,3.49850188333092,3.4459413890297532,4.121635080229306,3.7033904106058975,3.776237515693015,3.0910481971206396,2.974139349257692,6.383422724744107,7.36567425558753,6.416479217245223,5.03723888701581,6.698262877498113,4.62242400392573,6.53855137791194,6.665566512033449,6.421940358818,6.026633720871405,5.896814096058514,5.18805782169315,4.522555745239799,5.490200020742755
1902,11.892355881485285,10.456609426760206,10.316943542630066,10.389878403906728,9.255608502556296,12.452608856500364,10.778774448469573,10.990504395728017,13.9787810643514,11.082083907781863,13.09671147664388,12.794569613886814,11.799096799364277,12.278665505203547,10.438381999146705,10.177921500860476,15.048488990933288,15.806990773070092,11.785186412287693,12.543991930344525,11.971754672480564,12.643910632413977,12.586879262737199,10.865772995294309
1903,32.21826698749549,34.19748807171363,31.05966600595924,29.207964259048268,25.75137942103189,32.832312983176394,31.6887276961555,28.427319298278697,36.06118548112552,29.360902557861216,39.628806516936756,33.911208595610624,33.17652757250631,33.25484371708342,27.100981895404935,29.35268000405711,43.657701324937115,36.55014483017721,35.59659710313982,32.54846589613222,30.874713997082473,31.686742423439373,30.16245083224839,28.450555511976727
1901,14.425444101322594,13.486796561004109,12.169186035332652,11.861184213891883,10.717241485683903,14.410892238506692,12.787434192062113,12.157765239649425,15.46931325217892,12.5943353079647,13.960487272008995,13.423400360724829,12.852095730731943,13.284665609370766,11.094631994390763,11.040859784694076,16.148294746531228,16.691808954139667,12.35691494473143,13.64657247135405,12.969685758469423,14.089327972059305,13.181759442897201,11.75475846549679
2002,9.889565442136663,12.351705339854348,6.39220522549338,6.945997046139426,7.937720314471307,12.06151792103659,7.8029054667421445,10.957567477654553,9.248949918918267,8.247488739961636,7.976043347113147,8.182396377632005,6.714639411001149,8.847407657943085,8.505737775814033,11.133586906387421,17.54756541452008,7.293481701148484,11.085035983673826,6.9870165893417635,7.853591613426894,6.615365055506815,19.278197899550022,6.6033247216732915
2003,6.949708496567107,7.715627578053161,5.688460102916634,6.320139788363102,7.5576965408603645,8.605327164169646,7.335476154828593,9.668003186692287,7.6692319908281315,7.249923786107641,6.580979094888172,5.664946900667065,5.537232567794131,6.383222002182563,5.297372012242784,6.981706756744941,11.186636983913226,6.280280997283267,7.238611600694865,5.475978256142052,6.00494332557177,6.118568803272108,12.722723003721585,5.291668115741145
2004,4.5923656486883395,5.899914647505535,2.746138242686667,2.8154689672032025,3.62768241036229,6.339574663619685,3.0193906821371095,5.949235046782145,4.214106421645095,4.093758610205922,3.505807886763317,3.8372266030893094,3.559385321004604,3.954272479061189,3.881713797891043,5.543527327901948,10.304898389955847,3.7565786257022764,5.567589492332645,3.4095351022433458,4.23270256344865,3.442903387352703,10.072591547074357,3.65389369367584
2005,0.493685288049958,0.5835784676400098,0.3043250959027897,0.2289409882643006,0.24177228984507648,0.5429506041786888,0.2342053065245802,0.8005804701284929,0.5994230205362493,0.4230038366534493,0.42665514891797846,0.7939610123634339,0.46864690563895484,0.47058973800052295,0.39732591807842255,0.8243095555088736,1.76515747200359,0.4732103304429488,0.6527334354140542,0.4240876934745095,0.6123065980997953,0.39041873758489437,1.1927175532687795,0.6299443472515452
2001,1.7646413209215965,2.2945794972345,0.8159640127590283,0.5829762911781128,0.8542912901992007,2.1227118042466553,0.7949930674980341,1.985920836270782,1.531741405552533,1.2444110776013044,1.1996151475245471,1.9415029889561353,1.1244403899024806,1.3498221628097673,1.3531288514637576,2.550041379860646,4.536738679353437,1.1086810181023543,2.3211996655698885,1.1205018225265908,1.6644023510149724,1.1064389159642354,3.6442605033902926,1.4935711802133007
2008,0.17594624130922085,0.19118549426243003,0.17130362143795383,0.11029687632188791,0.13261357306198465,0.26409427311252986,0.12166810822719247,0.32688048927777325,0.28842877638111314,0.22836044552911183,0.18882454389540276,0.25765614158999506,0.18688531546844261,0.19423537992291373,0.17015691498515778,0.30088293986247466,0.4576996058539146,0.22009618945032505,0.2847240535671463,0.17188365978308687,0.1770930449376897,0.19081980724459385,0.36468755595367586,0.2374702830808145
2006,4.6078030842508975,5.442506624732987,1.2578888454679715,1.0397788351033368,1.554768896624867,3.539327715413045,1.6229804879696357,3.90056749386976,3.190292754078989,2.3929995251240705,1.8945047407500488,4.310684355302046,2.004005192194955,2.8002397407919672,3.344396276494204,5.809071118212016,13.250396712351654,1.6590427845548101,4.907824992796796,2.06040513751197,4.2907893152560215,2.227387066109706,9.933349242823272,3.3133816742627635
2007,1.7538402311979455,1.7781968477400059,0.5183440633118153,0.4008696345572776,0.5683610001777081,0.9813196719326871,0.5020961416687103,1.5300201044437733,1.4200201665467405,1.0007486368747467,0.5158289920617926,1.4743648776982694,0.7394001252473669,0.9205799010839868,1.0432780836015305,2.291610726016633,5.256508969880165,0.6546893489170582,1.6371294068212205,0.7311963695794979,1.742061105021771,0.7826446618964064,3.4003428355493446,1.5612429789406188
2102,11.311513906571923,11.834406410775534,10.189174838182403,10.224307525448683,9.43014022199119,9.202695692457803,9.502985585026625,8.769894454537368,8.30989613474869,9.075280006338911,11.557197879000407,10.99681084330489,11.611502283956947,10.941590977878105,9.298033234549731,9.874520109920967,10.50743534506821,12.693085158743509,11.396179190496118,9.373961224788573,12.183749623414947,9.351463280073027,10.261924356949038,10.239885949506991
2103,31.169168432449858,33.283530578912085,27.217092504078042,28.45590430575936,25.8938543728064,26.110550713601373,29.067442784421438,26.585793188906838,26.365848033297468,26.091037120271288,30.085192603168537,31.78601853094275,31.59192453289779,32.89830826094505,29.639461176202442,30.033806332720168,35.351538421591016,37.586511534748126,37.304495582381364,28.028854365137164,34.269311292364456,31.636231634075273,32.100901840249804,33.682833659119765
2104,11.878388830331655,10.275351040179913,8.049522355886607,8.406089738699107,8.366416832116935,10.220911378126878,9.5216147679549,8.56712181017949,7.904799377001249,7.618497349665716,10.035529848245474,11.167338213553796,9.514711200273954,10.060077766271737,9.74669678761409,7.664442674930279,10.309734872671275,11.613408631544846,10.51455050615164,7.775245956274179,10.39004093683683,7.58386885202848,8.263834839600783,8.77088075050941
2105,10.324433698179972,8.970443588594046,6.5767395035338,6.998984967806063,7.325864957841062,8.514246008014153,7.686526327502003,7.009942615888395,6.274900956707106,5.819337336397961,9.284291854879474,10.432156657645715,8.592436951168335,8.159269417188444,8.768275145009078,6.79013677460054,8.897276593835315,10.336389033175305,9.111307212660984,7.32493112363868,9.638266579222284,7.234082859524047,7.248694817664215,7.608082499951948
2106,12.380264774783628,12.857769756526737,11.611978378924695,11.318901753687596,10.409238003112458,10.310793902847793,11.146219793256822,10.460744197552021,8.887646737989488,9.716887348300808,11.792565696842068,11.422330426645804,11.340749662001054,12.76710165463961,10.405995798634958,10.643113770327725,11.812479957119448,13.887956587822883,12.688450263096737,9.763868384308868,13.343928787734482,10.202941019456466,11.202486766563666,11.774424909235357
2107,11.595627229292313,11.404773638798641,9.669821909495763,9.030989458272746,9.783513514550178,9.83716715823163,9.783812093210745,8.818356899114756,8.644983676763681,8.515632191857138,11.067419591840807,11.070833080417508,10.216584095588097,8.83707093668508,7.7407948682596395,7.9992279063214315,8.860288745754367,10.86622539457384,9.133049412088079,8.088889729845654,10.260109990507692,7.818160958342499,8.18226432800293,8.950176013695014
2108,11.50953200613389,12.23705239810854,10.264274919536751,10.66128137525818,9.48975273141279,9.801147841511758,10.277223251235316,9.256448797216997,8.901773763934212,9.651785617703004,12.02971009805169,11.67066143376167,12.215076589808218,11.594937485708318,10.012096340107806,10.613678934428613,11.465999948026989,13.934119323049913,12.517748259602579,10.550694935758349,12.917783822252158,10.006938914178123,11.004306833508988,11.302058367662028
2109,12.558695428511676,12.692326545715332,11.958737177007338,9.869067416471594,9.962499702678008,10.321976044598747,11.017865545609418,10.57715904011446,8.735001115237965,9.754122229183421,11.335167071398567,11.595836723552031,10.914171303019804,13.055447382085463,10.622472931356992,9.771212100982666,12.141726662130917,13.582840667051428,12.899172306060791,9.711380369522992,13.614180873422061,10.224933343775133,10.678181508008171,11.930873646455652
2101,12.901191944029273,12.32237464160454,9.89433696793347,9.285234635050704,9.550260290285436,10.680446920162295,10.10780140946551,8.993449157621802,8.93818143286356,8.455484299543427,11.630527091607815,11.989280119174865,10.644297518381258,10.875400510648403,10.402274141079042,8.759750417383705,11.04033419213644,12.642408785005895,11.596965329240009,8.781185231557707,12.018925234166588,8.561627304263231,9.08169200711134,9.636352132006389
2110,12.825298048415274,13.985793887444263,12.761964294145692,13.125254460100857,11.869218286478295,11.67872410900188,11.982108763928684,11.910245913379597,10.128053543702611,11.247020145632186,13.938654044889054,13.387443128621802,14.737615531345583,15.331846812985978,12.954786489594657,13.660613059997559,14.596463356377944,16.507212323962516,15.219549520960394,12.035088332194203,15.988170893687123,12.440038339147028,14.863251506157642,14.254234538888031
2111,11.365306244956123,11.216329958703783,9.212022059493595,8.348566942744785,8.653180188602871,9.649314065774282,9.036182310846117,8.321767495738136,7.957125882307689,7.623758574326833,9.867436508337656,10.373384608162773,9.47215563721127,8.621536592642466,7.870450059572856,7.820012032985687,9.06953114271164,10.704095085461935,9.168958458635542,7.389106233914693,9.912411597039965,6.779219991630978,7.479817383819157,8.263819687896305
2112,29.769078885875462,31.210138166584255,26.88856568083095,27.242147943247918,26.09021016134732,26.310921659792104,28.27955730640946,26.527456921655773,26.542780413143877,24.838970089880164,31.616029059829344,30.986812515535217,31.938109001675667,35.73446654352013,29.726798059859714,28.715685075031963,35.54173743667234,34.98386444101011,35.71222518377258,25.609334190110655,33.604897199621526,31.57747621582326,33.1530860149918,32.0243781476781
2113,11.765938059488933,10.177313009897867,9.300843811035156,7.3641988436381025,7.4298402786254885,9.330183283487957,9.6129456837972,8.490030574798585,7.553595161437988,8.51227970123291,9.210785516103108,10.197816022237141,9.128430493672688,10.21643778483073,10.06262601216634,7.846448961893717,12.125814692179363,12.282896677652994,10.794824091593425,7.058328119913737,9.854003620147704,7.802847035725912,9.281192366282145,10.118763891855876
2202,22.197977825239594,18.001357776043463,23.01640749912636,19.664549979041606,22.117546840742524,22.0117982228597,23.011358605179133,23.610362183813955,22.909829498739803,22.292077494602577,24.75266710543165,22.84092855640486,22.018008852939978,21.742877515157065,20.453730975880344,20.390585226171158,27.527361185410445,25.284943247776404,23.595091333576278,21.431913701225728,21.396943888944737,23.368857742758358,23.60053875867058,18.957561799591662
2203,13.18061755424322,11.132236857746923,13.958077208940374,11.479843649753304,14.028946033743924,13.178788717402968,14.368539033934127,14.991538624430811,14.445893886477448,13.821394299351892,15.696665275928586,16.125972015913142,14.14429535976676,14.102206873339275,14.148504700771598,13.302695274353027,19.450612023819325,17.136649065239485,15.23713287087374,15.08391877107842,14.253755525101063,16.556277341620866,14.916131440983262,11.495758943779524
2204,15.612541826465462,13.117397085020814,16.279400282268284,13.14103498338144,16.472642234609097,15.541033418872688,16.011826635916023,16.97871147831784,16.580747544010983,15.194214857077297,17.19838502135458,17.44618302357348,15.49191884149479,15.28468597991557,15.35025894792774,14.283373736128022,20.31766869750204,18.114481829389742,16.30800979952269,15.75295443474492,15.751537129848819,17.930360938929304,16.767280469966842,12.70668806003619
2205,17.48238400851979,15.914685729282354,20.38168111190297,16.47207371705498,18.54400933334251,18.29813589457593,21.074522467220532,20.434957142748864,20.054313965093076,19.551176576053393,24.2792364444608,23.969505553152047,21.58404594620848,22.03984135272456,21.236881748523587,21.249799292071973,29.272572947483436,26.333451925539503,23.175656299965055,24.148702365900178,20.45065817490123,26.025449609444813,20.413842949212768,17.304216154260573
2206,22.001053393405417,19.4160733865655,20.048575594114222,18.160376107174418,20.70847132931585,21.793574026356573,20.933713120999542,22.12003319574439,22.227538496515024,20.24833167946857,20.667147978492405,20.087926972430687,18.585448870451554,17.564046038752018,17.651574862521628,16.797749983746073,23.5983421906181,21.623236243621164,19.77868270666703,18.68012038313824,19.855815881231557,21.045174988456395,21.20199206393698,16.161981476908146
2201,18.15618678831285,17.84248048259366,18.577950154581377,17.682007428138487,17.816195426448697,18.80759467617158,20.337075618005567,20.316229651051184,19.677758555258475,19.04353303294028,21.930557820104784,22.553703046614125,19.421233938586326,20.818700075149536,19.93595318640432,19.374809403573312,30.054050384029264,24.87248714508549,21.01976308514995,22.38608400283321,20.391324443201864,25.835303291197746,22.829340611734697,16.730155006531746
2207,14.786103112357003,12.497293227059501,16.900220816476004,13.381570325578963,15.681702845437187,14.817518656594412,16.757794938768658,16.862333502088273,16.514530032021657,15.583115223475865,18.005219745635987,16.608429636274064,16.44545888900757,15.743534701211113,15.37501381465367,14.998542853764125,20.296824264526368,18.582703031812397,17.330806609562465,17.326306097848075,15.45478297642299,17.575288540976388,15.411280591147287,13.130274650028774
2208,18.2625368791468,19.088112595502068,18.934133776496438,19.135020940444047,18.69336026135613,19.61920881832347,20.05468272040872,20.8702984753777,20.45157663681928,19.938540739171646,20.170282195596133,20.881963236191694,18.21135606204762,19.607304258907543,18.50149828966926,17.616116692038144,28.886963765761433,23.221606624827665,19.300568782582,20.866548762601965,20.675462677899528,24.722295604032627,22.851093830781824,16.352131585513845
2209,17.432928004961337,15.80662599306428,21.519354268406214,17.12246095464471,18.430749105603507,17.588418012254692,21.464165435748153,20.94798763146561,20.42761650514067,19.507164976570042,26.458041062515772,24.57262750689903,22.948967617549254,22.38861479919948,21.644534502136572,22.50994593373845,29.16730005285713,26.31712835290459,25.175479208485463,25.788497239016415,20.81623631916689,25.338767405306356,20.199446828177805,18.304456319701806
2210,27.243258126416997,24.37537064863809,25.258379399476937,24.30451038494781,23.353550139384055,28.512384031286192,26.118643540233823,28.130690464422333,29.056590410932223,27.57138795229658,28.193897486931114,24.457053826681932,24.741934249149494,23.097863724483318,21.691043484750107,21.60470599265554,30.855311944856116,28.07134735644163,25.211817080052054,23.564644468489604,25.62177438592192,24.686917338539008,26.104430778541758,21.891994366094696
2302,5.72232596184078,4.101483577176144,2.8422623794329795,3.285778580527557,3.525100919761156,4.02002740847437,3.4519965993730644,3.760789265758113,3.073292647537432,2.6259058996250757,6.366213610297756,7.764476813768086,6.01031840474982,4.4490252639118,6.524233730215776,4.677365836344268,6.160151779651642,6.849896292937429,6.136306976017199,5.7343363259968,6.226543658658078,5.335837875541888,4.480734746707113,5.349558441262496
2303,2.6086624799804254,2.0461315472017634,1.4610471634024924,1.9003790975971655,1.6552305241877383,2.247042654590173,2.1976941373537886,2.4554868496277114,1.9623312350701203,1.5885724929923362,3.937023477120833,4.9118610705164345,4.7203124626116315,3.0755153234032067,5.143214324658567,3.2838652455671267,4.160214146091179,4.727540652860295,5.286608210002834,4.178851476108486,3.4441440112211485,3.263046581975438,2.7305815155533226,3.600834643976255
2301,2.6026109109509665,2.076752187508457,1.4824155057938593,1.7938428008331442,1.5395290154331136,2.174858445491431,1.8569528495928027,2.3416017462622443,1.8566710519340803,1.4649518337452188,3.2169691079067735,4.260931752650243,3.7243690077988605,2.8429278035208863,4.342993746950941,2.740182446983625,3.912096776714865,4.219662274167223,4.543216596796827,3.4812980825046322,3.168783235831081,3.1407506723448915,2.5618136363771726,2.967688507516429
2304,5.591658959997461,4.203139317796586,2.6257274975167944,3.160888092314943,2.9439642492761005,3.993688441337423,3.0008415770023427,3.7842680545563394,2.9789758527532535,2.2865523594491024,5.063327129850996,5.773429926405561,4.730308076168629,3.781068667452386,5.1291836880623025,3.70803328016971,4.837223466406477,5.589579229659223,4.92831896213775,4.488159846752248,4.966079278195158,4.508556069211757,3.4695145779467644,3.8867152041577278
2402,5.601707613986472,6.209214625151261,1.753948431947957,1.4761107451673867,1.864660961040552,3.282698042150857,2.2324201758357063,5.1541198336559795,4.189876317977905,3.1909427366394927,2.0786793154218923,4.492298673892367,2.619248467942943,3.2027174148006714,4.434936191724694,6.772211876468382,15.363330619922582,1.8847258885701497,6.86228510953378,2.465163384658703,4.823882374210634,2.6201602911603623,12.27304804843405,4.429083696310071
2401,7.966955608335034,9.530728077066355,3.1382619656365494,2.9302550780362098,3.066080566110282,5.456291408374391,4.5013317465782166,8.210396166505484,6.37973506697293,4.9039044297974685,4.196517525048091,7.482013418756682,5.245997371344731,6.463709309183318,8.867253048666592,9.631323765064108,22.614293772598792,3.731471032931887,10.720798944604807,4.794353719415335,7.642592565766696,4.807042082835888,21.3567968236989,7.250723567502252
2403,9.9507566491762791,12.789047261079153,4.774626339475314,4.691230316956838,4.4146388073762255,7.600125283002853,6.34980841477712,11.54728889465332,8.417653252681097,7.217713624238968,6.434332211812337,10.20428721110026,8.217109441757202,9.931918819745382,12.841441929340363,12.269042273362478,27.351827661196392,6.32434007525444,13.98963232835134,8.230916361014048,9.815002143383026,7.111632943153381,28.956602414449055,11.216498672962189
2502,29.757819760034955,30.569006800273108,28.47463221777053,28.748148040165976,23.159152202000694,29.211974714672756,29.540176645914713,27.129195084647527,31.341468667227126,25.02457597974747,35.49185839304848,31.751044966682556,29.496939515310622,32.741369852944025,27.458929609873937,28.259572530171226,34.5771317027864,30.113980910891577,31.78365676970709,27.97214661250039,32.06340864575098,28.43408770334153,27.438717999534003,27.160425107441252
2501,26.066717855342024,25.588385208860622,26.42595146383558,27.718156271166617,22.943782143778616,25.097940722069183,25.706660877574574,26.67681921302498,27.28940699162421,21.904579603826846,32.21313406739916,26.305822050416623,26.470300398863756,29.932012225126293,23.010315469333104,26.940468311309814,36.45390484240148,29.726627832883363,31.41075628454035,29.35036438935763,25.47202832358224,26.96892882167519,22.595197522795047,21.983161215658313
2503,45.43450153464138,43.363215990979285,44.539084997901035,46.96816932879659,37.423255272037515,47.156710061303066,46.888440261186155,45.38146866902267,49.14099163269446,41.948309234266624,56.421830797352804,45.46714422647709,47.114640478253754,46.68469777122976,39.5039642195497,42.694089430000126,65.36847067351388,50.05346845242843,53.61437700605235,46.7174387890907,40.21473217325242,42.21415899295618,39.43243395613365,37.85687799737005
2504,29.125482267981408,28.89925520212058,27.06015255947241,27.67924092439997,24.933764889736302,29.195278052515633,29.24249383107128,25.130240056338728,28.003899167848115,23.615139343594546,30.34873624776034,30.099426419942972,27.68148561132034,33.12131571929727,28.125690018570662,29.045613148068423,29.54523104789273,28.84481606067427,31.339796754337797,26.352128793729232,32.16063183906094,29.48330099950701,26.97288262284042,24.944754334904204
