"UBIGEO","lst_mean_2001","lst_mean_2002","lst_mean_2003","lst_mean_2004","lst_mean_2005","lst_mean_2006","lst_mean_2007","lst_mean_2008","lst_mean_2009","lst_mean_2010","lst_mean_2011","lst_mean_2012","lst_mean_2013","lst_mean_2014","lst_mean_2015","lst_mean_2016","lst_mean_2017","lst_mean_2018","lst_mean_2019","lst_mean_2020","lst_mean_2021","lst_mean_2022","lst_mean_2023","lst_mean_2024"
"010100",20.0314423367258,19.8890369405196,21.3323983804442,21.1060648419283,21.5871600315359,20.5795448967455,21.0020089766168,20.2838984258843,21.3978017264417,21.5730554121786,19.9522479952123,20.4386060382747,20.5128357404112,20.6006432838423,20.4670622836767,21.765132752275,20.7686683959008,20.9082811365035,20.020380206511,20.6416831033117,20.2268299094139,20.9836452140626,20.1997924647155,19.5387188197652
"010200",24.3567898926992,24.0061004969842,23.6356872061643,24.1844906814147,23.9435549991502,25.0437569590031,24.7871402586452,23.9610865021538,25.150990421502,25.0954364164653,23.6693100467168,24.2824026276214,24.562247657964,25.0194359359416,24.7065373517273,25.4470904984784,24.1979992018701,24.4331147749029,23.61790414693,24.5394120781658,24.255469930605,24.4529544564293,24.8591884028119,24.2492040565459
"010300",20.464047091482,20.2368145333642,20.5901024839763,20.8676972942003,21.0888384859344,20.8585489946442,21.1950711379024,20.2664960911064,21.8860292789154,21.9744052749212,20.9207423892835,21.0545896560045,21.829768466408,21.1908831525349,21.1781210944526,22.5046195077556,21.4649922604272,21.2154833949995,20.912930570831,20.9992756164728,20.8990883102064,21.5178061621904,20.9831625167958,20.6111595579584
"010400",24.9806930827672,24.755084997477,25.0044388816251,25.0624342980773,24.6897855896325,25.1209725314837,25.4688436755684,24.5862461184831,25.7128646405477,25.7846571954107,24.9648632214836,25.2173463241633,25.6320777268749,25.8977321408917,25.2379344577562,25.9046344118041,24.8116563630654,25.4110155312024,24.6993323935253,25.6946427146533,25.3877416008641,24.9953682020087,25.5796215354719,25.2475192846939
"010500",20.7182941917936,20.2431124207485,21.9155872866913,21.5003602024508,22.3655210034082,21.7363490496056,21.7349229818803,20.8686775871665,21.6319221880568,22.3527321193381,20.921524610382,21.3826245927685,21.5225091127041,21.0211223937874,21.2203449190599,22.5376506592469,21.4263933649448,21.6239476264897,20.3854894332741,21.2581506988237,20.6687376763133,21.8800714563946,20.9552303874157,20.5419324143067
"010600",19.6232264417807,19.0603120296149,19.7973904726404,19.8866944927618,19.8153657318159,19.5653711017058,19.8178075332385,19.5492586964244,20.8474047344002,20.7969031610042,19.3156614155768,19.9530447599239,20.0484610264035,20.05028232881,19.7549600626375,20.4953574867461,20.0525733537332,19.679262385406,19.5728926226049,20.0473601078423,19.9037326311149,20.1556794666624,19.9522987296149,19.2317455525622
"010700",24.9542552045807,23.6918889013698,24.5963337269894,24.1485380133722,24.4849732508842,25.8180231495549,24.4771888024492,23.0708189312761,25.5110570058534,25.6472171648061,23.9535919735089,24.1549279016545,25.0710164275425,23.9841849685815,24.4642936794554,26.1583625858324,24.4182276851355,24.6900919495524,23.4290393919014,24.3473577769475,23.2920573826351,24.3989510282968,24.2280805430071,24.0801881171675
"020100",23.6490012079235,23.2624214542322,24.7602634523305,23.901866234731,25.2781541625003,23.8586103715644,23.9194715412276,22.781656651317,23.1690208657687,24.2958069912501,24.2954025219171,23.0366487677629,24.2856182527068,24.0683140746866,23.6840163181895,26.072980355838,23.0773943185874,23.7120901186165,23.3703841887663,24.7781560591253,22.8361835812826,23.8412428862643,21.1753965004268,20.9909001049566
"020200",25.9369100241267,25.3331504144209,27.203720421808,26.5043961162709,28.0096236330367,26.0892214394562,26.1126672825558,24.9733123626009,24.9039897307303,26.7058290874195,26.5848015049489,24.57264802175,26.5379717636734,26.5357835293361,25.7491092591413,28.2839563249977,25.2035472108889,26.0179155172382,25.6202999499671,27.2657727456809,25.2239693164903,26.3811450780688,22.7815062467866,23.1476358364938
"020300",25.5230869599869,22.8782234224399,25.7486606236052,23.5404383425832,25.1879432510856,24.8042042747535,24.9450972076347,24.3771515146175,24.1258887137442,25.2824356012754,24.0132936296193,25.1955534484932,24.2648869714729,23.843681247071,25.4733137512432,26.8613234003115,24.376009827289,24.1961124515408,24.735711415848,24.5858481191567,23.982094400741,25.9404064334018,23.144731400902,22.745773436429
"020400",15.8981192481063,14.6173956415087,15.5002632732417,14.2507410178993,17.2086413203795,16.4453648778708,16.8220939864519,15.855556048262,15.0198619635529,17.2629759824514,15.9816638799907,16.4264889798902,15.7606996557562,15.5559439304252,16.8809937630257,17.6404252694952,16.2505560900446,15.4154802952819,16.2769837549963,16.9052145444621,14.692795190334,16.8188821509442,15.3611828577995,14.5018954463526
"020500",22.6982079718131,21.7416295847585,23.7426776778778,22.3052387087132,25.0221539458652,22.94069289974,23.4836299905234,23.0707419390022,22.3123513739215,24.0867399498463,23.1859233623808,22.6049388074154,22.9513477542803,22.8847589541739,23.4580082561357,25.7673912504113,23.0013836294507,22.6875014757833,23.2509010323627,24.1326413966559,22.1973518714821,23.9325896125657,21.231127297759,20.8396448610212
"020600",19.4014686661489,18.8620847356637,20.2881233423165,19.2779380082157,20.6627284434251,19.7598124053858,19.6566396073199,19.1074393306669,18.9458939136523,20.1078807259432,19.6129034918666,18.7183328321294,19.813090631716,19.188130344734,19.0495570072465,21.4907443276779,18.9871546282816,18.9390662866205,18.9415726228223,20.1791170505454,18.1916987949064,19.108578011486,17.5532556495172,16.9873238566388
"020700",24.3695839895905,22.8369371520858,24.5760438675316,23.0868601427879,24.7602815484875,24.5773705335182,24.3459639213708,23.3975181496524,22.7152212469261,24.8826481776088,23.9238318050335,24.2083868947683,23.6048792312869,23.2126886725089,24.4385076676046,25.8023159094375,23.5298853475658,23.1045725830666,23.2990621786209,24.1486621670456,22.5443483061544,23.8767721109932,21.8875130978157,21.3494288955905
"020800",38.8628257356277,37.7321966752845,37.6654153142583,37.7950197144843,37.1189783393389,38.0222319836841,37.6095854760134,37.3208377270548,37.7277403678623,37.3132057627621,38.1536609306291,38.5414997634678,37.9225620511376,38.190424424999,39.0038138961012,38.7033326494721,37.5486920477635,38.2376200860685,37.8935294767945,38.2130869639536,38.1041646468038,36.4365708280103,36.6129561076231,35.1267605826414
"020900",24.432966932707,23.5283639696279,25.4664540192923,24.8109070408817,26.3611135238991,25.0428504519343,24.6333183250715,23.5257137815272,23.5755144987955,25.1707636941618,24.4247979258015,24.1522848183527,24.3780714956314,24.6050282899044,24.7684385769064,27.0744373163752,24.2926365654907,24.3539342076802,24.4203670978142,25.695074769118,23.3934295118107,24.8824167477992,22.489338864226,22.2765881376065
"021000",20.1606734579887,18.5619855131342,20.7375191329943,18.8658078868895,21.5558898778411,20.6776305687929,20.9919596193748,20.4442020697519,19.4987430564401,21.6183797482788,19.9023993522885,20.5858284681759,19.5728081068265,19.55858444395,21.0322181530121,22.4597000468813,20.7525678075452,19.5780626232117,20.4750877198437,21.1700778978107,19.3844257198982,21.2276777423874,19.2864619188163,18.4993788344712
"021100",37.2712705665328,35.9273856099356,36.0741528053647,36.0702037440802,35.6576358972742,36.3882085466295,35.9705044901742,35.7057167903047,35.9207300305269,35.9479327504249,36.4801541035346,36.865863529012,36.7780745914407,36.800850467636,37.2519531163546,37.2285872598581,36.3482926303602,37.0776863347156,36.8875914733786,36.9705863732934,36.8290705472143,35.3115680783509,35.1267713730374,33.841545856693
"021200",22.7470417542628,22.0366387952781,23.8899863004779,23.1911726409354,24.4045798046326,23.1352385998118,22.8456685208101,21.9419655373156,22.1214916257807,23.24860627028,22.943957467582,22.1092350256533,23.2056677659034,23.2297325020561,22.5841963472371,24.964009566574,22.3438078917261,22.6137931422731,22.7491242315018,24.2170416767002,21.5615183261262,22.7700491556011,20.5111009666173,20.5665187321939
"021300",24.4682235986175,22.6997076250591,24.2020972921437,22.950862155297,24.3006046503719,24.3782813667566,24.3348887091136,23.3073731374163,23.1566720918379,24.3991310973572,23.4453033401732,23.6047204755984,23.5825127395556,22.9440315909433,24.5233141555555,26.0398884534527,23.1585836728039,22.9450547450786,23.2047107321252,24.5452994866069,22.8899332396301,24.3832576029612,22.3082134427606,21.8307292224973
"021400",30.4693789499308,29.6750577890957,30.9299892813248,30.3345572486037,31.2900897958395,30.0721330077516,30.1371689541489,29.1893075087837,29.178765954063,30.4625395246152,30.1353428572739,29.2326593718525,30.7611943091701,30.5650420780346,30.6268999502083,31.8942133208334,29.066889397805,30.3414151326767,30.3781061653641,31.2002355400523,29.7070479328128,29.5860244601945,27.2837409489642,27.3626534806753
"021500",24.5945758358147,23.7330678331845,25.4009811436002,24.5846461905008,26.28323072649,25.1647471853821,25.044476004344,23.3448466854581,23.7206013571612,25.1660774221379,24.4372392322658,24.5409218340177,24.3014251221696,24.609182140373,24.9725733385272,26.9686171625263,24.5144807972291,24.6711567468767,25.0159839706854,25.8503805170483,23.5249351341029,24.9931566006269,23.1468139891825,22.2681029425226
"021600",23.8163629810867,22.2838779530399,23.2219741522606,22.4995918013891,24.0657783888978,24.0697896850426,23.8672061423657,22.3381301860217,22.6738589014467,23.6940575563712,23.5608092196851,23.3452544048171,23.1025773965712,22.8410187811125,23.6086480304235,25.6250332401472,22.9905206807662,22.9417082439453,23.0818677441143,23.9474351410164,22.7107983752682,23.9561404941125,22.2117014521604,21.4523927452369
"021700",24.3103378060396,23.4283019853905,25.6231290300465,24.4563029490534,26.2775244877434,24.3090663860332,24.2881773136828,24.0504996373815,24.0277154737217,25.1393321095043,24.7892343882017,23.2969276812442,24.7803021851281,24.5114839616419,24.4508665305454,27.1445089749397,24.0033429984836,24.2816546358269,24.2188512161332,25.5654139132779,23.5475948648524,25.1686610335514,22.0091772855783,21.5739634015029
"021800",34.3378659664675,33.2605422361352,33.9333229190521,33.9536463465761,33.822979443624,33.7484982116091,33.4915056724187,32.8298255336521,33.2904941022459,33.5409444760042,33.7727775228996,33.5026548121194,33.8098719434993,33.9669390017549,34.0072150827172,34.2800916525057,32.2508810678151,33.3222775900428,33.1086801884654,33.7448221926749,33.0858008842136,32.3847761350985,31.0726246767732,30.8546378485155
"021900",24.046028914766,21.9156843960363,23.713967471621,23.1170076026159,24.6027995109586,24.1078378895237,24.0430961058729,22.3226569536728,22.2839829361261,23.8799523829834,23.1737771446786,23.1814254657642,23.1495094553876,22.520314248669,23.5492351395375,25.7436458470593,22.6225839761292,22.9775156568138,22.8819584834684,23.8408312927019,22.240566027196,23.7595978924049,21.9106830918655,20.8303085571341
"022000",21.6867441080645,20.9571382114972,22.6520405693628,21.5576941514176,23.2155186583995,22.1248839590526,21.9785806483282,20.9580296937558,20.9766457958341,22.4757271842992,21.8965572477313,20.9753621459318,22.0526930048745,21.7511530334662,21.4622990121081,23.9277921959111,21.2398183505262,21.5558881940282,21.3125037659971,22.90240264921,20.5818015297185,21.7047726820647,19.2237789888606,19.1045159649805
"030100",21.2885301763693,19.5096976794752,21.7815077909304,20.2357646760667,22.5322987295152,21.9408720039315,21.3235373237251,21.9883617107303,22.3358188781338,22.8570354165257,20.9258641912734,20.693056645997,20.6065781379361,20.7504302775843,21.2564168552094,22.8276774723434,20.8416016765244,19.9731899223875,21.0445316099213,22.1936984674457,20.7714319013898,22.4444582173434,20.2975266176414,18.2267819501114
"030200",22.9579035108214,21.6200854876279,23.8313339586604,22.565946305518,25.1823229605337,23.4877622404009,23.2861555937446,24.0676918761153,23.8438968652256,24.8793219914891,23.1647410362123,22.6542483966517,22.455979069962,22.5207526301377,23.2805807255073,25.6627671031033,22.4032210626426,22.0614896221262,22.3559816181702,23.95038408481,22.9628537950937,24.4957601438717,21.5229435383088,19.6708309042773
"030300",21.302376448604,18.9807403310306,22.5659852231209,19.9892634476394,23.3205475897981,21.7793095274818,21.4040271989079,22.4969300175168,22.1629464108767,23.4518933626168,22.2464696579853,21.4772913453875,21.5408952977061,20.9539759077627,22.3002043955817,24.3733534911439,21.3716408504573,20.406719154333,21.0081485028401,22.6352446840701,21.9856111846254,24.188740948603,21.0817607816037,18.846578314825
"030400",22.8660849441678,20.7554996679324,23.4573841516091,22.3108080822932,24.675388819133,22.9551393608206,22.7825712975544,24.3293036402831,23.6943501265752,24.6943243505054,23.2471369401374,22.6332539557374,22.7009405834855,22.6203342569788,23.5604296058645,25.8860715714202,22.370053890134,22.2164302170968,22.0712520867736,23.6094861727727,22.9994206057649,24.811804742348,21.7438439527721,19.7957145759762
"030500",24.1033854221842,21.3401708587751,25.0020276540651,22.0339333684868,24.1542975281285,23.86077636675,24.0064618728962,24.9118224612831,24.7211369369936,24.9384186246299,24.1090968557411,23.8469211351749,24.0272465177861,23.4328478094035,24.2599391705884,25.1899036515293,23.3277911640167,22.2727693938032,24.006482889227,25.0229498739897,23.5200938870707,25.4132056389381,23.0794165114803,20.4680827464876
"030600",23.0260202941917,21.5511831446057,23.5964232214819,22.170210124532,24.3259423930467,22.6732711923724,22.4937243769591,22.6822741257609,23.3536373747322,23.8675068576541,22.5994360863056,21.7360645124561,22.0315331091967,22.1016678421035,22.3872163845869,24.6914666748935,21.9255925630963,21.2803148037715,21.9327200113869,23.6770682813826,22.2523675074414,23.1193344948846,21.4176883616834,19.1708018178674
"030700",22.7462164316571,20.6215546993968,23.5932746467164,21.1013836623873,24.2063955229205,23.214250232827,22.8278206921656,23.3480505713411,23.6257305787937,24.1838182176639,22.9976452034144,22.6290497579358,22.4091680824334,22.3750344279709,23.6560882782744,24.6793945942609,22.283043150678,21.0660265647733,22.3958640011807,23.9795043656351,22.45071608483,24.7544586599411,21.9586838730085,19.6741100201453
"040100",35.0739876981916,34.6129625496745,35.7289102921393,35.4424312106201,35.3688974355341,34.1768570850468,34.5915525089055,35.1099489732007,35.3567729929383,35.9021143471344,34.4595768318839,33.7724153006196,35.1324221179792,36.0173321602678,34.8631799071897,36.6239478701214,33.4902308855663,34.8804110791217,35.0468563711329,34.0078836165895,34.2742268176997,33.3650518530854,32.4383608234778,30.887409995113
"040200",40.4051965759086,39.3149713022993,39.7312146281569,39.0050337193591,38.6528310250259,39.0434334079426,38.8170902858067,38.8750682952143,38.9688525333333,39.3165422913516,39.4298980364501,39.7260404079231,39.9356994200285,39.7510023937713,39.5547288459473,39.8666786092172,39.4536807053348,39.8252358076131,39.4455891278792,39.5344462254967,39.2526300900919,38.3167451382765,38.2343247277775,36.6240441112896
"040300",37.6237492124777,37.1076113152375,37.5510001299779,36.914847854001,36.7837317057204,36.894827781741,36.7530686789778,36.7267817714175,36.8194069265684,37.2599307258351,37.1253095002727,36.9410551724032,37.20155789016,37.7831317291563,37.5037038941547,38.1169622019333,36.6811603453333,37.3718448082459,37.1959381148782,36.7816397329606,37.1433482581481,36.0771608346661,35.6969979459603,34.53190324318
"040400",28.9813005435893,28.2048323564899,29.7627967481365,29.3083152506903,30.1385592815781,28.7634725016295,28.6712286106276,30.104766340669,29.7107814277098,30.4897970073384,29.347716123702,28.2018069551637,29.4237048091487,29.5642426348114,29.3519235339542,31.2711268270613,28.4333461602968,29.363738542762,29.2519654604004,28.9445674582756,28.9173479363855,28.8737207237664,27.7102514097207,25.9828809789394
"040500",28.1996999641054,26.8789729635683,28.7089891417041,28.1361411016943,29.3544800983332,27.5361075414904,27.6558576987651,29.8708204465395,28.7949968970956,29.4393601885489,28.2564489190199,26.8016604944683,28.4441011166028,28.9225391677099,28.3099711121688,30.7424626050889,27.6507366249909,27.9415968888597,28.2043924290866,27.8013934664166,27.5923262517442,28.0758780645619,26.6988608388387,24.5448613711754
"040600",29.9638912409841,29.3145472475373,31.1227877625234,30.4502629957571,31.0043052761401,30.0057383956501,30.054949134866,30.6349699469663,30.4409159282508,31.5223673540408,30.4119900759991,29.2820115230287,30.5095581163371,30.83062330615,30.7372233388783,32.0437774557936,29.2661894621943,30.2863688063365,30.3309113453662,29.7665145084526,29.8728098189036,29.7108785135476,28.4778576996838,27.2854381165131
"040700",41.4779613519237,40.3542812535628,40.6858101866107,40.178505522626,39.8884184149065,40.2999724559156,39.9620021043049,40.4114049570168,40.41323699209,40.6816139078651,40.6464413999324,41.0409364988146,41.3125507506977,41.0157985789789,41.0089918013526,41.3767167964402,40.7864607264753,41.2998803510323,40.9282505099987,40.8406100055948,40.5747115143105,39.6340822100904,39.5363145677412,37.8273385041418
"040800",22.7053314958935,21.4619158266698,24.3672161800087,23.3779775829091,25.0853459661123,23.3064949469751,23.3736947329517,24.7166612811135,23.9319618931723,25.5027153841437,24.1141474096054,22.6696176533549,23.7888941797726,23.5538419479671,23.8502758114707,26.5223519239378,22.7690529438158,23.1837134967253,23.4429050006331,23.8859849357507,23.050246407222,23.8467041819095,22.3255933281572,20.6220049157872
"050100",25.0819258907867,23.0601787936544,25.7433761366047,25.0440906157605,27.0617179836331,25.3744075299108,24.9928386783316,25.9718114207486,25.5110493675995,26.2684190474789,24.6165988061793,23.7445250051163,24.0474412230816,23.4888278810617,24.6389409610584,27.1173604447642,23.8535065339442,22.799636084031,23.9012856205556,25.9587252835233,24.0181877578501,25.0781811550881,23.4634356006647,20.9170814802548
"050200",22.7151853172505,20.6587110110118,23.5968152251309,22.9619601176169,24.6565261341659,23.0517574016169,22.2728730349698,24.3945842879656,23.7292945522822,24.569596180742,23.4350936092632,23.0231194675414,22.7404998117685,21.7378557850908,23.1587291190793,25.8285289819719,22.5504681465321,21.6088109196467,21.9827403150194,24.2739586418902,22.5684788754698,24.2260427559334,21.6297367969566,19.6910711235334
"050300",24.5621664985088,22.7291210420304,25.244542885628,24.531159033247,26.4062856675554,24.4899011146597,23.8011679674646,26.2287166684842,25.1695531690734,26.1525202791683,25.0633357826222,24.5829630129938,24.2712282593364,23.9919213298515,25.012053049662,28.0872888214054,24.8034590157049,24.3155618843141,23.7099314944241,25.4817547691764,24.3326263818201,25.9184675487211,22.8844226152909,20.9998767309847
"050400",19.3304884000137,18.6298784652983,19.8256706123456,19.0130641463253,21.0857525398588,20.2695326606575,20.4180024318708,20.0408441671376,19.4659859847186,21.3149913066269,19.2866179687568,19.8192554842464,19.2810847668913,19.9755059757079,20.0360650116292,20.9761414632719,19.4645169798594,19.4375449320197,20.1593288020401,20.9498554242108,19.9536683405661,20.08155208449,19.7443852397253,18.9399444408654
"050500",20.5312983010878,19.2363801353125,20.7711375523829,20.0436318634817,21.9803041961508,21.1533023348419,20.9800019795788,20.7539682882328,20.4050271243927,21.8190814245995,20.2576594863668,20.3757543732474,20.2067485675158,20.6223692175857,20.6204125651771,22.0876976129782,20.2101600700957,19.8421863678065,20.9264821716073,21.7925567455556,20.6289405910794,21.0717452854907,20.420713969999,19.1567072717728
"050600",29.0714342236284,28.2867495866699,29.8595330591686,29.2371998439774,30.1917389299041,28.2582997332987,28.9232665781026,29.0690854611097,28.823796258366,30.3328800985805,28.7903619372555,28.128207967367,29.0653814285539,29.5770302258534,29.372356818595,31.4266597204042,27.7518084255192,28.8860485380412,28.5603252667102,28.7244211330355,28.3863975731915,28.7117664147504,26.6855929836607,25.5602507602216
"050700",26.642346604305,25.7841143355256,27.6128166429232,26.8901477024463,28.0263209337121,26.3900779495317,26.6587235994007,27.6833095205171,27.1261590704134,28.5731799883974,27.1162138488257,26.1286099863523,27.2841649705886,27.4256021687148,27.493025809287,29.3097461161955,25.8751735942191,26.7464761544472,26.6488809934552,26.8045253478695,26.2675186934204,26.831565294805,24.7704521779586,23.4890035871669
"050800",25.2345124297115,24.1276226903484,26.1513748560366,25.7942653001634,26.9869488994584,25.6665572080338,25.2513019001058,26.7136691403176,25.7544601818938,27.5393756131666,26.2611107641775,24.7703180620449,25.5951622231342,26.0299706532248,26.0870654923058,28.531739617718,24.3640459935978,25.4224872696949,25.2671055177343,25.2881300959097,24.7745364028449,25.5690974796465,23.770776199228,22.2841661867046
"050900",25.3507815715821,23.4249771742395,26.1879101123694,25.4576162361135,26.8376469293909,25.1017611832898,25.1566567409261,26.7303306752788,25.8687801638781,26.8556215078951,25.5525192076222,25.0236734732506,24.8870195568863,25.124079335649,26.0416773974071,28.6595391671564,25.269890812152,24.4911988159483,24.6360238718133,26.4170958782893,25.3976021104703,26.7082355118717,23.469662931265,22.1749956214891
"051000",24.296654427064,22.4252158701888,25.1252863433689,24.4492315211344,26.0746310530287,24.454887080441,23.8160110880116,26.2918329596914,25.2392748093221,26.2753747187242,24.8055941543353,24.7006989512168,24.4676912999089,23.8154341111774,25.149221932806,28.1715887112426,24.7924374960194,23.5059953946275,23.8910185430781,25.7371341003307,24.7264293738273,25.9722340505559,23.2199918238889,21.4986583011808
"051100",24.9717078416158,23.0656550818442,25.5760461621941,24.6187979593035,26.5835366823988,24.5337155435411,24.645338526705,26.0203418946692,25.5768101945046,25.6133216253239,24.8262598848508,23.7109670401051,24.2340421945782,23.8916464453221,24.792393683919,27.8363932344516,24.2075595220126,23.2543629746364,23.8910646577148,26.2102068318954,24.5630388017914,25.160207062377,22.9144892510281,20.6004885154696
"060100",24.7113261287719,23.2413928052569,24.5244472078694,24.0990160956374,25.247988977891,24.3376104637329,23.4856990742643,22.4290165026052,23.0918871789058,24.1979865355251,23.2737247895461,23.4202627504824,23.036189082858,23.6547575377459,23.2553201175746,25.8278991872699,23.6999705835453,23.5710942743377,22.9803223215996,24.3207218161422,22.0490224104991,23.4294241513921,21.7751788633737,21.6382987185384
"060200",26.6337172804495,24.9202396960655,25.9568377830728,25.5163521239171,26.2531283614675,25.6663529959863,25.2277048911463,24.0723157093688,24.8264311436404,25.8792979799108,24.7577691408881,25.0273771337361,25.0830680015075,25.0223613502078,25.6670304582937,27.8978726189475,25.2971236496704,25.3274121995531,25.3544153309191,26.3042368798318,24.0512817446909,25.380720409954,24.0606652893486,23.5127337142129
"060300",24.374413376894,22.3235484882909,24.2736016258405,23.4617735597344,24.5887901463961,24.2451060969801,24.3642263223575,22.3422648938042,23.0867035044057,24.4457174245796,22.376652686624,23.944373739134,23.2869515803698,23.5089242656409,24.0496506799954,25.8147745419519,23.6305794711707,24.1287469900936,22.7966593882654,23.7793720508002,22.552199396571,23.7595706241801,22.7179892237507,22.2775929209675
"060400",24.2191893035774,23.6200504445295,24.8916494296093,24.7260417256392,25.5204788604055,24.6936527609519,24.7465845304402,23.0582735291803,23.6813377422644,24.5807651478623,23.6646283585982,23.7468070314376,23.7608880785284,24.1693529612203,23.983722047433,25.3488533281204,23.5774344182918,24.0452306737197,23.1850669586359,24.415287795596,22.4490535395964,23.6872343642459,22.5604023813204,22.734497854967
"060500",31.5402957763136,31.7722226536608,33.0259240458471,33.0029341892273,33.2331643334426,31.374361343131,31.629528307217,30.1105922289457,31.3935574484826,31.5413312937532,32.5027456964265,31.1111417299311,31.9290260857017,32.9600948548408,32.0474840663042,32.905960963155,30.0000396151636,32.2111086013707,31.3315562954875,33.2789823556045,31.2038309395689,31.7372467053768,28.6067959232062,29.9004191760668
"060600",24.5559330611594,24.92353709965,25.4216605226464,25.8608583937193,26.0350184936367,26.709847866469,25.4874337670104,24.1066472112295,25.090069415204,26.4707843362072,25.2097878012713,24.4280303204684,25.8406721419373,24.247220092214,24.8496907224874,26.5783521633797,25.3340077501411,24.5403833579888,23.6052565319507,25.7891292183601,22.8297763829018,24.5842270885948,24.0876792955429,24.4730598103406
"060700",22.5975576995967,20.6013210514153,22.4510919092435,21.822330166013,23.2016876279947,22.9468474864199,22.7317393516492,20.9553493537436,21.0578090139621,22.6171842959123,20.9411314163369,22.3015856262145,21.1041846609539,21.9425208095777,21.4256096582037,24.0548192476624,21.3315615188563,21.7046948074835,20.6967430196963,21.7386646077259,20.1991212048025,21.547356374255,20.3628995022841,20.0522838173609
"060800",26.2124384659841,25.0844551575586,26.0329927594097,26.4696684452022,26.1358204331441,27.0258627590686,25.8395354341917,24.6078290379047,26.2617407910862,27.1025934190581,25.3639492797443,25.0745235674316,26.1186424664698,25.4174023567783,25.4520734468882,27.4602706783157,25.6257160500803,25.0358257249368,24.6404275953407,26.3644328250049,24.402572010369,25.4711127727112,25.3058583381587,25.5109293227037
"060900",23.5914867961182,23.4882381588864,23.5464058373359,23.5936192737708,23.3220081300203,25.4524035016878,23.4026487909843,22.0480394413415,23.4892010349313,24.8387453206473,22.9387790383842,22.5384151124307,23.3232170908476,23.4057262113443,23.1237654350502,25.3027821360487,23.0377669635222,22.4720070432557,22.186765396614,23.288277499172,22.1367739474637,23.582228563312,23.2950764926281,23.2217796092854
"061000",26.1655092194135,23.8835907878115,25.4589367045861,24.9180428209685,25.4589257312363,24.9183186979429,24.9459672032368,23.5440516010605,24.156361558078,25.2315995064606,23.8486697498547,24.6672770590282,24.4928146013793,24.6109000750735,25.4459622777879,27.3349382978184,25.0730022334038,24.8872841500383,24.5698458919533,25.485826855862,23.8881723611094,25.2013389993449,23.5546083163137,23.1519609234816
"061100",26.3507123011535,25.7529966536197,26.9820873432317,27.1113380200643,28.0432724305352,26.5591471536912,26.7135603566718,24.7239421431491,25.5617761220591,26.2061228443387,26.9305555352054,25.9094130853947,25.919303979049,27.0244507421299,26.5544818043432,27.554593072299,24.9667735580366,26.4650779541314,25.7287457597261,27.0619744642903,25.0322780616905,25.673754768193,23.8611779600104,24.4078747544077
"061200",26.1780869611586,25.63292779763,26.5224532858866,26.1480575196168,27.1989946385528,26.0832741011251,25.2919321471196,24.1370705043335,24.7762678720995,25.6972990776298,25.4838513416333,24.9431174266598,24.6223690757002,25.8122058880008,25.3258202641889,27.1027250865111,24.8968463606359,25.4952260576428,24.9228654958029,26.3477587999316,23.95158670603,24.6430739429737,23.1138369735089,23.4354091142737
"061300",26.1856077505862,26.4816158308682,27.1807542203281,26.4549273342095,27.7955929351568,26.7677738611828,26.8887473372685,24.643364860853,25.9658780610406,26.6228043474359,26.0978762280924,25.5479727832734,26.1732483998776,26.3467644100492,25.9011843707874,27.4736900083335,25.4845008829314,26.3131118810305,25.4905858435969,26.6060957319099,24.125975025473,25.0923712961312,24.1213649589158,24.4186510058504
"080100",24.2911184432079,21.6793093201899,25.082239896994,22.2102767172054,24.4778715494388,23.5743534197544,23.3743907041245,24.7437634867341,25.1452494766407,24.9922173481688,23.1538235412051,23.9615815005267,23.2669912529567,22.4859782035553,23.0710112175061,24.3059698988474,22.5773304277192,22.0332979327775,23.4442676778664,24.9982167369695,22.7573443603252,24.4385861289073,22.4450853470549,20.4054451809519
"080200",23.5850680970832,20.8681334348751,24.1346990180372,21.2946732133112,23.9117063331324,22.7514477128933,23.0743440381355,23.7277961236646,24.0825962238496,24.8547467216066,22.8345578757138,23.1637821483381,22.6721933768673,22.3167270665428,22.9005605074469,24.3794948029182,22.6751256763435,21.0174097628894,23.0236648148974,23.9345585664229,22.3382237698926,23.4303572461876,21.4585523093203,19.3590834656427
"080300",21.1870980228595,18.7200040514793,21.9124197221309,19.6672210517308,21.8633577455821,21.262616578124,20.8959745183142,21.7103469060686,21.8197116555995,21.8294458650088,20.5981743435053,20.5122755767144,20.6541065851753,20.532878208923,20.7935832846338,21.8289513680804,20.3894208405268,19.5994245040808,21.163733627737,21.9750076565507,20.0702019146005,21.6900885940603,19.5951495352449,18.2064995207034
"080400",18.7556531781959,17.8057934426245,19.3094752818777,17.8935513880062,20.3038408352519,19.2813512900804,19.1883089096014,19.1394401738428,19.471369337691,20.1719065433068,18.6233185587847,19.4634461146793,18.9417871385955,18.7146898144223,18.9096669140324,20.0225520334582,18.5763529817271,18.639738574055,19.542774328754,20.0728002424998,19.3017114654339,19.4389985006087,19.0898178488937,18.0338055513625
"080500",25.1153263253496,21.5978995052149,25.103951063568,22.2803591694723,24.3353835250366,23.8646806440878,23.8803223161548,26.338397681992,25.3313464793885,26.2385666075749,24.499831596429,24.6130802451186,24.6819242067797,23.5687738653733,23.8275224885937,25.5094269836974,24.3024682808022,22.3751221142347,23.8744614685645,24.2862599410868,24.2287621371416,25.7638865459898,23.3531515525728,20.9791752436288
"080600",20.7832830605038,17.9314207842579,22.1814452292452,19.1877180566866,22.4429366475578,21.302895339197,21.3727285188932,23.0416622834169,22.6318892365584,23.4355935939877,21.0291912535949,21.5708936636392,21.2182982896689,20.87612465253,21.2986867315338,22.3980986563795,21.4657460344537,19.5391992072632,22.2660069711793,22.2600881649106,21.8138266979407,23.3634863842146,20.3362115232027,18.8900235331375
"080700",24.9319750413997,22.1675207700635,25.6089325379356,22.6339061684605,25.445014525444,24.2491255279579,24.5469112290349,25.8079164876616,25.1644720325609,26.0134048694922,24.8040713546191,24.7245961561693,25.1085545032076,24.001103415683,24.7718105277584,26.1658322028011,23.9978431562164,23.2024799023252,23.9240305410908,25.0521393841999,24.5335552112399,26.2096274412106,23.5030898408592,20.8796381595903
"080800",26.5055823346828,23.2776812628447,25.8305218482353,24.6691829455762,26.520259710885,25.2693379863996,25.0660451771825,28.2443830684982,26.7170502519857,27.4594610498375,26.0315978484408,25.3071514279051,26.079180442571,25.3736669721286,25.6402171106403,27.456162205119,25.5119875613725,24.3233030764814,24.7918534346656,25.5952761117466,25.134516827778,26.9552195009199,24.8117987210773,21.9999483307159
"080900",20.7055168401493,20.1877711292468,20.4589746592105,20.2411781838779,20.5144618906231,20.4325930434263,20.5463372188536,20.4390145129343,20.5892382841904,21.2194591637074,20.6504469697483,20.6789143850279,20.5461712404415,21.1135731680844,20.9777367637705,21.2167068053513,20.8225291350409,20.7984863786041,21.0636351716539,21.5968776720003,20.8857342602804,20.5395490039533,20.7708434830347,20.3642545233695
"081000",24.4426155385023,21.5030327880671,24.9426103963006,22.1395376580278,24.3190695570161,23.7277125997196,23.5690912949572,24.6228845592407,24.8979325926687,25.1271491644649,23.9081662950763,24.008239666972,23.7941096232432,23.4275568192446,23.5205337765862,24.8006905782204,23.3922154664982,21.7806694050727,23.5314248843162,24.5072431963747,23.0880274666399,24.2898161837568,22.3183709765967,20.20785754756
"081100",19.2754948462018,19.1179739990328,20.0857022123955,19.2541581919982,20.6977707724123,20.1756267161217,20.2831708841823,19.6746988727648,20.3535006625923,20.9407240644066,19.7243839955833,20.4299579108501,20.0120316565847,19.9531099640701,19.7729745528088,21.1973295227986,19.7337755584124,19.3937581803283,20.419295256383,20.750894169416,20.3718078958151,20.0859758243769,20.1060046620721,19.4714034432597
"081200",19.2978961683496,18.4577130691708,20.1082719383035,18.8848656090278,20.6801524543125,19.8617882390954,20.2970997974908,20.2025716692212,20.4734925215148,21.5208923003721,19.6863574647739,20.6242072825985,19.6681543650644,19.8640430334027,20.299125892592,21.333137798344,19.7760123949612,19.1005189859022,20.7596485586469,21.3077323405727,20.3973747696533,20.647730129907,20.0460551728768,18.955291705672
"081300",18.9130370297938,17.1429505333431,19.7260276447935,17.7673137506487,20.352733679639,19.2444883048044,19.1140803356145,19.8205926575114,20.1504955316554,20.0348339823286,18.3499422988458,19.0825850232112,18.6084314664509,18.7314404919956,19.202120989113,20.2602987767359,18.8982665763746,18.0327617317811,19.5937143480475,20.1981703845614,19.1520686039871,20.0755385047107,18.7137051517039,17.6501916299075
"090100",21.6527625032827,19.8535725963273,22.9540242782781,21.7310981155652,24.808779849576,23.1716944323066,22.7497953846708,24.2531218937603,22.9155733776313,24.4055648746844,22.4356534253605,21.9727613595773,21.4697754003251,20.5617030846204,22.553731078567,24.8654242313706,21.829147262025,20.9529607127989,22.3374178050923,24.1572486802216,21.7502633979119,24.8470564314815,21.6837320350099,19.9022701669416
"090200",25.3174399438348,24.1725308807953,26.3217222510563,25.3815002435578,27.9987675652404,26.0083323097648,26.2786064947148,27.0944225268459,26.4733836726199,27.938734551637,25.5959927936577,24.9636046515636,24.8009958813223,24.257808108744,25.7646109159406,27.6784377426933,25.0567845660272,23.9205553058449,24.7723846680531,27.0578213814241,25.0624380243487,26.0641707136632,24.7755243220804,22.3430174517064
"090300",23.3889495001297,21.3046012875496,24.4562089585701,23.8132096140544,26.4292330578172,24.9438359667365,23.9968604796984,25.7977407660195,24.6993529732893,26.3034560807661,24.3690785882329,23.6276261019508,23.190658178485,22.4919102829318,24.2070863291613,26.5188829423813,23.5361856372388,22.2099640688556,23.9670278740122,25.9450062351058,23.6295717589704,26.1202820688412,23.8230938122967,21.5827982056067
"090400",24.6951903653738,23.5343469128573,25.388448984695,24.6770947078111,26.5852625064701,24.6337310164033,24.5799673988916,25.2919370524822,24.8580541535997,26.1252520396072,25.1196510822044,24.1157409090972,25.3220717555217,24.5639021675273,25.3777799936994,27.662763799243,24.3397797161054,24.6079868770461,24.9639678698114,25.7110917987221,24.0865957536702,25.6958277152317,22.9624070702359,21.5000444074185
"090500",22.8294724204951,21.7542480188049,24.4718529507223,22.1700034183659,25.6838968721771,23.5475557992231,24.0473130260659,24.1285722257478,23.1910071214107,25.468929096049,22.4684626727493,22.5436062309605,21.8738028080382,22.320358253998,22.9918354825653,24.4111660509171,22.4444180836734,21.3194937955675,22.9958653584258,24.587661582651,22.6595541026646,23.4859886419013,22.281896605064,20.0605415090142
"090600",26.0341047346685,25.7207758273857,27.2021266343555,26.7824178199309,27.7619220503524,25.7286498404479,26.1817274472652,26.5947619575915,26.0601301588042,27.7546214567473,26.3062143884228,25.6324792354386,26.7769406626656,26.5503191924683,27.0132355798805,29.1627220170901,25.8404796560165,26.2165495120349,26.0670206169441,26.5199064705719,25.713087170429,26.6367765732655,24.225998118846,22.6255602442846
"090700",21.1166960107869,20.0163806030868,22.6871445820677,20.5855909094426,23.7652100478346,21.9139750397345,22.2465929123296,22.1662962405173,21.440436646205,23.3017714646324,20.8339645166253,21.154354211818,20.6285344217437,20.7637480085024,21.6812456603833,22.9961541160778,21.0322425600447,20.3186337760934,21.9467511425603,22.5984012942361,21.260387903255,21.7149874487942,20.7047837418449,19.0377649984465
"100100",21.0851668648996,19.4116945475804,20.9352341115332,19.7889886514263,21.616296182134,21.0157884667394,21.2202473969504,20.8137921608542,20.2838761481317,22.1063604191651,20.1944563167121,21.0682233601381,20.6739263599419,20.9104383963488,21.5051132714897,22.5988540374317,20.9741520234255,20.4720001238712,21.2775152529229,21.5803577436834,21.071115949671,21.2359203533459,20.6616396512709,20.2136660488739
"100200",22.7194530897666,20.5793241365231,23.0491636540663,20.6927201358236,23.7440855625158,22.7039119963267,22.8216722173063,22.8463838529962,22.2788482077584,23.9437406619848,21.8262319261866,22.2974783429523,22.3232880954694,21.9695541216014,22.9779008457357,24.9198964987304,22.6265006770165,21.7307121572024,22.7033715427205,23.0926286478492,22.2665604264801,23.1548505636531,21.5764901867216,20.6488188216378
"100300",19.941318039966,17.9034339801954,20.1505355908122,18.783871525108,21.3717281044279,20.333047739171,20.7097144439772,20.4572487277189,18.4570282677142,21.9466998425408,19.4645621817796,20.3561264194987,19.4535436315557,19.6365835390403,20.9923275321338,21.902960414996,20.1812596044515,19.7444651999075,20.46714880833,20.8835685621591,19.6979355538927,20.8473890163657,19.3530511136431,18.5645290217595
"100400",18.3535924496386,17.3280000393562,18.5438761532444,17.8849118911667,19.0977585134627,18.2193665947767,18.8339050093484,18.2648750221925,17.9959026521105,19.1819952904387,18.097978298303,18.8292096490515,18.6689166293007,18.4301772452605,18.8415008724516,20.1141452508546,18.6758662967422,18.4543819109138,19.0965860223875,19.3194189887652,18.6661800683775,19.2755853408602,18.6227429408717,18.177867602084
"100500",18.5245704234728,17.2349772170726,18.4408405879707,17.8395818796133,19.1690720631952,18.6285552563039,19.2249796753476,18.3639215542727,17.5442246053413,19.6465640555332,18.0547047506669,19.0845279114371,18.3465982616517,18.2840190335846,19.0767239191618,19.9007531708569,18.8755462516125,18.5134425884654,19.1759853998522,19.3412449571911,18.6303088153498,19.0172094723595,18.6099610233665,18.0896503379901
"100600",22.9184468760398,22.4578077937473,22.5869500929924,22.0057713635182,22.529172437226,22.1375479610925,22.6177934067741,21.7515062439315,22.5249037088637,23.0348540584519,22.4159649788574,23.0082026277779,22.9907888434805,22.7922244105875,23.2086770010125,22.8407568288843,22.6110372876606,22.920548524217,22.6857128882819,23.2946708053169,22.9867412607355,22.4827977943103,22.6877098373806,22.87130569181
"100700",19.2578716780998,18.6869821150735,19.248580828312,18.5776864727667,19.5665328758332,19.1479514692378,19.4975384170648,18.8835287316767,18.9559348625809,20.0107049167314,19.2863389572246,19.875214143435,19.7185093990012,19.6886001684389,19.6987903011841,20.5150544661713,19.3201808804394,19.833840867383,19.8850657890087,20.3242307218401,19.6746699169213,19.789033475264,19.6898472397613,19.5407409084946
"100800",18.9109421173897,17.4640750006755,18.4306648223621,17.6683321895989,19.6286384311937,18.8600536149795,19.2836260818844,18.6854908799567,18.3084371763259,20.1969832705092,18.3256202717822,19.2871767222582,19.0154272422666,19.4190924030337,19.4341091888787,20.2116111757462,18.750056492166,18.7021004232279,19.5541754850219,20.2328555544905,19.2374363625497,19.1807934711336,19.2759910032357,18.7273243594992
"100900",26.3114617716234,25.9348587796857,26.0486150016356,25.5211512148697,25.5412268341979,25.7618246217744,25.5626401812541,26.1837395925278,26.3670178246166,26.2945227508781,26.1454017239495,26.5554487780233,26.4381073587727,26.9388769449856,27.2561425679225,26.7776496822013,26.5951668128432,26.7419221953069,26.6982268241832,26.9486521894305,26.8565762697165,26.3218789610721,26.7602618263225,26.0811634375292
"101000",18.7939839110379,17.4815933163053,19.901839926211,18.5416707066702,21.8244336868333,19.956095926889,20.6623473226168,20.570406611422,18.9515519124725,22.1550016380125,19.9142625343311,19.918273392978,18.758743479875,18.688131582893,20.0480715140514,22.1814931477397,20.0355549703975,18.6004059216427,20.5358518091901,20.7392001223855,19.0724230865235,21.0732338254991,18.9161695223285,18.5307702092772
"101100",20.9817731751047,18.5013515283375,21.6004252529561,19.8735461923985,22.6505487145656,21.3412385954193,21.38975634445,21.3184731215559,19.9200083339612,22.8299247924641,20.0790363701798,21.0829683315994,20.5177075484818,20.5015558991953,21.9757208533298,23.0606632591215,21.2738031183501,20.5530980400959,21.4757047526328,21.5883210049765,20.3268131581942,21.8976882020118,19.2144167461036,18.9981095545029
"110100",42.2787934196525,41.2833778081425,41.2636773428592,40.7276045671606,40.265017219219,41.0003932224207,40.5560031018279,40.5904549160835,40.8013954410831,40.5935834983635,40.7921292940927,41.0940593673856,41.2169926192582,41.1288685525276,41.4325901710247,42.1450474872398,40.5273094151996,41.4008924689488,40.7958812952415,40.8672509466567,40.8482463082354,39.5910664464524,39.8570656254796,37.7138619854479
"110200",35.0577935054818,34.6676320974003,34.9355320664391,34.4432011333272,34.5531178463176,33.9416864548732,34.0639630494915,33.6533078337692,34.0091720714622,34.6524927733713,34.4194512667971,33.9514813941252,34.807775339574,34.7779828489117,34.2266399993796,35.6974042855377,33.1808627332658,34.6907170066798,34.4212096187637,34.4792977982378,34.0828918141748,33.2038481178583,32.3279333111451,31.0911373720549
"110300",42.0047383492436,40.5589633782454,40.8002789717336,40.250881906709,40.1427938704011,40.6551043131904,40.1684398030516,40.4494962867731,40.5099754630044,40.480544956464,40.7352165054481,40.9051127418595,40.7287686995819,40.8977669748897,40.9518728623214,41.656313971235,40.4450453587371,41.1011579711264,40.7494461116058,40.7882180558556,40.5976341012359,39.2277409860288,39.2940142546755,37.5591477335936
"110400",38.1836373116979,37.9369758076286,38.1766292512039,37.7662026273348,37.7778451948381,36.9971262049615,37.4791851916365,36.6187846073197,37.0779399608218,38.0874008979344,37.0765201239503,37.0379310832569,37.8403208405001,38.1514074723471,38.0802369101209,39.1920345338183,35.9675144664283,37.7902651863429,37.8193721692435,37.4382040028418,37.4070522629295,36.4813222227509,35.1997115537216,34.4946160772808
"110500",38.8266619353458,38.2486845112418,38.1675942824211,37.8433009705432,37.5678765828568,37.829016572915,37.5268577875572,37.6485804345224,37.7567914526692,37.6639675514388,37.7946876392922,37.7953717178539,38.1436482125157,38.4737090657967,38.441893973312,39.0548952627695,37.6086943106719,38.6205944365897,38.0976583578008,37.8671511671011,37.5884132911702,36.4222295975507,37.1186766415067,35.2591863488712
"120100",20.001376840361,18.5894201141317,21.0687408115941,19.8456135881175,22.6773847656429,21.2274781221873,21.2630070303858,21.9283890261453,21.0592819128772,22.4471550454689,20.3052926909191,20.0708310030137,20.0451458199792,19.5042476653188,20.7350950117598,22.2458126377718,20.1987414010725,19.5938655869609,21.1444069577142,22.0336851840243,20.2810790383076,21.4696698078441,19.7137053040042,18.4506705955538
"120200",19.0818518877469,17.0569832221352,19.3622014047254,18.7073425067949,21.8627935279065,20.1245823720773,20.4595148380877,20.5906607647389,19.8446192812174,21.6463693863245,18.8588615592886,19.4533772959552,19.0099207158846,18.9083795539285,19.5580873831641,21.1801988861248,19.3189305184097,18.474889433711,20.2825180150415,20.8200062236265,19.4207760990776,20.0996258822095,19.1062447138491,18.0012383275486
"120300",21.8814745055932,20.5937781200086,21.2350901500839,20.6008147116413,21.1284127972753,20.949205647534,21.4175429902969,20.8265363796833,21.1467695594299,21.9636024858444,21.0976033040783,21.4608576523814,21.3955185532943,21.588219040651,21.6865741090508,21.6603958799099,21.341494733328,21.246654753304,21.5193352848356,22.3213820761247,21.7453949319355,21.0729895392575,21.0894557104595,21.1390673093981
"120400",20.0263011607414,18.8477078271858,21.4289745560155,19.8125344435459,22.3089306410199,20.9894856447208,21.1664520196497,21.6650165480826,20.8832358807595,22.4504755584458,20.2993597502992,20.2624064093496,20.6301961630954,19.9302518088901,21.1304815046731,22.7015003164832,20.4750285661431,19.7865064773839,21.5392705990407,21.7855324685744,20.7089383334376,21.7415226635123,19.6395680120198,18.6760373748983
"120500",19.6583237784327,18.1085648239278,20.351465400226,19.8934195480689,21.6293709156815,20.5133267873336,20.6366844030291,21.1597132466624,20.2539196662195,22.2178385806939,19.8523808839418,20.0474382987821,19.6127706703063,19.6379830686858,20.7881190508415,21.9877924019478,20.2419412190767,19.3633126148128,21.1492106282517,20.9487140425388,19.8525570324516,21.0349074121168,19.648365419317,18.7340904582687
"120600",21.4058590420852,20.6038238031452,21.1118583358901,20.7338418226864,21.1248105337648,20.9280779024619,21.0539725082787,20.8178574073837,21.1705127980016,21.9106042795908,21.0847614497556,21.318086066991,21.4505939047367,21.7622042072345,21.8809132667183,21.8480397316041,21.454770626174,21.4841306830756,21.6518313417207,22.3872684774575,21.705677298329,21.203880810058,21.4258699676405,21.2411331018283
"120700",21.4765524738882,19.4408648756209,22.5325039276721,21.411250851963,23.5080499542054,21.9386438796588,22.1241900877754,22.4729094011765,21.7742341268137,23.8857886278638,20.9286769994413,21.4854309371932,21.4445908360938,21.3763324682805,22.3833169750092,23.9697193482019,21.9234077509203,20.7084030221035,22.6012762841445,22.7836027426521,21.8132020898562,22.5049731064796,20.9021910993199,20.1723940545438
"120800",20.3930204939511,19.1037462767696,21.7434512668823,20.6655794758716,23.0587267308337,21.3089041893747,21.8338024221251,23.1796291933456,21.633577200201,22.9968293126996,20.7153476832628,20.8397860910463,20.6278008971341,19.750681253809,21.5493391681179,23.7248973478665,20.6334241222321,19.3301245608237,21.8754337061526,21.7928196369868,20.7366311978086,23.0501356065552,20.3776316966529,18.9225999090362
"120900",21.6951827185322,20.7587182728072,23.6115122096951,22.7693821833333,25.5898851796092,24.5320878629439,23.8258936622948,25.8670251576404,24.2299135664358,25.634466873589,23.928475498388,22.7258265245015,22.862115857006,21.4021320694468,23.1366762408592,25.5885804169938,22.4185363945522,22.2014750198487,23.9348184687573,24.5872068235246,22.8285760412297,25.2609756436769,22.536268978906,20.4381520621728
"130100",35.672882788362,34.3195535351139,34.4954482184277,34.8752699420587,34.7005326304861,34.6418710850153,34.5767143289888,34.3347705587261,34.8485628831256,34.4653403913533,35.3451507049507,35.3801053963917,34.9058763227719,35.1594747235431,35.256694690092,35.2954819664813,33.1642846998319,34.6347802786134,34.1651357903711,34.7218845416976,34.9046070315787,33.5376079692651,32.4093780280629,32.3685186797033
"130200",36.1041016177988,34.778660888575,34.7896217458873,36.1756405990149,35.4109427508113,35.4224342802596,34.9349954557757,34.7685100385833,34.9056246975549,34.3150590858422,35.4752771546312,35.6734976922928,35.0281138238192,35.4262979670444,35.787960669179,35.8943200090049,34.1405563339583,35.0920330110427,34.729930741672,35.0698669921666,35.0995144495873,33.42515805614,33.4205732352439,32.7790950185335
"130300",22.7649591992522,21.0670485431916,23.34352647816,22.5586399286346,23.1215889332929,22.7141269156608,23.6078739689356,21.6444555790534,22.1742811773004,22.9830239702959,21.7245944259322,22.1283323528023,22.6271976718141,22.4619424166832,22.4070558564629,24.9591051735891,22.9485332183244,23.2674317701818,22.3079901564241,23.3865757628318,22.445287477106,23.1992554238214,21.9911456458405,21.479937941446
"130400",37.4065613716068,36.3386013439729,36.3120963485225,37.3113357478009,36.9535405229465,37.367044362618,35.9903911750192,36.9657482601994,37.5674947946875,35.6163481345367,36.916796570398,36.8976248980592,35.9667489928769,37.2787523003727,37.291640227489,37.4622104619331,34.9409814659302,36.0599048719188,35.599660761827,36.620075674493,36.5038945305689,34.6623629699686,34.4335679388042,33.2964404174424
"130500",27.144623538427,27.1705597254557,29.1281745491947,28.8047388727999,29.6685154566096,27.9376053159316,27.3787991813669,26.82179216489,27.3409787266792,28.7634661774385,28.4173207895982,27.6481963432007,28.1213346565627,28.3246321752766,27.5624044779417,29.9179821828739,27.1136648021107,28.1216072220493,28.0095436542594,29.5711188233703,26.6765038741355,27.9152769251423,25.014151984402,25.4560763782368
"130600",26.7165709028863,26.3712503110376,27.7880563943237,27.2756801214205,28.5248044572152,27.0754867151837,26.1643593383313,24.9747606956691,26.256883333508,26.4610601122943,26.859504085014,25.9513520685917,26.6676134682479,26.7059213051291,26.3683969060496,28.2070580290191,25.7011200596569,26.6545677196518,26.0217491180797,27.8404028133941,24.956143009571,25.952936774808,23.9615165784699,24.2305312193563
"130700",38.5227012387693,37.0915663974151,36.7012682041387,37.3518353010446,36.6425950877544,37.5945031358405,36.6566711909581,38.1929666331199,38.3549773975868,36.2739941701631,37.5600922259449,37.8358301033289,36.6939240221431,37.7692628509534,38.3199351114834,38.0102411759893,37.1645930260123,37.6834505438024,37.1184278597811,37.3158218052875,37.691204502731,35.3265809810129,36.362447792109,34.871392672847
"130800",20.2151280986183,19.1490626663277,20.9592040396567,20.3151382533798,21.2948869723091,20.8372053123069,21.1090152908197,19.9868901731525,19.7301213408513,21.0487168599491,19.7366751648045,20.5535870976099,20.4600940482871,20.3327365426703,20.5311483057677,22.5630055480053,20.3455639349077,20.7471611540284,20.5651072720801,21.1370990116609,20.3767768955248,20.7867071764247,20.2951296303244,19.4580166513848
"130900",25.5660680145617,23.8383291982482,24.532343656666,24.1122734873637,25.1764101161429,24.720973918086,24.6007541765634,22.8065916498796,23.6001539647965,24.5524015710802,23.6978692065112,24.0656629863766,23.6583906666714,23.8156651626257,24.4925315631275,26.5056131909757,24.168340135037,24.0127828443598,24.1813081631905,24.7653610310159,22.7012729718272,24.124228112962,22.6149762930031,21.9997545856956
"131000",25.5244438633524,25.1489136752851,26.6872958518162,26.3279928714805,27.708709594131,26.3920232848891,26.1531443820961,24.7688356267942,25.0360663381893,26.4007484888268,26.1247521748501,25.6302114277913,25.8842194622062,26.011067381667,25.751552918334,28.384510588703,25.4714586211352,26.1069430589829,25.9802979481891,27.0032207585687,24.4532320639594,26.2785118701894,23.7896714589963,23.5254017363611
"131100",29.70735854995,29.7387117525704,30.9274712292478,30.5599421244247,31.0728910834977,29.5172502307172,29.0753690514297,28.2881014150826,29.4728149766836,29.7017912717403,29.7780497172765,29.3151831009431,29.8379552710867,30.1630768713674,29.5723467167492,30.8896873096253,28.8142476368014,29.8389327433942,29.4026599642931,30.9151829479072,28.7469131520231,29.5271303311539,27.1413818922915,27.6431848913538
"131200",36.7513167070107,35.3606523456932,35.5530651575507,35.740213883857,35.7146482600721,35.9726932686259,35.5272550567978,35.5357330426726,35.740190328,35.4264236697939,36.1686579324181,36.574416585789,35.9860811473154,36.0514676599331,36.4160417264025,36.3253021526309,34.3813924666023,35.556807479269,35.2347961290471,35.6910427099282,35.8418905336238,34.1825669128034,33.6494532217383,32.9535047756475
"140100",35.901081134841,34.4939969668811,35.2860950919035,36.7338305741989,36.1187308091601,36.3158205292986,35.7938366475083,35.4173240817542,36.0916571655267,34.4963674073443,36.3534113478262,35.2492387268608,35.3654950689871,36.6758051846613,36.7813573001667,36.1779058220101,33.6047498322023,35.4061208071737,34.816801013967,36.0552534461585,35.5772516649297,34.5625235311693,33.4003739970701,32.6475556077193
"140200",28.9000722070445,27.9914844362524,28.8927901226181,30.683471411839,30.2139573414957,30.0591467795541,29.5648945065103,28.8549699417799,29.1348357500747,29.0232909004671,29.7525643049109,28.3528079131184,29.0899350028088,29.8366413410781,29.6189391761689,30.4247901776141,28.2447348149476,28.2751834721231,28.0746452414712,29.5731645733433,28.2852809794652,28.3398376277304,27.0673871683349,26.3402261846399
"140300",38.6793155983624,36.2445510237767,37.7634124997579,39.3590044128603,38.0437362811746,38.7904641568435,38.5904792532479,37.7886815010045,38.5315724235125,37.4929608805207,39.8618624839791,37.4064835958354,39.0917100559471,39.9622725263368,39.502842995464,38.8467748121187,34.5649240928886,37.1061819136557,36.6691519251757,38.4089279927938,38.6254036297286,37.1323853018698,34.4244376003155,34.5948978453303
"150200",38.0199401248756,35.7702855187834,35.7276947259506,36.1737626552686,36.0232486056018,36.4483744304677,35.8254043732703,36.4654541614969,36.2135216039112,35.6959893823628,36.5618158259357,36.8706054100384,36.3820225066059,36.7103975875786,37.04735028647,36.9843425611765,36.9472049623827,37.0706313839271,37.0163887402742,36.6085693607447,36.8261350534213,34.9446362462337,35.3190869187429,34.3764195642509
"150300",23.8130748116229,23.4045475921776,24.487482616615,23.3822398002497,25.7459098184201,23.6371523290785,23.7371111639583,24.0101166719119,23.6351212826111,24.419610825059,24.0015873906463,22.793423784355,24.2065050439927,23.9649309212843,24.4164830516519,26.3597132515127,23.4053340271126,23.972334103602,24.1347167065642,25.1645378267214,22.7453369152329,24.1128090526534,21.8366183373392,21.2304752021147
"150400",28.6693344487836,27.8974012836242,29.4459989147779,28.5199713156123,29.7802933172308,28.3600924332222,28.2295734631583,27.7237680556204,27.7260156061666,28.9809922904294,28.3417091908534,27.7216109362731,28.8530094998562,28.4271198094352,28.5631773189163,30.1575155672744,27.2316531180996,28.1849858915403,28.3203617793888,29.1612786343573,27.6637389390029,28.2472229513684,25.2303611711742,25.2975136328795
"150500",37.4826294694644,36.5368092996999,36.2605796456908,36.1065281568717,35.981173948621,36.1876196721409,35.9453631401946,36.0947768640348,36.1251124419706,35.9917935704772,36.4010442571648,36.5239500558436,36.8952776918005,36.8014532512953,36.4530544797658,37.154209342349,35.8612289685185,36.7662137121545,36.5794825496871,36.6634316867264,36.4893670199807,35.3331396792832,35.1716476385506,33.7497269443961
"150600",30.8527424922994,29.3289991155765,30.5949948386621,30.0370977678597,30.7300482339082,29.9084799437335,29.89418852135,29.8312993664662,29.6889501501644,30.2517505104422,30.1995655102792,29.6637158311925,30.3317098004476,30.2288723773945,30.3171432895606,31.5907186300004,29.4837837942664,30.064100998853,30.2215299000364,30.6184850457658,29.5581913990258,29.4407412168113,27.5464160924941,27.349694150354
"150700",27.0404510724408,26.6281407369216,27.8085869757302,26.7514627412798,28.2936406375596,26.5567351167023,26.8332519537603,26.6431366686469,26.5228895662081,27.5834216060178,26.749407595526,26.1134149536571,27.5882937934367,27.1444789555005,27.1950780501133,28.9909482386977,25.7417544677784,26.6190290179868,27.014511099418,27.7351275546413,26.0513603644613,26.8632966205445,23.9197431685243,23.4552709352214
"150800",33.9282425762972,32.4082928022944,33.0393916565595,32.5305128499667,33.1378288974522,32.7076824027948,32.606767902565,32.6418909598329,32.551134336961,32.8159793737357,33.0794653458973,32.7342005150721,33.1563936322486,33.2167971627558,33.3052300692688,34.0394335959435,32.2406805591646,33.0666125202979,33.1908935361636,33.3543042386666,32.4375344090753,31.9293788620447,30.6018040889987,30.2862301039124
"150900",22.9155725079985,21.6858796238032,23.619599513683,22.3687673079744,24.5465212664487,22.564401216352,22.7899358056588,23.3199278140378,22.6105160256349,23.5342874853415,22.6481060067803,21.7143563383497,23.1033902160217,22.8278212445963,23.2493538844716,25.3799469918715,22.5353991880478,22.7528473278996,22.9907873288692,23.8479055891034,21.7574026790628,23.3470148608031,20.8254258160155,20.3724158592745
"151000",24.1487952226011,23.3146999859935,25.0325274062122,24.1884462970173,25.858648354654,23.8844025482331,24.2708447921225,24.8230341218473,24.3119735048306,25.3270346365673,24.2829999196484,23.4715056247037,24.8547912775852,24.2355162941732,24.8872128498074,26.9029150554526,23.6529202248568,23.9281996407569,24.4315525086869,25.4197421684355,23.3827692592761,24.9290666152717,22.1623247230532,21.2685114567057
"160100",28.0276379673311,27.9497389083328,27.5989023034667,27.731261994057,28.0266321931636,27.5168608465766,28.074782378503,28.0674866836729,28.1927153529663,28.5712285154122,27.8207079903416,28.252985857261,28.1484105421992,28.4670824423216,28.8465993623106,28.7739153039968,28.0796365710314,28.1651812211716,28.5297208841513,28.70730246276,28.476897585347,28.1342832082266,28.460561072117,28.0395769311112
"160200",27.6043202757596,28.0401280661653,27.3346369180239,27.2283668313723,27.4411475990591,27.3181304776535,27.6574875376215,27.3477797281548,28.0188234266275,27.9656290392673,27.5240127420911,27.9750923484316,27.8806451814493,28.395920295716,28.7086257608366,28.6223919465216,27.8204130268012,28.0822450473204,28.0125706318213,28.3172138683108,28.3248833714697,27.9317063355132,28.0734004261192,27.4682391034694
"160300",27.762910289533,28.2236917493278,27.6338302455208,27.6829109732922,27.8788511958254,27.4659779986556,28.0129519043394,27.4389957486511,28.2224247841382,28.4428094776731,27.8851891852047,28.0423996840727,28.4183589298149,28.5082567843035,29.0033502595024,28.8850285535367,28.2156859263225,28.3218311486493,28.4706899857216,28.792290490061,28.3881689177715,28.2011431988686,28.1951706334289,27.9581311697605
"160400",27.355526816997,27.7096827215628,27.562319863222,27.0592586988975,27.7865102939368,27.257269331324,27.837639815384,28.1308125901063,27.9112440139516,27.7567993442517,27.68535556219,28.2835969614739,27.6050060279922,27.9979671063772,28.4988431790723,27.9651917263559,27.8727325576326,27.9960535240165,28.0820038799009,28.7812308029853,28.2777590657195,27.9941902911,28.0470999139717,27.7435096555672
"160500",27.7251387703555,27.5376840702056,27.0961784171049,26.7970219586764,27.4172558093093,27.202898390659,27.502041816464,27.2512681157778,27.6912234063212,27.6352844424476,27.8275574333272,27.7127498823376,27.6648553204473,27.7725526202342,28.1780205147662,27.9429106754053,27.7303540656472,27.790621966483,28.0373951336791,28.2869371132207,27.6759838870671,27.8393487240255,28.0951567142869,27.5509070101583
"160600",27.12998955019,27.1951543527489,26.6338582676662,26.2898752472057,26.7135032617348,26.637323618673,26.6753873023941,26.6526770438981,26.7719606175467,26.9318781929737,26.6596785413006,27.0977886063039,27.0979008797322,27.2328645868307,27.8950420535608,27.4657883114014,26.9144522744092,26.8913703201152,27.0313067498014,27.1000623836551,27.1648519260077,26.8154587584507,27.4425314147417,26.8278585800347
"160700",27.2614046476987,27.4742491804312,27.3514506450648,26.8745886918532,27.153762288234,26.8526245720907,27.4721658421938,27.1703866645096,27.7741472056115,27.7797331949034,27.2900355432404,27.5357128191301,28.0507727539234,28.2077239173979,28.1667520528028,28.1631280693225,27.3925488000617,27.7408472059718,27.8320666972568,27.9473195901578,28.0284141376178,27.5824048816895,27.7646427128422,27.4447627376904
"160800",27.7074328597934,28.0852778423633,27.7455264445933,28.0413457189031,27.9958373278843,27.5507810248338,28.0035080935723,28.2134857339039,27.9652705992566,28.5997968482026,27.7475037263568,28.458240014624,28.074568444878,28.3690145882494,28.5847418298526,28.6921677911582,28.119919428818,28.411380686411,28.4165673381185,28.7679020176088,28.5126475806975,28.2442671331763,28.2559986326087,28.0751255280769
"170100",26.3929369449312,26.2117432192545,26.0024269961868,25.9375799741616,25.4523698321416,25.740271455115,25.5942815392343,26.0991891264445,25.9917501178411,26.188465265061,26.3422575665952,26.3584271083328,26.6290388679557,26.7129820315818,27.3835617156874,26.6133689156329,26.6188807596541,25.797388911152,26.6887787280274,27.1615022371008,26.6911003677719,26.0818810674844,27.0771510487967,26.3630755788041
"170200",25.1086435399577,24.7179571134346,24.7011606842679,24.7144452620679,24.1630302571333,24.4366269443498,24.6253363316175,24.7597645647247,24.7879630604187,25.1108208133167,24.9131490711306,24.650579696983,25.0601118540643,25.49080719971,25.9008698170211,25.0000447368243,25.1050766430124,24.8945747750584,25.3999693881468,25.8794806979089,25.4425285634711,24.6390201966594,25.6713190999367,25.0678829867188
"170300",26.4770514439158,26.1707265333176,26.0177083132482,25.829723572846,25.8912042222117,25.7622336675076,26.0089927468978,26.1265364798441,26.4426054917869,26.4683479630698,26.5210647079088,26.4612918342054,26.6887518412714,26.739304867987,27.6183517744641,26.6223607850706,26.4059952722454,26.0490277334692,26.7626384246973,27.112065058194,26.8298770835101,26.1183529578905,27.2516412487729,26.639103456154
"180100",33.8547487442685,33.1841348955287,34.3397879143995,33.8369566615116,33.888893897597,33.1679648513426,33.6637412427616,34.0775830439789,34.1136762155933,34.4718930289462,33.528455125887,33.0563360326831,34.1084289561724,34.7283476413001,34.1997418114083,35.6943629082244,33.5508127595765,34.1438724951615,34.2562957803353,33.5433168249583,33.5403563118692,32.7201388262228,31.9855078661901,30.5506704677878
"180200",29.1988190798012,28.6527230323629,30.1463069949466,29.8745203761203,30.1841284142178,28.3311054462366,29.4870039035859,30.5797417296221,30.1960665213669,30.5433274528686,29.418043604047,28.2314428349883,29.6073354487645,30.9856637961382,29.6979549744604,32.0410313675397,29.0185554835655,29.5881923956846,29.7269818878875,28.8978823565639,28.8600587826244,28.3909541296524,27.5966738171511,25.8868987697923
"190100",19.283628342826,17.2476478894644,20.1906753540375,18.6459396111955,21.6216253102544,20.4173670269753,20.3718995690368,20.5748578604704,19.3478057660068,22.0323083594951,19.6085244757984,19.8638469144009,19.2284971466549,19.1530265404204,20.5556470204889,21.9596249174742,20.1024919099088,18.9848151580352,20.920742817274,20.7011401252815,19.4749833917609,21.0482221056278,19.6720677664827,18.6930578125117
"190200",20.9076031676907,18.8414122096466,21.9210729768497,19.9184558587082,23.5318818744548,21.8906821023117,21.9977642938579,22.0448040437977,21.0414076968602,23.4740613232457,21.3893015847976,21.2684564267113,20.45370160831,20.3053062958696,21.9789249538063,23.6838330952912,21.4058124688713,19.832893621568,22.3111221683627,21.7701869902854,20.7032862006327,22.6203667237748,20.8091757689884,19.851388660132
"190300",23.3835874699895,22.8017115430545,23.1127159436276,22.85205305243,22.6671371675275,22.7107690274933,22.985602267871,22.8791887237496,22.9988193070163,23.5355961437161,23.2798467843022,23.3630581179861,23.3197546657484,23.5679185149241,23.9227214142206,23.539800195696,23.3676771780031,23.4853555548486,23.4131517265695,24.1617589922816,23.5155607168069,23.2154869500976,22.9817002651851,23.1392654637991
"200100",38.3983536261674,36.0126593298235,38.3287660341093,39.9166089755279,39.0539865033183,39.3949542389209,39.8354102149819,38.3082828887909,38.7793648016906,37.4072712296201,41.0521455039276,37.7503977716472,39.8179648337821,41.6464466138745,41.0125230013207,39.1861974297605,36.4197478668932,38.9621729477757,38.4252186557893,39.6126784065541,40.4905825826995,38.8333898754766,35.4316342401052,34.5052618725165
"200200",28.1132460388358,27.4475145114851,29.3052348472487,29.4276016273369,29.2845138687343,28.1472213414982,28.0908090960071,27.2239824318657,27.8126521143964,27.8190365855693,27.8291914135061,27.5009269705773,28.8524448543555,29.3014028449409,29.0027889826105,28.7806164068885,27.654721868884,28.9111431414623,27.9031413052908,28.7712619854164,27.7929975085032,28.1315734288893,27.2286969060848,26.7813539834818
"200300",25.1563214446923,24.3418244576818,26.7864049872288,26.6646625133501,26.1205072915819,25.9336715028911,25.5044888631352,24.4862866516154,25.158941638134,25.77402337555,24.6005370353596,24.0588107438745,25.4534074998938,25.6558825118649,25.1873838126356,26.3191453221522,25.1711935651738,24.7800171850448,24.1782632119964,25.5837495827886,23.8446400816701,25.229186934375,23.6298809400579,23.6835735153957
"200400",31.811716023603,30.0392283542163,33.521959389656,34.2424451192905,33.3537973216295,31.9380879974387,34.2227647285671,31.040488704555,31.4422320233464,31.347062677224,33.792716157192,29.7129359387265,33.4174305010478,35.197655712033,33.1379583187649,32.5225737649428,29.6870533240751,31.861551152022,30.6208915247604,33.2974990621795,32.7245470129174,33.1136540046325,30.1363260668772,28.9292343168948
"200500",40.1357481408079,38.8427379035011,39.3548113651157,39.7065263218407,38.7735478227132,40.2981793915539,39.3985811095955,40.5986815609306,39.9973678886622,37.7826884665865,39.930465798558,40.1790958499923,39.0568136361639,39.387137901836,40.3321133641521,39.3760683130361,37.4173388145339,39.1825346537767,39.4000282186629,39.0133889428498,39.9789579087014,37.4820791682427,36.6096813167683,35.5722065605277
"200600",35.508512451112,34.7385503392966,37.7317398893985,38.2608129827593,37.4099666662469,36.1360508288003,37.7302631974385,35.4669889199784,35.9572312068053,35.5892310899108,38.6952931508912,35.5427402447041,37.5517399503858,39.3839513959563,38.09779168623,36.6026844273588,34.0311507599079,37.700549895046,36.8902997019937,38.3612233646943,37.0444332148703,36.9314175039886,33.8748658305448,33.4319538127736
"200700",38.0403395363903,37.0047818011775,39.17137015699,39.3715837224337,39.4365001210821,39.5301858948116,39.691493493901,38.5367659494014,39.4168895042383,38.7885892548358,40.5360292056109,39.7585323668473,39.9564741190697,40.5315037475206,40.8545482698005,39.6182338924888,36.5984761386815,39.09776246211,39.7034768458679,40.3918009398634,39.7250300302396,39.1105611829258,35.3738603746638,35.8924027158973
"200800",42.7174458612163,40.0152206668184,41.3545716708666,42.2787888990725,41.0576094302435,41.9242808282075,41.8246300936043,42.3386048849287,41.8306025277262,40.4124638036058,42.3909100144799,42.1795331480004,41.9286665374447,42.6245435317864,43.0954310262807,41.42613861835,39.1466259276463,41.5775234393567,41.1999931534164,41.6340341769674,42.6981217056348,39.9965830761874,39.0368764456822,38.3580936486783
"210100",26.4659319761795,24.1242560586492,26.2122226109622,26.1991922648358,27.1754128736105,25.1082623853869,25.4299671210401,28.1530793564282,26.7330527167266,27.6523992045764,26.763895579031,25.4072489184589,26.3963544246699,26.3840928532532,26.3734400644908,29.4247459578672,26.5014788803645,25.7585734127976,25.4979186678937,26.3047362155487,25.3189723193001,26.246864864653,25.5376757587703,22.7496692543651
"210200",25.7066234157472,23.2439899953626,25.1027369387189,24.6479304635895,26.1009003339269,25.3563522529485,24.6192148775292,27.5242307299737,26.7175283968199,27.2704690666567,25.8337494393794,25.556709823329,25.3697958978884,24.9792448588537,25.4441258973247,26.8189550844735,25.6012353169172,24.199170514478,24.6787283149392,26.4827165997327,25.2318735057806,26.1747445693622,26.726829591344,22.6273159028903
"210300",20.786934265691,19.8700963173214,21.1562917734243,20.8548995647828,22.2349742981428,21.2775432901068,21.6669855105597,21.5817801175337,22.0788964299661,22.9234360872552,21.6851237345873,22.0894517132768,20.836588512811,21.0990673920837,21.7906029060415,22.7480328544596,21.8252259339802,20.3785785531378,22.137245775191,22.783853721481,22.0489345701781,22.4444696385524,21.9913226119145,20.9945304381853
"210400",27.3222698324436,24.7354567976594,26.8834046513438,26.1942554645236,27.4849266747288,25.4565093668625,26.144962980134,28.2388325600257,26.9882861884811,27.8279469162679,26.9208964624282,25.7288620252571,26.2897657529383,26.7881223068148,26.765280861802,29.6976528236695,26.7979124390173,25.5317728903459,25.3579684959354,26.7059519635632,25.7783230325478,25.9063997235065,26.3902765630092,23.2701850505234
"210500",26.7898336647039,24.6458942199739,26.5138277235485,25.9208745034309,27.1862892468436,25.1455784476757,26.0319785021618,28.0556607520107,26.6793991088279,27.65582348829,26.9079986466097,25.3893712164259,26.3704923692256,27.1189066419269,26.3061573250201,29.8080947409268,27.2686061243077,25.9740024126097,26.0203760911351,26.4990439179614,25.5040305150095,25.825668718805,25.1236707580019,22.7271645214263
"210600",24.0903291713015,22.0074422730567,23.8912859692192,24.343100145845,25.4652273249907,24.8515652053668,23.9450063301277,27.1395724727945,27.0429432844673,26.9827662885398,25.5061421530522,24.8030370541272,24.9045214467601,24.0221083501367,24.3644249028211,26.923525079869,25.4580656779417,23.8985550698191,24.3651311863696,26.4434761616724,25.1412909835415,25.642722769024,25.9141327479265,22.5376676074631
"210700",25.2168404131001,21.7009249671395,24.9743148931018,24.5000962725118,25.4585814265272,24.0239995549644,23.4396767033725,27.290843784479,25.5326722915964,26.4079357871477,25.1717872631874,24.1155455336631,25.2118947550227,24.1071997764817,25.0003427468982,27.5942594189305,25.0423638861155,24.1134460917644,24.0265658907639,24.8851849774795,23.6865966369689,25.7910914315861,24.6714171830521,21.6453296540161
"210800",24.6075417117397,21.0104501379016,24.1481595942305,23.1871524193073,24.6761081961472,23.9339524356017,23.3485398309836,26.4619449616347,25.2627008576661,25.8177691403412,24.2862960905439,24.0490129508287,23.7591608322431,23.3364990577185,24.2538954984864,25.6106927485388,24.5325313865124,23.0453060442965,23.9769243841187,24.6527098173095,24.1473794472316,25.6445588994525,24.446623280677,21.7311012521829
"210900",23.0559650454459,20.205092176965,22.252405121022,23.0145336742718,23.8431639081395,23.3113816262118,21.9758459941011,25.2765851872828,25.2545444178927,24.963481048231,23.8173915256558,22.9402269591262,23.1182152725579,21.9480191103946,22.4891937005414,25.0055041927466,23.0113382348096,22.3263664234522,22.3214305437906,24.5504158266907,22.8968731985686,23.9387168872747,24.6887520629016,20.9685831913885
"211000",21.1848989807915,19.6463640680878,21.9847003864965,21.4806812452974,23.6998936467951,22.832957090605,22.2605927705129,24.1552529697378,23.9333734734036,24.4723609445211,22.6636102646843,23.050383020583,22.2285657450664,21.4052400554818,21.145299332194,23.7811504218529,22.7028336201252,20.7253356884602,22.5802830716344,23.7662119273039,22.7061219602385,24.0873010602097,23.5430870739953,20.4394583762456
"211100",27.8613867293291,25.8104095078851,27.3540939720066,27.6963432126209,28.2012811973986,26.968782453623,26.8089872643002,29.42939034212,28.2454371049891,29.1634649118694,28.0928147248086,26.2469873995387,27.6625797644432,27.9380457183585,27.9350665001774,30.5342159340203,27.5168973051897,27.1063743883264,26.789942026383,27.4113868876123,26.2278761915336,27.2639084822017,26.7379448938373,23.8136999401758
"211200",22.2016415338305,21.6439119290806,22.1864905680549,22.252213675456,22.2677116201543,21.837531494159,22.2965531579398,21.8507867949306,22.2888813710729,22.9069546599748,22.4340829867606,22.5140868591682,22.5182756559161,22.6095894675524,23.0723215320621,23.0093722321111,22.6979887147116,21.4543428355304,22.8004597690571,23.5414792680876,22.4351669558606,22.3159343744197,22.8193965501368,22.2254425027467
"211300",20.8400724177105,18.9567610929299,20.8761066936137,20.1528793604188,20.8073743325539,19.9750388225783,19.9411241128969,21.8480145519282,21.3671761723894,22.030487924793,20.97562087621,20.3823980050051,20.2417202856479,20.4727736202418,20.7375600993539,22.6018594534357,20.4159386271438,19.5680779665861,19.9592576557649,21.8303927099513,20.8479152488469,21.0171766003018,21.0602028559123,18.9662831880022
"220100",24.0535342331884,23.8439326772957,24.1109231086312,23.7101824449137,24.1600887257945,23.8247558856316,24.4381897607434,24.0882448073895,24.9053829026363,25.1468404465955,24.2718702887604,24.79219060627,25.182052813118,24.836865190568,25.5085359496609,25.6903590377687,24.7551253814755,25.1102916749182,24.535521542932,25.0473801627169,24.9765160425384,24.7678740099854,25.2179231290237,24.2351396570398
"220200",25.179426879108,25.2384836470391,24.6496558299887,24.7253834191841,25.2041996268017,24.6431632610883,24.8347610454971,24.4175309929571,25.4677463071814,25.6824789733058,24.747434327768,25.5012345274021,25.5272086457474,25.1254421121638,26.0349575286894,26.0538195171387,25.05361990833,25.3626349747811,24.7935868372157,25.655185865988,25.1554926797958,25.1674367025879,25.4497297358786,25.2656545013216
"220300",25.6227661717812,25.765174681688,25.6903528284142,25.8114219429149,26.364660122397,25.8069505276792,26.6523462300554,26.0902916383464,26.808562772438,27.2989908580132,25.8989500428368,26.9670421175121,26.8568213558959,26.22080721453,27.8733378468195,27.5397919640427,26.2142707970118,26.7665845437023,25.5576737386212,26.964166108752,26.5690212022873,26.3208570967447,26.8780603798334,26.6286026329819
"220400",24.189736036782,24.0771381847608,23.7761441434355,23.819163127472,24.2501936871645,23.9148931625309,24.32659566739,24.0459803233242,25.309648597152,24.9266994697555,23.9060301199755,24.8933980195459,24.7101035990951,24.5285205127755,25.5305817853853,25.2922423735412,24.2705725727056,24.6339216468968,23.9284644304011,24.9618213834651,24.6558482390347,24.2625149388085,24.8824334461243,24.4456379829935
"220500",26.2334158293139,26.6296404546547,26.4307219093594,25.8945736970533,26.2864005325597,26.536655834515,26.630699340419,26.5160218684838,26.6488309097598,27.2694810819972,26.2233346917229,26.8497476752255,26.6634000476294,26.8027708618574,27.4991621653271,27.2758294774637,26.6452636584343,27.1375139512655,26.5137585191457,26.8898018039517,26.9573954389739,26.5481807835044,27.0065507119139,26.3362574568782
"220600",20.3931329519686,19.8842527385872,20.4171992414634,20.1615609457604,20.5937054110051,20.2063814131205,20.6263225908808,20.1766258491682,21.0519090635973,21.0340516140118,20.1345136678664,20.6586922488107,20.7445730597335,20.5498796673065,20.9377192416028,21.4011087498026,20.3594354785058,20.9926939199066,20.4410420554376,21.0262475975244,20.9211265446313,20.6134981387363,20.8361304902144,20.3721607533417
"220700",27.1663971154892,28.3783400777984,26.7658900719043,27.8508205259989,27.5771494797622,27.7712087995087,27.8030604470252,27.0556948328829,27.7608539723055,28.6021161568219,27.2696124727073,27.9012119610269,28.0403867454818,27.1946843637342,28.8804717973809,28.6983157407575,27.7424008071714,28.0690305216289,26.8775694851476,28.0161848424504,27.4642710346277,27.5834037590263,28.257519825628,28.3695989712108
"220800",21.9226093997997,22.0126269442148,21.8824838643591,21.7389431762873,22.1764271723694,21.8673059996948,22.2790784507191,21.9395755215121,23.0244773389356,23.2047104839515,22.1463720911898,22.8583405264374,22.8944028121559,22.7741496365467,23.1682483378766,23.7220174680913,22.4454655803789,22.8080885866137,22.5596507710023,22.7964097018107,22.6917715343785,22.6530811480473,22.91546472594,22.2576723815012
"220900",26.6746174863945,27.3516413106315,26.6816862601052,26.5644609414583,26.7432429573785,26.7318679040158,26.9387255770554,26.509927216712,26.905610981512,27.2938142651855,26.5965700771954,27.192944840851,27.1731429181667,27.4763883855834,27.9744594842604,27.8663852358034,27.1646934071477,27.4268881923041,27.1896914096075,27.359773289121,27.5623653243519,26.9277542948522,27.4466427941213,26.9883324402366
"221000",22.1674753784999,21.7583689711258,21.8973487399191,21.1241172888612,22.0441960111813,21.5118877480241,21.8694084292031,21.3589761678235,22.1747034549087,22.420416305276,21.7362938613227,22.3799527001131,22.2733067342225,22.2056185776113,22.5135526529237,22.7293248009461,22.1269219490706,22.4406588213332,22.1580302588931,22.5754246029764,22.2913244620986,22.0267666492038,22.1940792933778,21.8880486120292
"230100",37.8876293699132,36.8945900554018,37.5193948596288,37.3520723922073,36.8403407910681,36.7483595181945,37.0243202988724,36.9991269830306,37.4637059579095,37.4870765270481,37.1045646397573,36.9006348265846,37.5213480012159,37.8121926603777,37.4028423810024,38.2588954808072,37.2393545226399,37.8850320352957,37.4651060775017,37.1336494599047,37.0115332782461,36.1590379181438,36.1374437633176,34.3666144553696
"230200",26.4418322230853,25.8163162247552,27.8747909449857,27.3439886515281,27.4377823685916,26.2396737773697,27.3641252091356,28.1525021206227,27.6120266366416,28.689672312871,27.125589852537,25.6409592706362,26.9191533165975,28.8929072777661,27.0946220299282,30.0984565882488,27.2192420444069,26.9702356920193,27.8371640523787,26.6726777730751,26.4511499862705,26.4013957520476,25.54121384389,24.1002622030065
"230300",39.0786392101328,38.3071808385308,38.689169789119,38.4438694743824,37.8599017263326,38.1529333137169,37.6811325892251,37.8521017046837,38.3868720842777,38.3254025396595,38.0953142815618,38.1923627395333,38.6233666634861,38.5385785280482,38.3230666457052,39.1034009231457,37.8445138739612,39.0954061788513,38.6762667032193,38.1502708990274,38.2712028850286,37.222911002405,36.8669734196473,35.4756695574331
"230400",28.3210253088994,28.0257483568991,29.4347157396438,29.0579603336453,28.7156055210789,27.7883055996655,28.966207125817,29.1324554362687,28.995681602493,29.9572413754661,28.2606109532944,27.1779432565497,28.5058813321219,30.107944185411,28.8856578655982,31.2035101196785,28.4358294019582,28.6027204833825,29.0433516588777,28.3773331886668,28.1978044567762,27.1968493300861,27.1345899090222,25.1920060354115
"240100",30.018600699464,28.7041565153431,32.1335010811359,32.3073774586636,32.4698623975003,30.4892243189949,31.7940349655101,29.1240543544984,30.9348350758768,28.9631196249556,31.846379626402,29.3099149244882,31.7501058315859,33.3122496938195,30.0884805726485,30.5878100905381,28.4945922717905,31.903395057155,29.7799796111259,31.9954502936554,31.5421351812215,32.02165295713,29.6095938712131,29.2881891969097
"240200",35.3545545736158,33.4795942972612,37.8578501319635,38.4401424464946,38.3893120801676,35.878309251194,38.0557171479742,35.0072626531796,36.4300131805386,36.4956778344077,38.8648890951763,35.0471985960377,38.4880843612099,40.6133336500741,37.6048621410877,36.6756410014585,33.1826019767198,38.045413050042,36.506714292952,39.2001066824097,38.82131579459,38.9507430066756,33.6115789177972,34.5603239894913
"240300",29.4794546025791,28.1970382950435,32.8620255807857,31.7828398410163,31.6154526817996,29.9496566954261,30.85643062357,29.3682685869505,31.1693434191021,28.4512297923042,31.9259338790088,29.2232098762551,30.8111589321866,31.5824752648642,29.9254425466848,31.0399539730401,28.2269626278913,32.5056161101996,29.9649037862294,30.7283734291163,30.8752231202033,30.9083063311904,29.4120048939356,28.7341481009385
"250100",27.624844039256,27.5315063364546,26.9990501070797,26.3686192740335,26.9778740030294,27.0769943643993,26.9488281905868,27.2186207468168,27.4187686377337,27.3692021649886,27.1377597290701,27.37362248314,27.5732016086542,27.6501160377147,28.0760670445957,27.6313287031512,27.4874279256116,27.3138655662866,27.8120159853279,27.8568869730405,27.6263786278262,27.3026032514734,28.0006657132823,27.1014956067051
"250200",26.3926431432053,26.0458814728318,25.8601393522468,25.4788033581519,25.5728867539217,25.6978648920285,25.594657650322,26.0441676901925,26.279944898049,26.3254513174971,26.2542182407622,25.9300118933471,26.3001092724688,26.5657209235657,26.9461576662705,26.3285154640623,26.1771414913998,26.3177468575128,26.4167290619487,26.7343108126561,26.1699660501297,26.0239340900596,26.663496894088,25.7084125925695
"250300",26.7540640966526,26.4206537896411,26.1506665732987,25.6000246790215,26.0396306010943,25.9455007943225,25.8564720729814,26.2164376449543,26.5872439631619,26.3777677752049,26.2679734036449,26.6966097178192,26.5538529446933,27.0221016230242,27.3974643581833,26.9141721415784,26.5877651802602,26.706708338167,26.6965695115138,27.0341058352092,27.0836500444806,26.3497364424411,27.1209419790685,26.256854770214
"250400",26.4040626712314,26.1202957146867,25.9918084964675,25.8563938209286,25.7993784746692,25.7489889495738,25.9887483939567,26.4105854251535,26.7484856860111,26.8561212399779,26.3892363426913,26.1409730007627,26.5468323653978,26.5876774406147,27.4300079152625,26.6678122019866,26.4446828895697,26.1910101065401,26.5356738256731,27.0195133706949,26.4201687778473,26.1409448313284,26.9878159341704,25.9951142304205
