"ubigeo","precipitation_mean_2001","precipitation_mean_2002","precipitation_mean_2003","precipitation_mean_2004","precipitation_mean_2005","precipitation_mean_2006","precipitation_mean_2007","precipitation_mean_2008","precipitation_mean_2009","precipitation_mean_2010","precipitation_mean_2011","precipitation_mean_2012","precipitation_mean_2013","precipitation_mean_2014","precipitation_mean_2015","precipitation_mean_2016","precipitation_mean_2017","precipitation_mean_2018","precipitation_mean_2019","precipitation_mean_2020","precipitation_mean_2021","precipitation_mean_2022","precipitation_mean_2023","precipitation_mean_2024"
102,29.8317518183794,33.4893925076439,30.592687198094,31.4217956230123,32.3204463070663,31.038921219962,33.3789338359126,34.5297198421741,34.1253749504291,30.0555497880966,30.5089242319581,31.4982372616965,27.1781475026771,31.1682278012472,23.3308005459094,27.912037183368,40.8691351249735,30.9078626128101,31.7030462234739,31.4713977026561,30.1622539096408,33.4009596506755,39.1063048953102,26.8813959757487
103,17.5777331124181,20.06763064343,18.583627420923,19.18529489766,18.5859369195026,19.2792436454607,19.4663340112437,21.3345662303593,20.7987508981124,19.2696173813032,19.1688538012297,20.4449146312216,17.2898598961208,19.3350275599438,17.1397655735845,17.7635723611583,30.3516013311303,22.1229371506235,18.7245474172675,20.7546643588854,19.1504498668339,23.9766342225282,25.1473792635876,16.6411196563555
101,14.0765660062749,14.2400311307704,12.6711033963143,12.9634403979525,13.7507817288663,14.9550284730627,14.3236985308059,14.4524746042617,15.7524138308586,14.3755171451163,14.1123511030319,13.5498837613045,12.5792782966127,12.6590735049958,12.3625997989736,11.8122124164662,18.0190156672863,15.8157658374056,13.100495490622,13.8079614233463,14.2281237561652,15.5230918133512,16.2139907187604,10.619627389502
104,45.2473196099081,49.2584478619607,43.5468898422797,43.0673464538733,45.4703112689833,41.8826855505773,44.3924331235307,45.7481874932036,46.4164121055934,40.2127400634607,38.3765211551607,42.0751473147493,36.9914934697143,41.3547917701549,33.6955242289208,36.7091773246355,51.7617312981723,41.0414713722374,47.1928647072724,45.6321397943348,39.4952148093714,42.4667978600778,48.4197550662882,36.0736608620946
105,11.2185225576725,12.1470441728268,10.798905453592,11.4352742501025,12.2071351645128,13.0462663668507,12.3505874579807,12.9704815126815,13.649884970683,11.9655087668941,11.8743264810094,11.4739953796819,10.3651362949947,10.825560839671,10.4039512535311,9.95895553085039,16.2808339010994,13.3908551683966,11.1265942465584,11.6842979665072,12.1154895908428,13.1499537072092,15.8982698062681,9.13629272748839
106,15.7087439032162,15.3876240449793,14.9435547323788,14.6493945963242,15.3135195115033,15.9160089717192,16.3819871902466,16.1628661884981,16.2227374132942,16.4081821553847,16.0309688904706,16.1277199240292,14.7934447232415,14.9639539045446,14.4928325989667,14.3200800503001,21.1413340624641,18.0877525217393,15.1426630693323,15.8869660882389,16.3682670256671,18.5317788516774,17.3324154012343,12.4095712325152
107,11.6885063156249,13.599623763372,13.4656859201098,14.0361978061615,14.2828184460837,14.3558117321559,15.1065483320327,15.749576931908,15.8982539025564,14.2724885940552,14.253022322579,15.0159483712817,12.5937653042021,14.5106332945445,12.3392474689181,13.4461719497802,22.1790169912671,16.2934429683383,14.1061349974738,14.8690110842387,14.6156535148621,17.5066637992859,20.5427117801848,12.4399027067517
202,7.49967125706051,6.57092216740484,5.42940899081852,4.7848366861758,4.38830590766409,7.5540103290392,6.03308878774228,7.73264408111572,9.64356736514879,5.78601281020952,6.94872838517894,7.03764844977337,6.72568155371625,7.1542097174603,6.01087558787802,5.42804738749629,8.07957520692245,8.88891287471937,7.3608164994613,6.30816429075987,7.4155549692071,7.31681045241978,8.30809195145317,6.30714609311975
203,13.4367042429307,13.5487436406753,10.8838609246647,10.7023659313426,10.2583672579597,14.9690039017621,12.3049217672909,12.6022652457742,15.2753558439367,12.5305035535027,13.6695344588336,11.8395872677074,12.4072832219741,11.503275310292,10.3149420794319,9.62430858612061,16.1545792747946,14.6229181289673,12.8463768678553,12.3116314270917,14.5073942296645,12.949792693643,15.7699663498822,11.4271282308242
204,15.87619972229,17.0993412137032,12.8708100318909,12.7261856794357,11.8458254933357,17.2576040625572,14.7315453886986,16.551816701889,19.355033159256,14.6530943512917,15.1443484425545,14.7630519270897,14.0168597102165,13.1307509541512,13.4291741251945,11.7107003331184,17.2403391003609,17.8914049863815,14.3587678074837,14.0811594128609,17.1445278525352,15.568979203701,19.6565780639648,13.2364983558655
205,11.3555257133409,10.1499139514624,8.42497721255994,8.13431823078324,7.67081052064896,10.5605616534457,8.64720519617492,8.66399713123546,10.5125229440483,8.34561657847143,9.8231595474131,10.1663432144651,9.62676795089946,9.57009049490386,8.12190929464265,7.74473263118781,11.4725982523432,12.0171878209301,9.5528602939026,9.21320682062822,9.00343092633229,9.73932589970383,9.96664776521571,8.28803902864456
206,11.9039527007512,12.6739908967699,9.70303497995649,9.15295439107078,8.68083957263402,12.70242193767,10.8016002007893,12.5280192238944,14.7417024203709,10.8082614626203,11.2629381588527,11.2665981565203,10.8553128923689,10.7988122190748,10.8215143339975,9.43434032372066,13.3292959758214,14.9325649397714,11.7549147605896,11.0414286681584,13.5035892214094,12.6294312136514,15.7071869373322,10.4646979740688
207,13.3344093669545,14.5556079691107,11.1192934296348,10.9686695879156,10.2582859126004,15.0182073766535,12.4159076864069,13.4726184931668,16.4643075249412,12.6391826976429,13.5603104071184,12.1449662988836,11.9403335831382,11.0404771458019,10.3632454005155,9.71429967880249,15.296086398038,14.7338294115933,12.5258564082059,12.2641238299283,14.5995795510032,13.0047235488892,16.1925292882052,11.4416583234614
208,1.16713203288413,1.10148274576342,0.971530689983755,0.839645981385901,0.866635568238593,1.2220508536777,1.03831245206498,1.30339897242752,1.62323573795525,1.18459859248754,1.49447644803975,1.24005290865898,1.65141298078202,1.59962326449317,1.5221995042788,1.4107508425777,1.74487885913333,1.85134709123019,1.63373824309658,1.52875450897861,1.81879415947038,1.85595343966742,2.03015378842483,1.52073952555656
209,10.1158611025129,8.95919148581368,7.347473689488,7.06631783757891,7.33678951263428,10.0377496446882,8.91789877755301,8.89497023991176,10.7778203964233,7.95820104054042,7.55086765289307,6.88397699083601,5.91157620293753,6.00712994847979,6.14022972924369,5.57406573295593,7.95969567298889,8.86950191770281,6.88233947753906,6.72331272533962,8.18752690723964,7.42564816474915,10.9733124732971,5.91680012430464
201,8.06352102900126,7.75952243804932,6.27104282091899,5.6613807915205,5.48009002998651,8.54047046081129,7.02908791691424,8.66154993154916,10.1973195535591,6.79989598027195,7.62004796999047,7.68002136500485,7.53133666371725,7.75481153970741,7.19213952644762,6.36197873914098,9.10994711554194,10.1228714592486,8.18123105347875,7.25318755011961,8.80338059275983,8.60639245538827,9.87027861698564,7.13501366649766
210,14.1777838635188,13.6658004124959,11.0073009614022,10.8830177553238,10.3314817695207,14.6407686356575,12.3211954588531,12.6531638483847,14.7537818416472,12.1641637022777,13.3932151691888,12.2688417434692,12.6119462597755,11.9562874558151,10.699832372768,10.0003158405263,15.7355884736584,15.0852061651086,12.4084278127199,12.184259035254,13.8888698085662,13.0051714886901,14.6138271311278,11.3319912982243
211,1.37868797779083,1.20389196951874,1.02593702904414,0.867589126108214,0.807740287622437,1.33112749503925,1.06751863530371,1.33650911436416,1.76230149762705,1.05275767319836,1.48977941926569,1.32554348860867,1.50500425556675,1.50799481291324,1.29623895324767,1.18825583928265,1.55113569623791,1.71662735613063,1.48079667217098,1.37524624797516,1.48686711932532,1.49410205264576,1.68994350335561,1.28513228311203
212,8.87781747933981,9.16420371145816,7.35366455928699,6.94836261304649,7.10562276356929,9.81278740070962,8.64051213135591,8.60884382918074,10.8625126754915,7.80884383820199,8.34184139161496,7.8204651265531,7.33593383350888,7.34836578046953,7.42817383521312,6.63515879656817,9.46169982407544,10.0312205263086,8.26927255617606,7.79991850337467,9.74023925291525,9.04162663060266,12.0404974576589,7.09321899349625
213,12.6035339935966,13.8216721907906,10.7057538654493,10.6268064250117,10.3177257206129,14.3626514103102,12.2424738925436,13.0130525257276,15.7959259696629,12.2898228686789,12.5382579720539,11.5514886275582,10.7903551848038,10.3994620779286,9.78899354520051,9.24161027825397,14.3092471827631,14.0229591286701,11.8208376842996,11.5337828760562,13.5879727239194,12.1932640490325,14.8598078852114,10.568435959194
214,3.952760297744,3.31532446771372,2.97691100151812,2.44869187376538,2.17644108270035,3.40773457435311,2.87038755465726,3.33587318463404,4.04901849930404,2.71925388301005,3.70353529101512,3.61415594816208,3.80209474485429,3.80675630002725,3.17311369688785,2.96794389115005,4.10626472508321,4.70676726689104,3.82886774911255,3.67375895234405,3.5830180644989,3.63107730032968,4.13632122708149,3.15645669376264
215,12.158524933146,10.1249959290917,8.34654230146266,8.77472025956681,8.65585222528942,11.8767184570654,10.7465525883347,11.0419287717164,13.1214755969261,9.64640516309596,8.84034250743353,8.04158366971941,7.01569546514483,6.99603314897907,7.32113711869539,6.5365362523207,9.55151172538302,10.4245926301871,8.42624457202741,7.91532735326397,9.96194423134647,8.62440567230111,13.1779346394895,6.89620002348032
216,14.1855947630746,14.4656620706831,11.3206800052098,11.3272993564606,11.3929598331451,15.5413347312382,13.2387044429779,13.9821187768664,16.7572330406734,12.8882205486298,12.7350569793156,12.0263178007943,10.7482329436711,10.7862647601536,10.2676547595433,9.56238978249686,14.5290635313307,14.2032204014914,12.3040003435952,11.7788065161024,13.7715169702257,12.5151703017099,15.6120703901563,10.5359803949084
217,9.99912478472735,9.00324133602349,7.53241223741222,7.06291556197244,6.25130091970031,9.75463406459705,8.40434235656584,8.56366369208774,10.4045210335706,7.32170704409883,8.79552098222681,9.17875039899671,8.76063733809703,9.03292106293343,7.48998620059039,6.92109914728113,10.1841268958272,11.461264346097,9.08457036598309,8.2691515426378,8.81155135502686,9.23917476228766,9.7114236934765,7.53234829451587
218,2.0414172000885,1.98536405611038,1.76454446697235,1.5495267624855,1.65649958610535,2.43352864313126,2.25100061607361,2.18784681129456,2.7433243803978,2.0161635017395,2.18789889240265,1.87604379367828,2.3182064666748,2.15103289318085,2.15372945642471,2.00206617164612,2.69917248249054,2.78520250034332,2.34708467388153,2.44925182199478,2.71285190153122,2.69111626005173,3.60642164611816,2.09386339092255
219,13.962067238828,12.8689048848254,10.1401273646253,10.7016916275024,10.5534185855947,14.3511891872325,12.2584276808069,13.4429485239881,15.6755876946957,12.1593891509036,11.168228514651,10.6315741843366,9.20503681264025,9.33795328343168,9.18509204336937,8.38695356693674,12.5918715659608,13.1082492179059,10.6026909807895,10.2956234140599,12.3462774398479,10.8657595654751,15.0063152719051,9.10376546737996
220,8.60491848275775,9.33621748288473,7.29519497496741,6.67227342015221,6.56074445020585,9.47651832444327,8.19769520702816,9.18559936682383,11.5313581057957,8.04161522501991,8.75258772146134,8.21586738881611,8.14939262753441,8.08166155360994,7.95207096281506,7.19369584605807,10.0274939423516,10.9351879017694,8.92848438876016,8.37398305961064,10.3231678633463,9.72940337657928,12.3039132526943,7.93910602160862
301,13.4968020093852,13.4143182162581,13.0885823841753,12.0623349896793,10.0163714145792,13.7310780656749,11.9291471366225,10.5999092233592,11.3760855444546,11.5603086537328,15.2998765994763,13.3510306539207,12.2113593857864,11.3322552237017,11.4988032702742,11.1475392703352,12.6432642279,12.1189372950587,12.9565034323725,10.5026042872462,13.3418971176805,10.3646775319658,12.0462202285898,11.8359736245254
302,12.0964495753514,11.5198914913731,11.5526494033464,10.4006027046961,9.61999377403551,12.8199696067635,12.5484251939613,10.1431603395302,11.0577472512049,11.5363336483031,16.0326320779233,14.1424726966683,13.4033783046344,12.4278009720431,12.8524146334816,11.0867521781048,12.8141063297068,12.2229647454415,13.9624863107696,10.3729437762544,13.8891054764959,10.923013148417,13.1187076423004,12.3759051242857
303,12.6009746551514,12.2172164372035,10.2870853969029,10.3360649971735,8.61442933309646,11.8639203117007,10.7785102117629,9.57507380076817,10.666890453157,9.28731398809524,13.062788491022,14.4823521023705,12.1179392315093,10.8504648208618,11.1649865831648,10.4755711146763,13.0237411044893,13.1229828425816,13.5021222341628,10.8805705570039,12.921179825919,9.81813017527262,12.4822017942156,11.9574041184925
304,12.2604407481293,11.143096952296,10.2820214904956,9.43626778517196,8.59973585783546,11.8967681642789,11.4066976860388,9.34762714158243,10.223233198052,9.36127379759034,13.6000503710846,14.7179069305534,11.8438686612827,11.4420060755602,11.4314909266002,10.3114372011441,13.0632824541917,11.3578422460983,13.5805067731373,10.6953532161997,13.0111170242082,10.1765312507971,12.7817371283005,11.948257987179
306,12.0683169937134,12.6002751922607,11.5140119552612,11.1044353675842,10.2357389450073,12.0134146308899,12.694686870575,10.4961733055115,11.7851936721802,12.4680533027649,17.0051044464111,14.257295665741,15.7278120040894,13.2747702789307,14.3680230903625,12.2835719299316,13.6479530143738,13.5200429534912,15.1152396011353,10.9142610168457,14.849310874939,11.9314130210876,13.5330775642395,13.9431547164917
305,14.9572236229392,14.7444846433752,13.0176900527057,13.1893082562615,10.1509961633121,14.4392924701466,12.13303937351,11.2846328286564,12.1631043826832,12.2088285894955,15.101442752165,15.6271153954899,13.4407240811516,11.7528471666224,12.0352736641379,11.7488123725442,14.3167270323809,13.9449328142054,14.6760910595165,11.4288622014663,14.3490036347333,10.3312374339384,12.9752300599042,13.0246020260979
307,14.5475249361636,14.0419771422201,12.8608444555482,12.841586653866,9.84103974299644,14.4739110007215,11.8620732720218,10.9243247046399,12.1560034253704,11.2354037299085,15.4482563787432,14.9260410621985,13.2018424503839,11.3761213074869,11.6736189144761,11.4353462048431,13.5764734211253,13.6157293319702,14.3630097517327,11.1637713588885,13.7220425534604,10.2844154016295,13.0873407107681,13.068773355057
401,5.82187697741763,4.95862495324236,3.04553137791502,3.91004173242011,3.51599007902421,4.98015703342352,4.45414922091739,4.9347611838215,4.21208927792368,4.12346447702389,6.87302233551859,8.11400660671222,8.03128384163909,5.5767540625054,7.75638147489051,5.13886753385857,7.85334274623172,7.79979125326469,7.24625760719324,7.89065400580501,6.27073668436989,5.51210069119739,5.63606128355315,6.63253955135775
402,3.11329839561994,3.22375474274158,2.56970464724761,3.06157434513936,2.69672109083487,2.92563234590567,3.47359299338781,4.14114778431562,2.89591573579953,2.37447539430398,3.91446373989949,4.89722599799816,6.53834277093411,5.28444838661414,6.1249144416589,4.66055678129196,5.28743381935817,5.76972387089179,6.30502702135306,6.2083002189031,5.36484912931919,4.46183783870477,5.01081628203392,5.57827783547915
403,3.59267892032577,3.32603875519129,2.30074472935719,2.63579873801276,2.03224014893673,2.89141027265759,2.77105546792586,3.77439674457009,3.12445969573048,2.01550362326882,3.56137780617013,4.62653559474854,6.15363518002501,5.43589766145323,6.19627694265124,3.8308854708047,5.70047206606306,5.52278910548778,7.01313002036804,5.63529444845955,5.28033267332321,3.67067067175391,5.69090234420516,5.62867506090819
404,6.23783966292322,5.96870366134475,4.15612293239188,4.67878504559002,4.20510370066736,5.1686342152874,5.41161243261489,5.0787184966349,4.49086664893986,4.20858555293716,6.79003474775669,9.53686054617958,8.1018184623887,6.71287170764619,7.75779429579203,6.26523416548704,8.29275887413363,8.05412149640311,8.50887806858637,7.91641376925781,8.03785076816525,5.96681737794285,6.94832540929845,7.35987535514663
405,7.38978610322339,7.49067474776953,5.17630553691923,5.64398406885794,5.3994117857076,6.85999621011087,6.36327434951513,5.85116997479342,5.39560049378399,5.91765290735052,7.98888034442448,9.66191617927887,8.23109027047514,6.56789038412371,7.48077293009485,6.09507694380924,7.82016960429725,8.44257556394333,7.59859344087508,7.59724957827429,7.64082272935019,6.35477612774803,6.72451459101118,7.24442199673422
406,5.45990549651059,5.23675799369812,3.78248446583748,4.22635447924787,3.77092530239712,4.49007190194997,4.93385535153476,4.84882905374874,4.2097404377027,3.67276853322983,5.98316778919914,8.83920699249614,8.16789671507749,6.73223801851273,7.79920641075481,6.34242172132839,8.19306143630635,7.73678026632829,8.58682808442549,7.84674608057195,8.02751799171621,5.72284176024524,7.22769642092965,7.70359502055428
407,4.23661393048317,3.61474888789945,2.37500864436956,2.97087496107187,2.77989718729888,3.53283000719257,3.32404948250065,3.818644952241,3.04903854877968,2.64282731772438,5.16097788137149,5.66309797763824,6.61451691461772,4.98080608176022,6.89782116422808,4.68551151200039,5.68669763740485,5.88643735477595,6.86147418448595,6.79446237067866,4.71507482363926,4.37809995761732,4.23482171936733,4.91487826346382
408,8.11884088218212,7.65965092033148,5.66042831093073,5.79409955739975,5.3261051826179,6.66499535888433,7.00406036823988,6.04247441738844,6.40285666286945,5.29580777660012,8.14293204694986,12.2305248618126,9.92480522692204,9.11090407371521,9.29623961448669,8.40582885742188,11.0359345167875,10.0684188336134,10.8350195169449,9.69008754491806,11.084423032403,7.82055644094944,9.75378517210484,9.6569386690855
502,11.1144416374073,11.1391467880784,10.7060096974958,9.43982887268066,8.75336166850308,10.7029328429908,10.0935742394966,8.99902124572218,11.0545166249861,9.95871294590465,15.0894726870353,13.2690217871415,14.2759475540697,12.8067811999405,12.0951263862744,10.8793980280558,12.2612029962372,11.4306786687751,13.3651624813414,9.27688250625343,13.4250478744507,10.5407293052004,11.9489795450579,13.2864192326864
501,10.8898629660558,10.8649920453929,10.2162978432395,9.17966627833819,8.2724876066651,9.87260911922262,9.73549975770893,8.16228018384991,10.1852661383272,9.64880462126298,13.9809468298247,11.8909145894677,12.8473091799803,11.343645847205,11.9131164454451,10.6256159098461,11.1539433026555,11.1107468556876,11.996554663687,8.77722490195072,12.1817807765922,10.0772184025158,10.785466993698,12.0912048744433
503,9.03758045934862,8.30041761808498,8.23871818152807,7.30552218549995,6.97178912419145,8.87947203010641,8.22296075923468,7.94681094282417,8.72913339061122,8.1961998990787,13.6211585793444,12.5435105395573,12.3987577397336,11.4109205840736,10.1176929371331,9.04381503853747,11.3775888771139,10.5751328211959,11.9531351315078,8.66846367107925,12.3501129355482,9.06226876986924,11.2289462243357,11.37646918143
504,18.8121011367211,17.7111571018512,16.5210469245911,17.2606127152076,14.4717927345863,18.116373693026,16.7419294210581,14.9818674674401,17.8551714603717,17.0511080741882,26.8423529845018,18.7520759362441,20.6676388080303,16.3279231878427,16.9607324013343,15.5560103636522,17.7442656590388,16.374829857166,18.4114205213693,14.6527907811678,19.6129387708811,15.279554777879,17.323012476701,19.0985303878784
505,15.702870298315,15.3610971945303,14.1516888653791,13.8193657769097,12.5072164252952,14.6386742980392,14.9353628299854,11.9421442667643,14.5902186640987,15.1484800974528,19.9627413714374,15.7585502907082,17.3653864825213,14.1621723175049,15.1585387194598,14.1597221233227,15.659163651643,15.4248406021683,17.0534239733661,12.6323542700873,17.2261185540093,13.5006464004517,14.6947627102887,16.3853443710892
506,6.27879155677697,5.63423959192934,4.93065209511261,4.86855703094531,4.17874359574001,5.9208108419014,5.27732668035291,6.11805256531121,5.73898966205197,5.07922757718497,8.57452028925975,8.78825424519034,8.57987093159678,7.63903504010186,7.97107142809882,5.88068376822951,9.2034312897627,7.63539309879442,9.05640701563506,6.88638242409112,8.77545322544825,6.29410730899018,9.00360892007897,8.45482023574045
507,8.04354881246885,6.85858283316096,5.44373641038934,5.69353179385265,4.4797660180678,6.51985575879614,6.04453867052992,6.30199286465843,6.44276346142093,4.97050615524252,7.47860286136468,10.9221057916681,9.60154271622499,8.75673083712657,9.54999643067519,7.42393278082212,10.6697545573115,8.85282335927089,10.5868528485298,8.77700171868006,10.035915111502,7.20816561703881,10.6012389287353,9.68220661580563
508,8.58128492648785,7.09125768954937,5.52976954166706,5.61891793104318,4.61814365386963,6.2288051715264,6.53466718747066,5.90220183225778,6.19893515660213,4.75499292153579,7.55865695659931,12.1395510673523,10.5150584807763,9.22972886745746,9.69942362125103,8.33313080714299,11.3368072509766,9.64523837016179,11.3394994588999,9.99244129474346,11.1517075171837,7.60825504156259,10.9424707632798,10.3749532112708
509,10.3824100823238,9.19582465599323,9.57294546324631,8.63527835648635,7.79860369090376,10.6152293764312,10.0724697770744,8.84241444489052,9.33830049120147,9.41466022359914,13.8627571895205,12.9325959764678,12.4897814947983,10.8700864068393,11.0943906389434,9.30611273338055,11.6736738928433,10.5447104223843,12.9894812189299,9.10676406991893,12.3416947331922,9.53184987758768,11.7312412919669,11.331995783181
510,10.2884335583203,9.82950199466862,9.82824915402556,8.77048885005794,8.15956496539181,10.3300031243938,9.65666143861536,8.65943483457173,10.1129437015481,9.7863315817428,14.818693278587,13.2087761865903,13.4431136928193,12.0696653470601,11.5332976693976,9.98908157871194,11.9933577367704,11.1696310304616,13.0016777744032,8.91047286334103,13.0506243509789,9.89445901896856,11.6679071792184,12.4017163760042
511,11.8731316297482,11.6755887789604,11.6192235457592,10.2383648799016,9.81700537754939,11.9052312802046,11.5549922111707,9.71405819134834,11.6207281014858,11.7578332118499,17.0504150390625,14.8404755225548,15.1055438946455,12.9203862410325,13.6582821577023,11.6803684234619,13.250829011966,12.7643807484553,14.9091443281907,10.2133921598777,14.9093468739436,11.4462581047645,13.6448233433259,14.0218302897918
602,15.0595745789377,13.788350406446,10.6779468937924,11.1114295658312,11.6152674357096,14.3756643931071,13.5897009832817,13.095218357287,18.2216130641469,12.9701273566798,11.7653364214981,10.2881697939153,9.79496753424929,9.74273835567006,10.1344743360553,8.86021339684202,13.4255783348753,12.5789835411206,11.3862625590542,10.6809742743509,12.7311779825311,11.638385237309,16.5030547526845,8.80036790747392
601,14.1914515992006,12.9938204089801,9.31817178428173,10.1639635811249,10.7691715955734,13.4830930282672,12.2390229403973,12.9486072262128,16.0199200014273,11.5986051857471,10.7012717773517,9.3065134336551,9.74014493326346,8.9097879131635,9.80495567123095,8.35403259595235,12.6582234700521,11.8968028177818,10.7214595675468,9.77017551660538,11.2155675441027,11.5568873087565,16.3979123532772,8.29184865454833
603,15.1087593145149,14.6928460209869,11.7586994392927,12.0603870347489,13.3135379857795,14.9457295772641,13.8623463054036,14.6554459527481,17.1667466607205,13.8819945357567,13.2745387055153,11.4186963591465,11.4951307939929,11.0276311386463,10.8644174087879,10.3255862746128,15.4820196129555,14.1220532018085,11.6862428132878,12.5240240873292,13.1248967702999,13.8492441842722,16.9785947577898,9.76364454003268
604,10.0630508237634,9.92248303437036,8.53957224187772,8.74238899621096,9.46598392478691,10.7261051905057,10.1634154122723,12.3850695968659,10.6276735402336,9.61802416892091,9.23640279237889,8.06220405850529,8.13543377434912,7.98672555596375,7.55617718460146,7.70817903644782,12.9247813185384,10.2361032164786,8.71697561405907,8.41439204570676,9.60907170299656,10.3165216367107,14.4194066682138,7.15165102481842
605,5.71170329702073,4.58424456050431,2.72959155535352,2.78987487416336,3.15830801794494,5.36858821433523,4.01626596157102,5.15731650331746,5.32951549861742,4.07610515235127,3.98489497364431,3.54412749884785,4.27651724780815,3.43552818678427,4.07212275180264,3.55248958649843,5.55450943933017,4.74694724532141,4.76774524260258,3.77488501693891,4.82141323020493,4.69941400963327,7.92731258143549,3.46730755377507
606,11.1160414435647,11.0744283367889,10.3560061840096,10.590205399677,11.636164385863,12.748695749225,12.9450950911551,15.0725674003062,13.1779872817223,11.7171234458384,11.4094674081513,10.1209045130797,10.0374943222662,10.2371071805858,9.29523041754058,9.91992565116497,16.2822035876187,13.1204048407198,10.6771333964184,10.6433259164444,11.6638993927927,13.1579646678886,17.1491442112008,8.94799146748552
607,15.1680233383179,14.9717581558228,12.7057074737549,12.6470220947266,13.9308670806885,15.6642086029053,14.0372142410278,15.4799486923218,15.7539455032349,13.025078086853,12.217043800354,10.7099108123779,11.2009733581543,10.2682768249512,10.0764571762085,9.75448219299316,15.858219909668,13.5736186218262,11.0379125213623,11.4681307601929,12.6358951568604,13.4492335128784,18.2681330871582,9.21649208068848
608,10.5580212696489,11.6365168381886,11.0944095404751,10.968563958823,12.5094142534647,12.6317760111338,13.2273618428104,14.0138133003051,13.0523553181844,11.1894293635725,11.8660816571799,10.5478306017726,10.0310752334365,11.2831420007958,9.08188472598432,10.8158011235386,16.5878659845835,12.1903969523418,11.5023406643465,10.8914427958339,11.5443376489432,13.3979121949299,18.2196367677436,9.46920185778514
609,17.880800835498,19.3391814851142,18.2138998694234,18.3600997924805,20.685927415823,20.1641472283896,21.2734156150322,22.287565516187,20.7599877413217,18.4881320928598,18.6751955267671,17.0568644783714,15.5705990388796,18.1911804335458,13.2387710887116,16.1015190458917,25.3834555180042,17.712871455527,19.3102588034295,17.2812242600825,17.3182678408437,18.5864273696751,25.5178505600273,15.9083356826336
610,15.5461074655706,14.7048696387898,11.1370839422399,11.7631259614771,12.4309987371618,15.043862732974,13.9169214422053,13.8924254937605,18.4104030349038,13.859994541515,13.0427788170901,10.8808902393688,10.7519455823031,10.5975750359622,10.600801597942,9.643012361093,14.500671191649,13.285477659919,12.0271297151392,11.3300076397983,13.3848027099263,12.4619636752389,16.4118214954029,9.56513092734597
611,10.0884017254933,8.88195671087288,6.15819434803652,6.44901044541095,6.68162382438958,9.56262948570481,8.03067380979837,9.14199827665306,9.12983631800456,7.65987163853933,6.60008510336818,6.50405204583363,7.14930619676429,6.29434260690069,6.64485311508179,6.13854327402919,10.5146267011941,8.22065508796508,8.26783335065267,6.42087499204888,8.49970228988004,8.30474697250918,13.9104382647089,6.02857296581728
612,13.2419582366943,11.5415369272232,7.51049003601074,8.1299497127533,8.74392030239105,12.2143437862396,10.3859144449234,11.2639147043228,12.5640239715576,9.61410746574402,8.48462860584259,7.85829756259918,8.81424372196198,7.70857939720154,8.76627335548401,7.43498809337616,11.2368225097656,10.1790090799332,9.79781341552734,8.01290619373322,10.1520564556122,10.0168196439743,15.6895306110382,7.32621729373932
613,11.3724560219309,10.1233761828879,8.51712813584701,8.78711240187935,8.81333203937696,11.0665327051412,10.0473813336828,12.1721628541532,10.6896275437397,10.0998054276342,8.71507744685463,8.5171510240306,8.80158842128256,8.19166022279988,7.95673577681832,7.76644953437473,13.587959807852,10.7129392416581,9.76246869564056,8.60889795552129,10.8140023894932,10.8728915919428,16.0088452359904,7.98969923931619
802,12.8203246675689,12.6552225967933,11.3656479736854,10.903421138895,9.11904742799956,12.7850878814171,11.1689432407248,10.3326612340993,10.6753128643694,10.960817830316,12.7987661690548,13.1587750993926,12.2076714614342,10.5866276313519,10.9300481204329,9.99907240374335,12.9094005453176,13.5215401156195,13.0367190262367,10.5738608261635,13.3329081699766,9.18519709028047,11.2353655716469,11.6388327828769
803,16.7897399365902,16.6083855181932,14.4134506136179,14.2475626766682,11.298294916749,15.0829264223576,13.2069231718779,12.7511424124241,13.6014011949301,14.9576283991337,16.2556745409966,14.2670818418264,14.1075737774372,13.0051537156105,12.5134624689817,13.3926234841347,15.1275703012943,14.6563391834497,14.0221834778786,12.3086611628532,14.9773256927729,11.2383024841547,13.3699035197496,13.0737466812134
804,18.5788983707934,19.0211430693095,16.9869821261516,15.0931354370792,13.3709874786107,17.4659002523507,16.8038776532739,15.7819018912526,16.4754442915452,17.8381891925778,17.6550049064434,15.9801269210545,17.218671444243,13.7555263316737,14.0682986521088,16.8876083551255,18.3079996193405,18.1695319825569,16.8100447696922,14.2579109774227,18.2461183936195,12.5577948789681,14.8177976777068,15.7896591794174
805,13.7993305991678,13.9429644696853,11.6858746023739,11.7952759686638,10.1712867792915,12.4633751757005,11.8890648589415,10.4837860079373,10.3370192892411,11.1787132655873,13.8425353555118,13.7335100314196,12.6407837727491,11.3932811232174,10.866517866359,10.5715200480293,12.6234415699454,14.1605299641104,14.1021445919486,11.1388251641217,13.680600937675,10.2342190041262,11.9934245698592,11.9604047186234
806,15.4316446540892,15.2608282621517,13.3184742668802,13.2300599046456,11.1439821184144,13.5229823755664,13.2034049145011,12.2879150006198,11.5324595843175,12.4564469581427,14.6816225791162,15.516337956569,16.8934926173484,15.7769565138706,14.5145085800526,15.4647798981777,18.1988009593283,19.3137108115263,18.6422141393026,14.7341232669446,17.957284890404,13.4000660060912,16.3370217020197,15.7551429585893
807,13.0815063818342,13.4375311129355,10.8834246403909,11.2668269659053,9.45445665458723,12.1543083246044,11.6021943340412,10.057230359557,10.6395380400509,10.4938781523291,13.445296921482,14.6107093116452,12.6394977679831,10.8879610017545,11.3507946819239,10.8505983683415,13.0523828054439,13.5471079170359,13.8566109376147,10.7941523755906,13.2561365083463,9.44740519220429,11.8670825958252,11.6846789597087
801,12.4372184872627,11.3734731674194,9.73261898756027,9.07528471946716,7.60111939907074,10.7384600639343,9.32988971471786,9.52878352999687,9.33224791288376,11.8955202698708,11.1418608427048,11.353789806366,11.0717488527298,9.50892072916031,9.03395920991898,9.33388701081276,11.6042694449425,11.9445888400078,10.8603966832161,9.42234879732132,11.6215379238129,8.19586244225502,9.30259972810745,9.96004104614258
808,11.656512909387,12.3851412033894,9.40866166741185,9.8446969732025,8.81983364545382,10.4201089983156,10.1342505731526,8.88261057780339,8.66288243807279,9.62864393313255,11.7940055745593,12.265112340803,10.5866061893441,9.22453885953102,9.06300045047286,8.80511408867921,10.017217774363,11.8067985568526,10.7809189028994,9.09459431495892,11.1010697325306,8.63690528643907,9.42999811567498,9.63556584239711
809,37.3597222649179,38.1935828864865,34.2914788418281,33.2552169948671,30.4133001560118,35.6249369039768,35.662343792799,30.8588562942133,34.6748941160993,33.6832847223049,38.9243438413666,32.786527222424,32.6544420028314,29.4095652696563,29.046262177258,29.0580624473386,31.9476777016244,29.8469630050659,32.2163968937571,25.1667496136921,35.5698786144722,24.1934263555015,28.2005149450535,30.1766852932442
810,14.0536093484788,13.6525773093814,12.1346779475136,11.5092359118991,9.6211662216792,13.391929762704,11.5073850873917,10.9075019321744,11.168527285258,12.4781180033608,13.7767708036635,13.9219677486117,12.3564753305344,10.9102108213637,11.145732667711,10.4826283076453,13.0832540724013,13.5676832350474,12.9412349822029,10.7513964668153,13.5005070519826,9.60811381112962,11.3528225762503,11.5342956119114
811,28.053351673327,29.0021118515416,25.5373008677834,22.8956149703578,19.2079880864997,24.8603277055841,24.8617726376182,23.8704028430738,21.2983499803041,24.1434547072963,25.2547579363773,26.2025613885177,28.3773872576262,24.6000155574397,24.3297560139706,27.2355422697569,30.8084272986964,31.1369660176729,29.494783798017,22.7249112530759,29.0165638170744,21.7386287664112,25.6668490836495,28.3349038174278
812,35.4917716105779,37.3594359079997,30.860055132707,30.1570536355178,25.9298108438651,30.5491436521212,31.7421691934268,30.4290932079156,28.263299069802,28.7098128875097,30.9598749915759,33.5135838786761,35.3823032259941,33.8634257912636,31.8120771408081,33.464044880867,39.1367581764857,39.8016853054365,39.3359306136767,29.2578723092874,35.5555163264275,31.5807058533033,34.2491358439128,36.176172264417
813,16.7521037658056,16.8908740083377,14.4900082548459,14.4249715606372,11.4446015556653,15.0091035962105,13.915750781695,13.4000411828359,13.592839161555,15.5683652361234,15.8720824718475,13.3624029755592,14.4367632667224,12.481577595075,12.2338221867879,14.4063722491264,15.2328381141027,16.2254103223483,13.6655719876289,12.1569899320602,14.7907638947169,10.5568001071612,12.315445403258,12.5023015538851
902,11.8421655654907,12.8276838938395,11.2681727409363,10.8352662086487,9.46426734924316,11.0948861440023,10.2513066609701,9.762682056427,11.8107243537903,10.5500668525696,17.3534386952718,12.4928358078003,14.0881397565206,12.2912352561951,12.2626919428507,11.6748422622681,11.4390379587809,12.1399566968282,12.2225593249003,9.9379020690918,13.1701128959656,10.9710006395976,11.8109233856201,12.5815075556437
903,11.5037575075703,12.2614338628707,11.1383571317119,9.70692786093681,8.63723595680729,10.3390241592161,9.92916387127292,8.54401173899251,10.9438875106073,9.61973920945198,15.2352580562715,12.1971999291451,13.7397518311777,12.1353229553469,11.7482215512183,10.8803407453722,11.5428146546887,11.2918000990345,11.9440667552333,9.19644967202217,12.4756050725137,10.3467815460697,11.1011838912964,11.9680050111586
904,9.21628875880278,8.76027813068656,8.23968016639236,7.31594578240269,6.60324574625769,8.72012109165044,7.54913035658903,8.23146103888519,8.56485293817151,7.7371321851893,15.5952201444049,13.8564046113066,12.584586989972,12.25842501766,10.8944827050202,9.51846146768378,12.2585986455282,11.9660322278045,13.4769467937854,9.71706627690515,13.7026640130568,10.1037646818531,12.3421511465265,12.4888095375179
905,12.7138463070518,13.2141654867875,11.7258827309859,12.5587604924252,10.069904051329,12.8567587701898,11.1452082834746,11.0090344328629,12.7548256422344,11.7961791691027,20.3953340430009,13.7883143174021,15.6539137488917,12.891757061607,13.3392682326467,12.2781073168704,12.7107670432643,12.7866102017854,13.6903950540643,11.048781269475,14.746206233376,11.9516088084171,13.2672026282863,14.1234494259483
901,11.4498303040214,12.3568928898245,11.7180480127749,10.4805027367412,9.17423849174942,10.9602563899496,9.63244147231613,9.43637513768846,11.7424383163452,10.3756325901418,16.394406899162,13.2164224956347,13.7667225685672,12.9484826309094,12.0291390971861,11.4152766794398,12.1407405258953,12.3637625099956,13.1086657289146,9.89051389003146,13.5176832848701,10.9725399155548,12.0407147061998,13.1355878581171
906,7.79970055413478,7.16311660206434,6.75880759375767,5.69874379414957,5.37808769651987,7.29711619279917,5.77540232776438,7.43624370190704,7.60509142366428,6.60181247262121,14.093898541719,11.761901781397,11.2610012281288,10.3638511954002,9.75535360123347,7.95828881541502,11.0437077989856,10.2609917677722,11.8827188987176,8.46732795354232,11.7789427308203,8.60946337690631,11.2139541315801,11.2716800356374
907,12.0309918840355,12.1444685748804,10.9689129267898,12.6548824221174,10.1525672930423,13.802409466182,10.9371330047322,11.4774743106878,12.9398777507176,12.6392856758332,21.2696371256748,14.6733307437362,15.9388382546256,13.6773843497873,13.7069235293665,12.7988197558394,13.5959082273679,13.5060355908403,13.5249560881998,11.8067353774454,15.0073281760528,13.0305758146482,14.1128830597779,15.0105465327468
1002,11.3729301764041,10.2231338072796,9.43805698472626,9.34101826804025,8.85107211677396,11.8777988200285,9.87568010602679,9.75529380720489,12.6637058258057,10.5517872401646,12.5621339836899,11.6548410532426,11.6652114050729,11.7387043894554,10.1668781942251,9.35596292846057,15.7675840416733,14.4047466394853,10.9346277275864,11.820603487443,11.6429175746684,12.1046518987539,12.1504323920425,10.3316410220399
1003,13.6336870582736,12.7691814072278,10.9389266383891,10.8945661466949,11.0627970598182,13.6766890311728,12.085707041682,11.1033729047191,12.9220923988187,11.7133911677769,14.0851505045988,12.5383413665149,13.0535822693182,12.1817673858331,10.0856894279013,10.6701549802508,17.5065494264875,14.8897766775014,12.7809091295515,12.7195389416753,11.9621422242145,12.6740044379721,12.9523757233912,11.5950810957928
1004,16.389587027686,16.0407075881958,13.6368749822889,13.4150178262166,13.3242138283593,18.0878417321614,15.7934861864362,15.3357469524656,18.6154967716762,16.5620150906699,17.8123240300587,14.5838787385396,15.9664770875658,14.2899608612061,13.0821003232683,12.4537700925555,21.065225141389,18.1438305548259,16.3127132313592,14.8463613476072,16.1641353539058,15.3539680412837,17.4406206948417,14.1145541667938
1005,17.3611710548401,16.5452907276154,14.347909488678,14.6031387424469,14.4198394775391,17.982169418335,16.6125951576233,15.3799025058746,17.5752900409698,15.7214053249359,19.0599251079559,15.5015368461609,17.1501882743835,15.083072013855,12.9785236120224,13.4641107130051,23.3661177062988,18.7454493045807,17.0339583206177,16.0324964618683,15.335114774704,15.9177934932709,16.518293170929,14.7811087799072
1001,13.7113524787446,12.9764927961887,12.0420158133548,11.5914309493497,11.5689090174488,14.4612770814162,12.6951422446813,11.9266281983791,14.3738957062746,12.4480040827368,15.5738594715412,12.9243742217365,14.0883614792783,13.1058808717972,10.9900095360911,11.3300609670134,20.006764501588,16.3117758514535,14.2515284220378,13.8200387995467,13.0510294865339,13.4507765566182,13.8911038015643,12.2334529762594
1010,13.0671317236764,12.2955776244875,10.603547747173,10.2891252305773,9.8167989973038,12.733210836138,10.3496489297776,10.9888421467372,13.0988897747464,10.9791712987991,13.3916489737374,13.3414618022858,12.2672074181693,12.2939930719043,10.6853306331332,10.4885487783523,15.4654322881547,15.5426614549425,11.9747644757468,12.3657363709949,11.9169566442096,12.7802271767268,12.5181546286931,11.0851810697525
1006,37.1834733231263,35.6775569076058,34.1420998483334,33.889783355425,32.3648946390212,39.4158298444448,37.4818180132212,36.0382587504837,40.3053281652103,36.2578227085137,43.0622367259092,34.1429578793124,39.6277742805721,34.5236837758958,30.9254553452978,31.0296204764888,53.0059719685489,41.901780002522,40.0656687298661,35.6607327971069,32.1194881343242,33.724533045067,34.1090374592715,31.2314552211162
1007,22.7969244301319,22.0085220694542,19.8145691633224,19.3869111657143,19.1632896304131,24.9996779859066,22.4314295053482,22.6627621769905,26.4683491528034,23.9032368242741,25.0912938833237,20.2297661840916,21.8450537264347,19.8046525657177,18.4468755722046,17.8946486651897,28.0344048142433,24.5982383191586,22.1639935433865,20.3254553616047,21.5067891180515,20.8720301806927,22.7270119905472,19.115273475647
1008,13.255437281667,12.759349993297,11.643273302487,11.267907933313,10.8861645679085,13.9622827598027,12.4912989431498,11.5550098151577,14.2231911347837,11.9286668908839,15.045655503565,12.1023925664474,13.389437383535,12.8552988889266,10.7995882958782,10.620002423014,19.480797290802,15.9935860877134,13.9688657935785,13.3349506611727,12.632705094863,13.1301043617482,13.2584774396857,11.6927752081229
1009,32.1258127909331,32.0450207030489,31.9480727357524,32.7688559116352,26.3058757789078,33.3529421396199,31.7035215461538,30.9525760426408,34.058420738294,27.4245730588834,38.7254489390623,30.2376676719813,31.7673750462986,32.2025119186867,25.8353209715514,28.7165779144991,45.598314784822,34.032762869483,36.7930373975209,32.9195028507993,28.9816957442533,28.9316072840066,28.1640817452045,26.0751640754087
1011,12.2713752659884,11.3055070963773,9.82516392794522,9.37645656412298,9.86496530879628,11.9966120286421,10.3810943690213,9.7798469283364,11.5725039135326,10.4481512849981,12.3393017595465,11.4368055950512,11.7691746191545,11.3796283548528,9.12108646739613,9.74683583866466,15.4288465326483,13.6782242601568,11.3502430482344,11.4927248521285,11.1502190936695,11.7702066248113,11.7216858863831,10.311201615767
1102,3.54040339752868,3.20593100196713,2.72002159894168,2.4916779418568,2.25164640080798,3.58421790992821,2.72997388341925,3.49573529421628,3.44088848344572,3.30180404736446,8.89368420904809,6.69919176416083,7.31317518569611,7.6076209623735,6.74769441898053,4.96784086279817,8.37455157395248,8.12625784926362,8.37889925988166,6.65520686369676,7.9755470936115,5.60451280153715,8.28382856767256,7.16841389582707
1101,2.0716260576201,1.77296769330388,1.52364903576525,1.47104307708769,1.52560803258843,2.01576133885167,1.63638402698304,2.5151885376853,2.80162709939621,2.1655903522794,6.07009270740121,4.03559936211986,5.40976402564011,5.4220047061858,4.98843097227364,3.38004543682332,6.08270391067968,6.03939002057309,6.38941566722666,5.01323630487024,5.21254754679005,4.08420430353508,6.59570189591924,5.56434168386836
1103,2.40038221051707,2.25370521420205,1.46262985520814,1.58750768508431,1.42182802351621,2.42988941188042,1.7618527944095,3.03322304988049,2.73101056565547,2.03169119860646,4.22491012989769,3.23506096305226,5.01551979621487,4.79788000767048,4.86658020150027,2.63307745745902,5.37045511321203,4.93560551979838,5.37610741867822,4.26409380658138,4.53663164271405,3.54575937668953,5.93992280043088,4.99395793782183
1104,3.17624131001924,2.18532494181081,1.91273527396353,1.8578294452868,1.87452971621564,2.88537247557389,1.93753459579066,3.46926573075746,3.11128962039948,2.49858140945435,7.26950496121457,5.00183272989173,5.86380201891849,5.300940990448,5.43797721360859,3.29775705463008,6.78426302106757,6.34152539152848,6.45826086245085,4.82411885888953,6.0660536540182,4.23661410181146,6.91632982304222,6.27595365674872
1105,2.04481186351133,1.90543850594097,1.69646868204314,1.54123047993533,1.4495486706377,2.04409014327186,1.72844643908597,2.36213212016793,2.35822153233346,2.17432501291235,6.78724658477401,4.70203280401608,5.57389605151756,5.69385365645091,5.1941485277244,3.80896286666393,6.36321216171223,5.959262277044,6.51122349961883,4.91110780208357,5.72812293481732,4.39886861282682,6.35263185143944,5.37005374119395
1203,23.3475154653772,24.4421195550398,20.6312075528232,21.7163364298932,18.781012819959,23.8902411213169,23.187303580247,21.6941510733072,25.7554656437465,22.3711951243413,30.8015752891441,27.764368236839,27.603088484182,26.3794726086901,22.8003226193515,22.8586258888245,31.5104893894939,29.1201589262331,24.9632831301008,26.2270732731014,27.3400195852503,25.6965582649429,24.7338425958311,24.6509229238931
1209,11.2639753943995,10.9460516477886,10.9681735540691,9.41886058606599,8.63496050081755,10.5298783151727,9.57933468567698,9.12390357569644,11.3719467865793,10.1772828353079,13.6881727921335,11.5958790026213,11.4154346616645,12.0288716617383,10.8605272142511,10.2656443244533,11.0707446148521,12.0614394890635,12.1500736035799,9.82663839741757,11.808272637819,10.7679328165556,11.1935330190157,11.2475245124415
1202,13.2354934584927,13.2717430490843,12.9670096249648,13.2419767514081,11.2241828273719,13.5718882654754,12.1196447023204,11.6608455147542,13.9125322959792,12.9287134492901,18.4826126098633,15.126808609761,15.3513058541526,14.3720622398484,13.6600645629453,13.4272625211259,14.6253207569391,14.6824801404711,14.5492155719811,13.2667718538096,15.7992077411061,14.0927453376877,14.3464323366192,14.8878877532314
1201,12.4715511368923,12.5938005525558,12.1052262196775,12.3523032547998,10.2669730577313,13.0512776531157,11.025908939174,11.0811920400526,12.9813103050482,12.2385182771526,18.6156035407645,14.5207407279093,14.9679488041362,13.8025764324626,13.4466113027979,12.9356048302572,13.7885599214523,14.0172234206903,14.348647805511,11.9739844525447,15.0521092414856,13.0299205623689,13.6752128913754,14.3132274033593
1204,11.661311333755,11.7379550736526,10.6759598140059,10.807048547679,9.59072977921058,11.7792465538814,10.6852698654964,10.3052724081894,12.6845262198613,11.1034343587941,13.6307732483436,12.6034010722719,11.875729047841,12.2005292892456,10.8088328756135,10.7425236932163,11.9490262261752,13.5325157494381,11.9560834884644,12.0078813618627,12.5111119237439,12.3726742316937,12.0584858072215,11.4079235537299
1205,13.6287528673808,13.5734960482671,11.2734045004233,11.3713293564625,9.98314080482874,13.4761284681467,11.9470295783801,11.1897498032986,14.0873354887351,11.8556741567758,13.5525649999961,12.9467155016386,12.3688642673003,12.9296729870332,10.563681602478,11.0229097023988,14.4059629929371,16.0877033624894,11.5460674701593,13.2247218718896,12.5564060944777,13.37539599492,11.9238141622299,10.9562108272161
1206,24.8680282062783,24.9803389809628,22.801330586435,24.7184948528333,20.4901321577525,26.2281341922495,23.9463207324988,23.3013671326522,26.4365413585657,24.0913425008007,37.0143483890663,28.9200448389007,28.7717301857106,27.0907371256001,25.5521076615292,24.1054456045246,28.7690778772357,25.1832893214434,26.6450918040484,22.4789103383201,29.9352658692392,23.7713069792518,26.0262912448273,27.1799302786733
1207,10.7452807648237,11.2914924399797,9.01689459002295,9.6777900096982,8.4290928785191,11.272557258606,9.79340115813322,9.65801675375118,11.8235389798187,10.4501709383588,12.8233468255331,11.957933459171,11.0714383901552,11.7362345429354,9.90098101039266,10.1294987090798,12.3574057623397,14.2907040063725,10.5301344671915,11.871224059615,11.5063459263291,12.1702771852183,11.2572344735611,9.94224546676458
1208,11.8425830682119,11.2152591069539,9.96406755050023,9.37718129555384,8.04762492577235,11.293039894104,10.1475570837657,9.51296124855677,12.7519806464513,9.89185961087545,10.1901282946269,10.3563478628794,9.50867706139882,10.065619579951,8.30737057924271,8.66053851048152,9.39548664093018,11.8821102778117,9.47757907311122,9.86110242207845,9.47353800137838,10.0480418046316,9.47043571472168,8.60288768609365
1302,1.321746774982,1.06228945921449,0.837981459323098,0.806904396590065,0.873026581020916,1.20671813137391,0.998264661957236,1.18986403451246,1.12658624368555,1.15358130721485,1.07074243812,0.922198063135147,1.48164880275726,1.04158172712607,1.10251819947187,1.03335716443903,2.02478592045167,1.34095109490787,1.32918421801399,1.09725716639968,1.32878012341612,1.55116292729097,1.92264974678264,1.15219083463444
1303,17.2830920138602,15.6951691094091,12.2760090747122,12.9425350124553,14.0754553423089,16.4751536805751,15.3306710679652,15.2331740330842,19.2214526160289,15.1457285153664,14.3845847016674,12.7039668196339,12.3152245505381,11.8519248962402,11.7526524430614,10.957448733055,16.1301429554568,15.2521018658654,13.5050388756445,12.7650031720178,15.0207967596539,13.6188776856762,16.845542261156,11.042933641854
1304,0.794072948899624,0.622248672955745,0.470630013056703,0.425247547896327,0.412120721730832,0.661413005981091,0.530556810264652,0.767898667503048,0.745489937832227,0.633768482989556,0.628638447035809,0.521916131916884,0.830341722514178,0.663826079384701,0.677683701990424,0.693081250665961,1.27367033346279,0.860978328295656,0.840539838413934,0.637117168790585,0.798943923735941,0.915476121209763,1.56104060685312,0.657156834529864
1311,8.69208968877792,7.22729567885399,4.95670010745525,5.12613327503204,5.50089817643166,8.15738476514816,6.94290397763252,7.84242168068886,9.70802590847015,6.07082109451294,5.97370961308479,5.03470031619072,5.47676956653595,4.85983408093452,5.53617888689041,4.60075687468052,7.2894716322422,6.52267615795135,6.31091330647469,5.28676760196686,6.81710652112961,6.29419938921928,10.2127951383591,4.58099638223648
1305,9.78717594676548,7.96679921944936,6.08968649307887,6.05957800149918,5.97683421770732,8.7356767323282,8.34763066636192,7.48820128043493,9.69745594263077,6.23854914638731,5.45888359679116,4.84297268920475,5.11957732836405,4.64342621299956,4.9979988137881,4.11747208237648,6.61805242300034,6.22142816252179,6.09015245570077,5.13645669486788,7.30512903796302,6.32223653131061,9.38392635186513,4.55604528056251
1306,10.4128632985629,9.0832687487969,6.63180614251357,6.87908051747542,6.74608690005082,9.74308544305655,9.03010339370141,9.01910900702843,11.5283974684202,7.48437406466557,6.79780289943402,5.97425941687364,6.06257458833548,5.65428548776186,6.22367218090938,5.18556396044218,8.24000103290264,7.35970816979041,7.19714196278499,6.02621168173276,8.44241887972905,7.39621197627141,11.2026361208696,5.27296196497404
1307,0.814967123301406,0.602207356769788,0.498051575924221,0.457232735658947,0.489165142178535,0.665051467716694,0.554269362044962,0.752873401108541,0.71491387564885,0.637526452933487,0.689861149772217,0.584929731331373,0.875518856079955,0.672749584442691,0.70047988546522,0.702677149129541,1.48170872973768,0.880187691434434,0.843738521792387,0.673875847537267,0.8454701504425,0.952098527236989,1.4313005393273,0.732658675234569
1308,16.2488883236262,14.7031139388798,12.6420525303037,13.2933027012142,12.965639850286,17.2943101943009,15.0608071830329,16.8689347965511,18.192745231268,15.0754251780472,14.1673213553241,12.7824445484191,12.5051955275648,12.116363202493,11.7204752343846,10.8908874256404,16.6156455137598,15.9346267745251,13.5661006837379,13.4710711456659,15.4530457699393,13.484092397014,16.8117329079335,11.5871900948953
1309,16.9912593007088,15.0079942345619,12.1090487837791,13.2828668236732,12.9775924801826,16.6195015311241,15.34541015625,15.649410712719,19.2936816692352,13.937063729763,12.5504242062569,11.6253259181976,10.6824488162994,10.572258746624,10.8196987390518,9.87486337423325,14.5999308943748,14.3076961874962,12.3401081562042,11.6654048323631,13.9741460084915,12.78113707304,17.2976428747177,9.74208974838257
1310,12.7389112710953,10.5656698862712,8.30210661093394,8.72174337704976,8.53903235329522,11.9129026624891,11.3585813601812,10.7312877098719,13.0568578905529,8.88730481465658,7.77108351919386,7.36097787486182,6.85444672902425,6.84556729926003,7.22086250517103,6.22642744779587,9.14414405292935,9.59240401850806,8.33104253874885,7.46702814896901,9.99465831120809,8.5165414598253,12.7410563204024,6.46233688592911
1301,2.8437467146728,2.23472592588198,1.83278793601666,1.751016640057,1.78731646477166,2.42885458469391,2.20816955525996,2.38477444244643,2.61950661974438,2.20700608875792,1.82250837249271,1.48597370466944,2.19485342502594,1.679361222154,1.80202304508726,1.62175736993046,2.83906761872566,2.31574311094769,2.14533853530884,2.01426307023582,2.44467974113206,2.52724751375489,3.33468305862556,1.95253450991744
1312,2.08998762230271,1.83111598306489,1.54018985009888,1.5288651707103,1.54006538981373,2.04220499517848,1.95345431855581,2.04136484456294,2.08087798981991,1.79871112050362,1.33898502993352,1.12958059148881,1.79857904818452,1.4106518956064,1.45038347394721,1.34782223909804,2.07228874118583,1.82381632953014,1.6797378016907,1.91204779356429,1.92157975909779,1.93387029471907,2.38349850200912,1.60281696597349
1401,1.14438813758417,1.11807694488648,0.70881206466301,0.689215767405276,0.803807458288751,1.09349989402786,0.830291708768572,1.29714780629983,1.06899621482324,1.07824200652178,0.871312179105374,0.875028564874987,1.06665757739718,0.917707415966733,0.875150280959398,0.992045150798501,1.83943172450205,1.08469240519318,1.12484016819197,0.793812169250354,1.14183955147718,1.26758092128247,2.18173432364626,0.865056562915589
1402,3.49362171103932,3.81353333648646,2.68724989384975,2.74592721940212,3.4164065839547,3.95095261594035,3.69310871947486,5.01442260477903,3.6209165715384,3.81982491573073,3.33438336905443,3.09268526592345,3.17999447235521,3.17584486502521,2.88894165967995,3.37554718272866,5.02081423829187,3.7446241330988,3.65897169146898,2.93870872231025,3.79139853226689,3.89299276358676,6.39629660856049,2.82433737055311
1403,1.13820621725463,1.2672074556438,0.879850818225532,0.746117628031061,1.03906524628983,1.36312100747018,1.01090907582839,1.64175909886544,1.26871086741157,1.25892302658176,1.02970935454359,0.968508874220424,1.04412977164611,1.01948350669991,0.968854515155545,1.28339973741677,1.86186965172819,1.15427834262373,1.34570595372643,0.925824468844803,1.12741918380198,1.18983334784862,2.24512528966879,0.983424040759564
1502,0.5631837864838,0.523834586506937,0.41691756848155,0.373863523871433,0.364922225475311,0.515365390879352,0.426304875532301,0.48732135008748,0.598895641361795,0.45526329609679,0.594214295286958,0.520810307344285,0.649559745701348,0.644090237777408,0.563837892762045,0.528960499458197,0.624353246354475,0.689833013386261,0.603439867859933,0.637013726481577,0.619063998504383,0.576880407769506,0.695230237957908,0.563524771027449
1503,9.40927447319031,8.32890819549561,7.17527991771698,6.62594882011414,5.92814154148102,8.24973616600037,7.04542829036713,7.99327268600464,9.66620934486389,7.49126281261444,9.41889290809631,9.2399044418335,8.59836860656738,8.82452418804169,7.40150577545166,7.13494806289673,9.92797142982483,11.5234078216553,8.83286203861237,8.59371471881867,8.48451021194458,8.85296776294708,9.31437573432922,7.9536209487915
1504,6.02635798020796,5.14189432534305,4.91519535454837,4.14434717676856,3.71108769070018,5.78151262456721,5.02133614366705,5.17198918949474,6.96362909837203,4.79296910762787,5.20024893283844,5.37987578131936,4.71207265637138,5.18234123750166,4.04974562471563,3.82661495425484,4.5169320193204,6.03290177908811,4.91614451841875,4.71230311176994,4.54639303900979,4.81225193847309,4.98244457461617,4.30933594270186
1505,1.5536127211526,1.30760925646043,1.24471356761124,1.02614031069809,0.972428847337142,1.62432748974404,1.15951243674176,1.53790643433523,1.55516418421434,1.39913517003879,2.59328593639657,2.08733351963262,2.26813475528939,2.31305738838596,1.89338636827759,1.53488776377506,2.38826685543689,2.60771929120852,2.35111357163017,2.20065025954197,2.23691001963905,1.8411401999183,2.41788594414377,2.12674725562748
1506,5.00034715400802,4.4268260195724,4.12893649935722,3.51313245041758,3.15088838058659,4.8812256880805,4.31215427344681,4.42718712132201,5.7395025252277,4.0488308095015,4.62134825164436,4.64401564333174,4.20220021559642,4.56596688174794,3.61091982095669,3.34911221622402,4.25749510577601,5.46106648190409,4.31102021840903,4.33452583887638,4.16309042516937,4.23006018868878,4.56417305041582,3.85855452576254
1507,6.53539195656776,5.59846763669149,5.6001472460187,4.93854753057594,4.37369588211827,6.82345193754072,5.8244719285032,5.86137857028972,7.39854819748713,5.3123922707594,5.91953267351441,5.85636476751255,4.98056891366191,5.56812194767206,4.39215517562369,4.17653587752062,4.94964941493843,6.260779755271,5.30168848387573,5.03975977845814,4.89574048085057,5.03901574598706,5.49420247064984,4.61251252144575
1508,3.26020486624736,2.82033401886997,2.56752458308478,2.32907866091473,2.07374654635318,3.19603441008982,2.81777678861183,2.95403369033487,3.78652907383142,2.63622885483241,3.31293469077011,3.15968394738698,3.0624960861491,3.1513623086349,2.73548724010306,2.43100065667674,3.26367582896221,3.93666354177883,3.0763951434092,3.10417855666868,2.98831500853383,2.96463317850476,3.40531615725478,2.82245741784573
1509,8.7653461540899,7.55098193691623,6.99104001829701,6.65473395778287,5.78945775185862,8.59771034409923,7.5241129590619,7.93574847329047,9.80298882915128,7.49406838417053,9.06389518322483,9.14319299113366,8.21686306691939,8.49676008378306,7.41119173649819,6.92121108885734,9.40754312469113,11.2039031444057,8.56186607960732,8.47082627973249,8.08398698222253,8.40212561622743,8.99880238886802,7.85264501264018
1510,8.32314752472772,7.80155799865723,7.65773258633084,6.90712046464284,6.39386907206641,8.99111778471205,7.53675958686405,7.77044586393568,8.93878452724881,7.71543760087755,9.8400146346622,9.6621802520752,8.5271505440606,9.12577442804972,7.47582230038113,6.91274710602231,8.49344921218024,9.54398714171516,9.49437690946791,8.04661215676202,8.79658510737949,7.91020098262363,8.91929127481249,8.19358673625522
1602,23.0663442411407,21.8001194277565,25.2924521604917,22.9700904192948,22.0441213278085,22.6802808579798,26.7587315739646,24.7496834140217,25.4239751633997,24.3131714421828,30.8284864780013,33.6474062837961,29.66455538477,29.6008009502306,30.8234291662115,30.5572283225606,36.9875482334266,34.0699023430105,32.2604359733076,32.2522368146067,27.4693173299121,32.138458541599,26.0994734201755,24.4612435878575
1607,44.1754370173976,43.5178187607947,40.229331854169,40.1646346465669,39.1724776937738,37.5885494022308,41.7095327272384,39.3601616844004,41.6441091321433,37.2435896802489,40.4963141333324,44.1271347440948,38.6715658119967,40.1610929371855,38.5477190888044,38.6346769437821,48.4704521747083,43.1268437160257,44.7520450604386,45.2148553101376,40.047748531107,44.2357586548938,39.112579485205,35.4073210274903
1603,24.4390974945468,25.9103151339511,27.8808931772169,27.9629039824736,24.89452341677,25.4211531478358,25.2227996657243,25.0230601526632,28.8873599535515,27.0578644153924,37.0104570892996,37.6733507879492,38.0973757577061,37.1941152202884,36.7496711025936,36.3827172946025,38.0595149537098,36.2619368272618,40.5287983338864,38.1265233734103,37.2213815808889,37.2954058666548,36.4710864158868,36.7118529359841
1604,34.5729055914021,35.7096389576168,33.5374868936782,35.9294432026496,32.9115113781041,34.9149941136431,31.1520064925207,34.8496746370414,38.223515624185,31.9136878572337,38.7138002939467,45.3838686664867,40.9053298085071,42.8175081364327,39.2788049248074,38.2186244064996,41.2065624340499,38.8213055515838,45.7276993048612,37.0095333046079,42.6027805043129,44.3510224288276,42.2899796933352,41.8002636438525
1601,32.5572179425599,34.2240604179718,33.5822023925346,33.2293628821754,31.8486324787918,32.4079536956053,30.6023739041551,33.0575656603055,38.7871317591208,31.3314951769096,41.0143104447432,44.5334715399812,44.112806670234,44.221978770967,40.9184989960314,41.8347788277108,40.3548785842846,39.1378048559192,47.769927802716,43.4118822044883,44.3058679169971,43.4967084685508,43.1102473412991,46.1199392486746
1608,40.4647857898777,41.4226049054679,40.826775992442,39.18877209033,38.9967256216275,41.6938257275598,40.4726566586252,40.2249288888705,43.8392415243892,38.0965513378079,45.5962888400838,46.689713204594,46.9987569621458,48.9493293529446,44.2111662680416,44.2154500385866,42.1506671685688,39.7867441313145,51.4865726664915,42.0821921009128,43.9677766832255,47.3584192851438,46.0977463259939,46.8776025985459
1605,20.5547381029111,22.6918999782992,22.7483368507522,22.2514279354375,18.7148739161935,19.1550713719517,19.9156723739333,21.1311689877466,23.7272623935307,22.6719904539399,35.8345009715044,35.4161710239676,32.0276981760379,32.3026944793306,30.0615057284202,31.2395443026107,35.264179463601,31.5501825094076,35.3255128408022,33.5188088831311,32.6302334684982,32.5584870477701,31.3061769112935,29.3731708526611
1606,20.6767823666209,18.2249440588213,23.2468632354896,21.0847526693943,19.4386166478799,20.3137222304005,22.1097359068723,22.726017145931,22.8728993467706,21.7227005220357,30.4403070366033,26.2265681402454,26.2620477277365,26.5227653810669,23.7791157387291,25.8182319517415,32.6582181942513,27.9825549205477,29.4411405958391,27.8241308603327,22.4114920983255,27.2590674635755,24.2659298944673,21.3203747741348
1702,45.145065511755,45.5105877582447,42.7364555420747,38.8708487000337,34.0529241902119,40.2032648694837,39.3379549201759,36.979263439694,34.965581733085,34.0767719433759,39.6992099390803,40.4859452263085,37.4226821755074,39.183119411984,37.8304356631717,41.6105653587547,40.2858516466295,40.5531900952313,43.5734721395132,31.9668630239126,43.178454228994,35.1209242413495,37.9712711973448,37.6065399953481
1703,29.1398069593642,28.1252000596788,29.1206844500553,26.0656178527408,24.4688681143301,29.8867337821442,29.3743311564128,25.5393963978614,31.8270958294103,29.2915921858799,29.1999078297321,30.7533960312973,26.7833876315458,37.0191721739592,27.26354236956,27.5609410986488,31.1935808069912,30.0180638925529,33.1694661687922,26.8735182432481,34.1693545859537,29.3115156462163,27.3252956572874,27.5703709213822
1701,36.6913609985612,36.0520973140358,36.5183272875272,31.930014743968,29.7499074006692,33.7508488174178,34.9678754268548,31.7052164436406,35.3134667779645,30.795567196251,35.1884533857688,36.1577838213016,32.4187203138303,44.1443135106665,32.6278048099616,32.9474909056965,37.36851587051,37.2819152114738,40.1849570364015,29.9275183017437,37.7533152115651,36.0108762382442,35.226715428605,33.4246006240193
1802,7.98554165566221,7.50769390577966,5.03632239775455,5.45361528371243,5.53239723849804,6.54174031095302,5.93132212821473,5.71564686552007,5.12185264521457,5.1546829824752,8.00204591801826,9.2873520318498,8.07626389188969,6.65110701449374,7.76280422159966,6.14982770098017,8.5175887244813,8.81121838853714,7.69824310820153,7.24618268520274,7.72103571257693,6.12362200275381,6.28158065993735,7.40609947924918
1801,5.32971042859639,4.48805168757202,2.95823445725948,3.49850188333092,3.44594138902975,4.12163508022931,3.7033904106059,3.77623751569302,3.09104819712064,2.97413934925769,6.38342272474411,7.36567425558753,6.41647921724522,5.03723888701581,6.69826287749811,4.62242400392573,6.53855137791194,6.66556651203345,6.421940358818,6.0266337208714,5.89681409605851,5.18805782169315,4.5225557452398,5.49020002074275
1902,11.8923558814853,10.4566094267602,10.3169435426301,10.3898784039067,9.2556085025563,12.4526088565004,10.7787744484696,10.990504395728,13.9787810643514,11.0820839077819,13.0967114766439,12.7945696138868,11.7990967993643,12.2786655052035,10.4383819991467,10.1779215008605,15.0484889909333,15.8069907730701,11.7851864122877,12.5439919303445,11.9717546724806,12.643910632414,12.5868792627372,10.8657729952943
1903,32.2182669874955,34.1974880717136,31.0596660059592,29.2079642590483,25.7513794210319,32.8323129831764,31.6887276961555,28.4273192982787,36.0611854811255,29.3609025578612,39.6288065169368,33.9112085956106,33.1765275725063,33.2548437170834,27.1009818954049,29.3526800040571,43.6577013249371,36.5501448301772,35.5965971031398,32.5484658961322,30.8747139970825,31.6867424234394,30.1624508322484,28.4505555119767
1901,14.4254441013226,13.4867965610041,12.1691860353327,11.8611842138919,10.7172414856839,14.4108922385067,12.7874341920621,12.1577652396494,15.4693132521789,12.5943353079647,13.960487272009,13.4234003607248,12.8520957307319,13.2846656093708,11.0946319943908,11.0408597846941,16.1482947465312,16.6918089541397,12.3569149447314,13.646572471354,12.9696857584694,14.0893279720593,13.1817594428972,11.7547584654968
2002,9.88956544213666,12.3517053398543,6.39220522549338,6.94599704613943,7.93772031447131,12.0615179210366,7.80290546674214,10.9575674776546,9.24894991891827,8.24748873996164,7.97604334711315,8.182396377632,6.71463941100115,8.84740765794309,8.50573777581403,11.1335869063874,17.5475654145201,7.29348170114848,11.0850359836738,6.98701658934176,7.85359161342689,6.61536505550681,19.27819789955,6.60332472167329
2003,6.94970849656711,7.71562757805316,5.68846010291663,6.3201397883631,7.55769654086036,8.60532716416965,7.33547615482859,9.66800318669229,7.66923199082813,7.24992378610764,6.58097909488817,5.66494690066706,5.53723256779413,6.38322200218256,5.29737201224278,6.98170675674494,11.1866369839132,6.28028099728327,7.23861160069487,5.47597825614205,6.00494332557177,6.11856880327211,12.7227230037216,5.29166811574115
2004,4.59236564868834,5.89991464750554,2.74613824268667,2.8154689672032,3.62768241036229,6.33957466361969,3.01939068213711,5.94923504678215,4.21410642164509,4.09375861020592,3.50580788676332,3.83722660308931,3.5593853210046,3.95427247906119,3.88171379789104,5.54352732790195,10.3048983899558,3.75657862570228,5.56758949233264,3.40953510224335,4.23270256344865,3.4429033873527,10.0725915470744,3.65389369367584
2005,0.493685288049958,0.58357846764001,0.30432509590279,0.228940988264301,0.241772289845076,0.542950604178689,0.23420530652458,0.800580470128493,0.599423020536249,0.423003836653449,0.426655148917978,0.793961012363434,0.468646905638955,0.470589738000523,0.397325918078423,0.824309555508874,1.76515747200359,0.473210330442949,0.652733435414054,0.424087693474509,0.612306598099795,0.390418737584894,1.19271755326878,0.629944347251545
2001,1.7646413209216,2.2945794972345,0.815964012759028,0.582976291178113,0.854291290199201,2.12271180424666,0.794993067498034,1.98592083627078,1.53174140555253,1.2444110776013,1.19961514752455,1.94150298895614,1.12444038990248,1.34982216280977,1.35312885146376,2.55004137986065,4.53673867935344,1.10868101810235,2.32119966556989,1.12050182252659,1.66440235101497,1.10643891596424,3.64426050339029,1.4935711802133
2008,0.175946241309221,0.19118549426243,0.171303621437954,0.110296876321888,0.132613573061985,0.26409427311253,0.121668108227192,0.326880489277773,0.288428776381113,0.228360445529112,0.188824543895403,0.257656141589995,0.186885315468443,0.194235379922914,0.170156914985158,0.300882939862475,0.457699605853915,0.220096189450325,0.284724053567146,0.171883659783087,0.17709304493769,0.190819807244594,0.364687555953676,0.237470283080814
2006,4.6078030842509,5.44250662473299,1.25788884546797,1.03977883510334,1.55476889662487,3.53932771541304,1.62298048796964,3.90056749386976,3.19029275407899,2.39299952512407,1.89450474075005,4.31068435530205,2.00400519219495,2.80023974079197,3.3443962764942,5.80907111821202,13.2503967123517,1.65904278455481,4.9078249927968,2.06040513751197,4.29078931525602,2.22738706610971,9.93334924282327,3.31338167426276
2007,1.75384023119795,1.77819684774001,0.518344063311815,0.400869634557278,0.568361000177708,0.981319671932687,0.50209614166871,1.53002010444377,1.42002016654674,1.00074863687475,0.515828992061793,1.47436487769827,0.739400125247367,0.920579901083987,1.04327808360153,2.29161072601663,5.25650896988016,0.654689348917058,1.63712940682122,0.731196369579498,1.74206110502177,0.782644661896406,3.40034283554934,1.56124297894062
2102,11.3115139065719,11.8344064107755,10.1891748381824,10.2243075254487,9.43014022199119,9.2026956924578,9.50298558502663,8.76989445453737,8.30989613474869,9.07528000633891,11.5571978790004,10.9968108433049,11.6115022839569,10.9415909778781,9.29803323454973,9.87452010992097,10.5074353450682,12.6930851587435,11.3961791904961,9.37396122478857,12.1837496234149,9.35146328007303,10.261924356949,10.239885949507
2103,31.1691684324499,33.2835305789121,27.217092504078,28.4559043057594,25.8938543728064,26.1105507136014,29.0674427844214,26.5857931889068,26.3658480332975,26.0910371202713,30.0851926031685,31.7860185309428,31.5919245328978,32.8983082609451,29.6394611762024,30.0338063327202,35.351538421591,37.5865115347481,37.3044955823814,28.0288543651372,34.2693112923645,31.6362316340753,32.1009018402498,33.6828336591198
2104,11.8783888303317,10.2753510401799,8.04952235588661,8.40608973869911,8.36641683211693,10.2209113781269,9.5216147679549,8.56712181017949,7.90479937700125,7.61849734966572,10.0355298482455,11.1673382135538,9.51471120027395,10.0600777662717,9.74669678761409,7.66444267493028,10.3097348726713,11.6134086315448,10.5145505061516,7.77524595627418,10.3900409368368,7.58386885202848,8.26383483960078,8.77088075050941
2105,10.32443369818,8.97044358859405,6.5767395035338,6.99898496780606,7.32586495784106,8.51424600801415,7.686526327502,7.0099426158884,6.27490095670711,5.81933733639796,9.28429185487947,10.4321566576457,8.59243695116833,8.15926941718844,8.76827514500908,6.79013677460054,8.89727659383531,10.3363890331753,9.11130721266098,7.32493112363868,9.63826657922228,7.23408285952405,7.24869481766421,7.60808249995195
2106,12.3802647747836,12.8577697565267,11.6119783789247,11.3189017536876,10.4092380031125,10.3107939028478,11.1462197932568,10.460744197552,8.88764673798949,9.71688734830081,11.7925656968421,11.4223304266458,11.3407496620011,12.7671016546396,10.405995798635,10.6431137703277,11.8124799571194,13.8879565878229,12.6884502630967,9.76386838430887,13.3439287877345,10.2029410194565,11.2024867665637,11.7744249092354
2107,11.5956272292923,11.4047736387986,9.66982190949576,9.03098945827275,9.78351351455018,9.83716715823163,9.78381209321075,8.81835689911476,8.64498367676368,8.51563219185714,11.0674195918408,11.0708330804175,10.2165840955881,8.83707093668508,7.74079486825964,7.99922790632143,8.86028874575437,10.8662253945738,9.13304941208808,8.08888972984565,10.2601099905077,7.8181609583425,8.18226432800293,8.95017601369501
2108,11.5095320061339,12.2370523981085,10.2642749195368,10.6612813752582,9.48975273141279,9.80114784151176,10.2772232512353,9.256448797217,8.90177376393421,9.651785617703,12.0297100980517,11.6706614337617,12.2150765898082,11.5949374857083,10.0120963401078,10.6136789344286,11.465999948027,13.9341193230499,12.5177482596026,10.5506949357583,12.9177838222522,10.0069389141781,11.004306833509,11.302058367662
2109,12.5586954285117,12.6923265457153,11.9587371770073,9.86906741647159,9.96249970267801,10.3219760445987,11.0178655456094,10.5771590401145,8.73500111523797,9.75412222918342,11.3351670713986,11.595836723552,10.9141713030198,13.0554473820855,10.622472931357,9.77121210098267,12.1417266621309,13.5828406670514,12.8991723060608,9.71138036952299,13.6141808734221,10.2249333437751,10.6781815080082,11.9308736464557
2101,12.9011919440293,12.3223746416045,9.89433696793347,9.2852346350507,9.55026029028544,10.6804469201623,10.1078014094655,8.9934491576218,8.93818143286356,8.45548429954343,11.6305270916078,11.9892801191749,10.6442975183813,10.8754005106484,10.402274141079,8.7597504173837,11.0403341921364,12.6424087850059,11.59696532924,8.78118523155771,12.0189252341666,8.56162730426323,9.08169200711134,9.63635213200639
2110,12.8252980484153,13.9857938874443,12.7619642941457,13.1252544601009,11.8692182864783,11.6787241090019,11.9821087639287,11.9102459133796,10.1280535437026,11.2470201456322,13.9386540448891,13.3874431286218,14.7376155313456,15.331846812986,12.9547864895947,13.6606130599976,14.5964633563779,16.5072123239625,15.2195495209604,12.0350883321942,15.9881708936871,12.440038339147,14.8632515061576,14.254234538888
2111,11.3653062449561,11.2163299587038,9.2120220594936,8.34856694274479,8.65318018860287,9.64931406577428,9.03618231084612,8.32176749573814,7.95712588230769,7.62375857432683,9.86743650833766,10.3733846081628,9.47215563721127,8.62153659264247,7.87045005957286,7.82001203298569,9.06953114271164,10.7040950854619,9.16895845863554,7.38910623391469,9.91241159703996,6.77921999163098,7.47981738381916,8.26381968789631
2112,29.7690788858755,31.2101381665843,26.888565680831,27.2421479432479,26.0902101613473,26.3109216597921,28.2795573064095,26.5274569216558,26.5427804131439,24.8389700898802,31.6160290598293,30.9868125155352,31.9381090016757,35.7344665435201,29.7267980598597,28.715685075032,35.5417374366723,34.9838644410101,35.7122251837726,25.6093341901107,33.6048971996215,31.5774762158233,33.1530860149918,32.0243781476781
2113,11.7659380594889,10.1773130098979,9.30084381103516,7.3641988436381,7.42984027862549,9.33018328348796,9.6129456837972,8.49003057479858,7.55359516143799,8.51227970123291,9.21078551610311,10.1978160222371,9.12843049367269,10.2164377848307,10.0626260121663,7.84644896189372,12.1258146921794,12.282896677653,10.7948240915934,7.05832811991374,9.8540036201477,7.80284703572591,9.28119236628214,10.1187638918559
2202,22.1979778252396,18.0013577760435,23.0164074991264,19.6645499790416,22.1175468407425,22.0117982228597,23.0113586051791,23.610362183814,22.9098294987398,22.2920774946026,24.7526671054317,22.8409285564049,22.01800885294,21.7428775151571,20.4537309758803,20.3905852261712,27.5273611854104,25.2849432477764,23.5950913335763,21.4319137012257,21.3969438889447,23.3688577427584,23.6005387586706,18.9575617995917
2203,13.1806175542432,11.1322368577469,13.9580772089404,11.4798436497533,14.0289460337439,13.178788717403,14.3685390339341,14.9915386244308,14.4458938864774,13.8213942993519,15.6966652759286,16.1259720159131,14.1442953597668,14.1022068733393,14.1485047007716,13.302695274353,19.4506120238193,17.1366490652395,15.2371328708737,15.0839187710784,14.2537555251011,16.5562773416209,14.9161314409833,11.4957589437795
2204,15.6125418264655,13.1173970850208,16.2794002822683,13.1410349833814,16.4726422346091,15.5410334188727,16.011826635916,16.9787114783178,16.580747544011,15.1942148570773,17.1983850213546,17.4461830235735,15.4919188414948,15.2846859799156,15.3502589479277,14.283373736128,20.317668697502,18.1144818293897,16.3080097995227,15.7529544347449,15.7515371298488,17.9303609389293,16.7672804699668,12.7066880600362
2205,17.4823840085198,15.9146857292824,20.381681111903,16.472073717055,18.5440093333425,18.2981358945759,21.0745224672205,20.4349571427489,20.0543139650931,19.5511765760534,24.2792364444608,23.969505553152,21.5840459462085,22.0398413527246,21.2368817485236,21.249799292072,29.2725729474834,26.3334519255395,23.1756562999651,24.1487023659002,20.4506581749012,26.0254496094448,20.4138429492128,17.3042161542606
2206,22.0010533934054,19.4160733865655,20.0485755941142,18.1603761071744,20.7084713293158,21.7935740263566,20.9337131209995,22.1200331957444,22.227538496515,20.2483316794686,20.6671479784924,20.0879269724307,18.5854488704516,17.564046038752,17.6515748625216,16.7977499837461,23.5983421906181,21.6232362436212,19.778682706667,18.6801203831382,19.8558158812316,21.0451749884564,21.201992063937,16.1619814769081
2201,18.1561867883129,17.8424804825937,18.5779501545814,17.6820074281385,17.8161954264487,18.8075946761716,20.3370756180056,20.3162296510512,19.6777585552585,19.0435330329403,21.9305578201048,22.5537030466141,19.4212339385863,20.8187000751495,19.9359531864043,19.3748094035733,30.0540503840293,24.8724871450855,21.01976308515,22.3860840028332,20.3913244432019,25.8353032911977,22.8293406117347,16.7301550065317
2207,14.786103112357,12.4972932270595,16.900220816476,13.381570325579,15.6817028454372,14.8175186565944,16.7577949387687,16.8623335020883,16.5145300320217,15.5831152234759,18.005219745636,16.6084296362741,16.4454588890076,15.7435347012111,15.3750138146537,14.9985428537641,20.2968242645264,18.5827030318124,17.3308066095625,17.3263060978481,15.454782976423,17.5752885409764,15.4112805911473,13.1302746500288
2208,18.2625368791468,19.0881125955021,18.9341337764964,19.135020940444,18.6933602613561,19.6192088183235,20.0546827204087,20.8702984753777,20.4515766368193,19.9385407391716,20.1702821955961,20.8819632361917,18.2113560620476,19.6073042589075,18.5014982896693,17.6161166920381,28.8869637657614,23.2216066248277,19.300568782582,20.866548762602,20.6754626778995,24.7222956040326,22.8510938307818,16.3521315855138
2209,17.4329280049613,15.8066259930643,21.5193542684062,17.1224609546447,18.4307491056035,17.5884180122547,21.4641654357482,20.9479876314656,20.4276165051407,19.50716497657,26.4580410625158,24.572627506899,22.9489676175493,22.3886147991995,21.6445345021366,22.5099459337385,29.1673000528571,26.3171283529046,25.1754792084855,25.7884972390164,20.8162363191669,25.3387674053064,20.1994468281778,18.3044563197018
2210,27.243258126417,24.3753706486381,25.2583793994769,24.3045103849478,23.3535501393841,28.5123840312862,26.1186435402338,28.1306904644223,29.0565904109322,27.5713879522966,28.1938974869311,24.4570538266819,24.7419342491495,23.0978637244833,21.6910434847501,21.6047059926555,30.8553119448561,28.0713473564416,25.2118170800521,23.5646444684896,25.6217743859219,24.686917338539,26.1044307785418,21.8919943660947
2302,5.72232596184078,4.10148357717614,2.84226237943298,3.28577858052756,3.52510091976116,4.02002740847437,3.45199659937306,3.76078926575811,3.07329264753743,2.62590589962508,6.36621361029776,7.76447681376809,6.01031840474982,4.4490252639118,6.52423373021578,4.67736583634427,6.16015177965164,6.84989629293743,6.1363069760172,5.7343363259968,6.22654365865808,5.33583787554189,4.48073474670711,5.3495584412625
2303,2.60866247998043,2.04613154720176,1.46104716340249,1.90037909759717,1.65523052418774,2.24704265459017,2.19769413735379,2.45548684962771,1.96233123507012,1.58857249299234,3.93702347712083,4.91186107051643,4.72031246261163,3.07551532340321,5.14321432465857,3.28386524556713,4.16021414609118,4.7275406528603,5.28660821000283,4.17885147610849,3.44414401122115,3.26304658197544,2.73058151555332,3.60083464397625
2301,2.60261091095097,2.07675218750846,1.48241550579386,1.79384280083314,1.53952901543311,2.17485844549143,1.8569528495928,2.34160174626224,1.85667105193408,1.46495183374522,3.21696910790677,4.26093175265024,3.72436900779886,2.84292780352089,4.34299374695094,2.74018244698363,3.91209677671486,4.21966227416722,4.54321659679683,3.48129808250463,3.16878323583108,3.14075067234489,2.56181363637717,2.96768850751643
2304,5.59165895999746,4.20313931779659,2.62572749751679,3.16088809231494,2.9439642492761,3.99368844133742,3.00084157700234,3.78426805455634,2.97897585275325,2.2865523594491,5.063327129851,5.77342992640556,4.73030807616863,3.78106866745239,5.1291836880623,3.70803328016971,4.83722346640648,5.58957922965922,4.92831896213775,4.48815984675225,4.96607927819516,4.50855606921176,3.46951457794676,3.88671520415773
2402,5.60170761398647,6.20921462515126,1.75394843194796,1.47611074516739,1.86466096104055,3.28269804215086,2.23242017583571,5.15411983365598,4.18987631797791,3.19094273663949,2.07867931542189,4.49229867389237,2.61924846794294,3.20271741480067,4.43493619172469,6.77221187646838,15.3633306199226,1.88472588857015,6.86228510953378,2.4651633846587,4.82388237421063,2.62016029116036,12.2730480484341,4.42908369631007
2401,7.96695560833503,9.53072807706635,3.13826196563655,2.93025507803621,3.06608056611028,5.45629140837439,4.50133174657822,8.21039616650548,6.37973506697293,4.90390442979747,4.19651752504809,7.48201341875668,5.24599737134473,6.46370930918332,8.86725304866659,9.63132376506411,22.6142937725988,3.73147103293189,10.7207989446048,4.79435371941534,7.6425925657667,4.80704208283589,21.3567968236989,7.25072356750225
2403,9.95075664917628,12.7890472610792,4.77462633947531,4.69123031695684,4.41463880737623,7.60012528300285,6.34980841477712,11.5472888946533,8.4176532526811,7.21771362423897,6.43433221181234,10.2042872111003,8.2171094417572,9.93191881974538,12.8414419293404,12.2690422733625,27.3518276611964,6.32434007525444,13.9896323283513,8.23091636101405,9.81500214338303,7.11163294315338,28.9566024144491,11.2164986729622
2502,29.757819760035,30.5690068002731,28.4746322177705,28.748148040166,23.1591522020007,29.2119747146728,29.5401766459147,27.1291950846475,31.3414686672271,25.0245759797475,35.4918583930485,31.7510449666826,29.4969395153106,32.741369852944,27.4589296098739,28.2595725301712,34.5771317027864,30.1139809108916,31.7836567697071,27.9721466125004,32.063408645751,28.4340877033415,27.438717999534,27.1604251074413
2501,26.066717855342,25.5883852088606,26.4259514638356,27.7181562711666,22.9437821437786,25.0979407220692,25.7066608775746,26.676819213025,27.2894069916242,21.9045796038268,32.2131340673992,26.3058220504166,26.4703003988638,29.9320122251263,23.0103154693331,26.9404683113098,36.4539048424015,29.7266278328834,31.4107562845404,29.3503643893576,25.4720283235822,26.9689288216752,22.595197522795,21.9831612156583
2503,45.4345015346414,43.3632159909793,44.539084997901,46.9681693287966,37.4232552720375,47.1567100613031,46.8884402611862,45.3814686690227,49.1409916326945,41.9483092342666,56.4218307973528,45.4671442264771,47.1146404782538,46.6846977712298,39.5039642195497,42.6940894300001,65.3684706735139,50.0534684524284,53.6143770060524,46.7174387890907,40.2147321732524,42.2141589929562,39.4324339561337,37.85687799737
2504,29.1254822679814,28.8992552021206,27.0601525594724,27.6792409244,24.9337648897363,29.1952780525156,29.2424938310713,25.1302400563387,28.0038991678481,23.6151393435945,30.3487362477603,30.099426419943,27.6814856113203,33.1213157192973,28.1256900185707,29.0456131480684,29.5452310478927,28.8448160606743,31.3397967543378,26.3521287937292,32.1606318390609,29.483300999507,26.9728826228404,24.9447543349042
